source,group_id,group_name,metric,mixed_effects,repo_RE,repo_RE_slope_intervention,lang_RE,lang_FE,controls,skip_transition,robust_cov,apply_log1p_y,trim_outliers_1pct,n_obs,n_projects,coef_time,se_time,p_time,stars_time,coef_level_gamma,se_level_gamma,p_level_gamma,stars_level_gamma,coef_slope_delta,se_slope_delta,p_slope_delta,stars_slope_delta,coef_log_total_commits,se_log_total_commits,p_log_total_commits,stars_log_total_commits,coef_age_at_travis_months,se_age_at_travis_months,p_age_at_travis_months,stars_age_at_travis_months,coef_log_num_authors,se_log_num_authors,p_log_num_authors,stars_log_num_authors,wald_time,wald_intervention,wald_time_after,r2_marginal,r2_conditional,vif_max,vif_terms,direction_by_delta
STRA,0,JGAI,code_churn_size,True,True,True,True,False,True,True,HC1,False,True,2661,24,-1.3041224226482624,0.26904634753326384,1.2521391048085645e-06,***,14.56558759594366,48.22805676978632,0.7626407700017976,,1.4101472545484801,1.225296364060948,0.24978893573112315,,86.13668650359256,31.46283173095147,0.006186515352649033,**,0.7958015553773634,1.0319214220583492,0.440597724085372,,-58.95913368265887,37.74871344484766,0.11831518023151814,,23.495382679252632,0.09121294788841992,1.3244837758749461,0.040420191346712854,0.29546588321410167,69.24192646608732,time_centered:2.596;intervention:4.351;time_after_ortho:1.757;log_total_commits:69.242;age_at_travis_months:19.569;log_num_authors:47.853,ns
STRA,0,JGAI,commit_frequency,True,True,True,True,False,True,True,HC1,False,True,2661,24,-0.0875933649798002,0.012717074054552571,5.6639807880700946e-12,***,4.575706433925905,2.871571129192815,0.11105916587213452,,0.07645564316577096,0.05795727258435687,0.1871114324187363,,16.335887444459146,2.766035987088958,3.507609095864112e-09,***,0.09520601837117904,0.09416852591439631,0.3120081011983584,,-1.7557195986322145,3.20520494035229,0.5838488785999778,,47.442549607534104,2.5390844763377265,1.74021622120842,0.4059293240791,0.558345827355291,68.76538985214127,time_centered:2.582;intervention:4.327;time_after_ortho:1.749;log_total_commits:68.765;age_at_travis_months:19.743;log_num_authors:47.721,ns
STRA,0,JGAI,commit_merge_ratio,True,True,True,True,False,True,True,HC1,False,True,2662,24,0.00025437864447375625,8.929676823847705e-05,0.004389988894337298,**,0.025291236730788525,0.02667738334519724,0.34310889614842466,,-0.00015964725949848806,0.00041349738890313894,0.699429921375128,,-0.04935674834532301,0.01825659755719338,0.006861303127946301,**,-0.00030628893754990836,0.0006764581096883505,0.6507047875785776,,0.07129633148924787,0.024043458016612014,0.003023770394883585,**,8.115024109564358,0.8987805682799545,0.1490655863586745,0.09617989096664073,0.34030141681240766,69.49752344206857,time_centered:2.591;intervention:4.337;time_after_ortho:1.755;log_total_commits:69.498;age_at_travis_months:19.716;log_num_authors:47.887,ns
STRA,0,JGAI,issues_close_count,True,True,True,True,False,True,True,HC1,False,True,1219,24,0.003929200516353406,0.004513795243365282,0.38403426770881666,,-1.017984392593648,0.4352758580279139,0.01935040078636914,*,0.04453052785865456,0.013039589672008484,0.00063776101330379,***,1.3497199748043327,0.4391613497995454,0.0021163221007968894,**,-0.005563357245857641,0.015076793093125178,0.7121267066153847,,0.07526333198200273,0.5081427378265532,0.8822523683599337,,0.7577477854664609,5.469568662140091,11.662397394814283,0.11714138753464733,0.29793635756453063,67.45537977480829,time_centered:2.28;intervention:4.253;time_after_ortho:1.662;log_total_commits:67.455;age_at_travis_months:15.006;log_num_authors:45.452,up
STRA,0,JGAI,issues_open_count,True,True,True,True,False,True,True,HC1,False,True,1773,24,0.0011426842050350798,0.003351443531141132,0.7331390815498242,,-0.5038839381927097,0.4714611364515787,0.28517291957042445,,-0.004398987504759159,0.009951412335904774,0.658455520218084,,2.6234530277724604,1.0488126476574713,0.01237190042628074,*,0.010934894477983194,0.03458718691093867,0.7518852482123815,,0.46765348244530397,1.093895388095221,0.6690063952103008,,0.11624884215461134,1.1422712143454268,0.195405153614675,0.2825870677805449,0.6861361711870431,67.10563681490343,time_centered:2.38;intervention:4.462;time_after_ortho:1.639;log_total_commits:67.106;age_at_travis_months:16.329;log_num_authors:46.046,ns
STRA,0,JGAI,modified_files,True,True,True,True,False,True,True,HC1,False,True,2634,24,-0.01629362342049895,0.004858861842433485,0.0007983023270569143,***,0.7780961075578304,0.7532501193903769,0.3016108978797737,,0.02323476983959322,0.022109087701619443,0.2932976733605216,,2.6392285930346766,1.4003701120898888,0.05947507518902027,,0.0026739122333144243,0.04793001998305355,0.9555108230080778,,-0.38089425628693524,1.6529763214091304,0.8177581581224316,,11.245175776136533,1.0670581006788509,1.1044221411645496,0.07791109473919594,0.45988239093259464,68.97002319360595,time_centered:2.592;intervention:4.356;time_after_ortho:1.759;log_total_commits:68.97;age_at_travis_months:19.62;log_num_authors:47.482,ns
STRA,0,JGAI,pr_latency,True,True,True,True,False,True,True,HC1,False,True,1633,24,5.276936052633327,1.8908121032481056,0.00525729988555287,**,-447.37456913986995,225.7529491942192,0.04751285216449167,*,-4.46599720707762,5.068974396352469,0.37829318015017266,,-371.1595940083808,114.2365147464409,0.0011579309823303502,**,-5.457200172657727,4.043912048739259,0.17718111435807082,,255.60502465861708,146.18074461621134,0.08036802652776229,,7.788734776762917,3.9271340072958747,0.7762412167163982,0.042282804873681336,0.2008100546728015,103.31678554978642,time_centered:2.541;intervention:4.709;time_after_ortho:1.464;log_total_commits:103.317;age_at_travis_months:22.094;log_num_authors:71.262,ns
STRA,0,JGAI,pr_merge_ratio,True,True,True,True,False,True,True,HC1,False,True,1667,24,0.0013127992823409157,0.0003068221157904407,1.8798941931696956e-05,***,-0.06415831083692539,0.05298199090742769,0.22591623955532358,,-0.0028825225006518062,0.0008633540511256633,0.0008415655958866692,***,0.0011423548511843272,0.05296639734674905,0.9827929274696428,,-0.0010525061421580132,0.0017270303927203847,0.5422386867269906,,-0.04350936830503571,0.0627537263708324,0.488099208990479,,18.307259619515072,1.4663893407062865,11.14724508462542,0.03176381900407759,0.37947460273609235,102.67469820015222,time_centered:2.548;intervention:4.713;time_after_ortho:1.473;log_total_commits:102.675;age_at_travis_months:21.993;log_num_authors:71.351,down
STRA,0,JGAI,prs_close_count,True,True,True,True,False,True,True,HC1,False,True,1650,24,0.026909951338944783,0.014415757988559244,0.06194295192523346,,-0.8124668877859076,2.2619965241411863,0.7194594531640095,,0.028805999880033916,0.04029103312832078,0.4746410784372084,,10.64357866530332,3.4106245505246,0.0018041407788753777,**,0.1263525960781109,0.11562147438768508,0.27447611854061005,,-0.8872096675607898,4.044508327344907,0.8263684092586395,,3.484583367464755,0.12901121759118955,0.5111508672443659,0.3403074977995368,0.6540524278161022,101.42345144488507,time_centered:2.542;intervention:4.69;time_after_ortho:1.472;log_total_commits:101.423;age_at_travis_months:21.672;log_num_authors:70.518,ns
STRA,0,JGAI,prs_open_count,True,True,True,True,False,True,True,HC1,False,True,1867,24,0.01608513238429191,0.012077900173514523,0.18293177092734203,,-0.16845601612009167,2.0885364057439246,0.9357143782459184,,0.020454384958950408,0.03345821010843894,0.5409736686561675,,10.73365010522743,3.360698359899628,0.0014037693937659329,**,0.12797797308936076,0.11413203802232724,0.26215377721689404,,-1.0581524450851216,3.9617883554644533,0.7894001791071967,,1.773643810556421,0.006505623885254541,0.3737381593438192,0.36040519784773584,0.6983829301993689,98.38659131669033,time_centered:2.559;intervention:4.722;time_after_ortho:1.479;log_total_commits:98.387;age_at_travis_months:21.269;log_num_authors:69.462,ns
STRA,0,JGAI,releases_count,True,True,True,True,False,True,True,HC1,False,True,628,24,0.0010727053777040546,0.0017885249620979958,0.5486588730405773,,0.0854640134294001,0.17797176075770874,0.631077301088812,,0.009145382826258796,0.004298639063498977,0.033378016462078615,*,0.19387991365067395,0.10085618613443047,0.054562949059269915,,0.0017272405845965156,0.003247741618786114,0.5948449883830038,,-0.014877837537780365,0.1155677333477095,0.8975657966080729,,0.3597252341054519,0.23060269207455822,4.526284182236661,0.06735873926443178,0.20639940767773043,108.93808879882211,time_centered:2.597;intervention:5.679;time_after_ortho:1.225;log_total_commits:108.938;age_at_travis_months:22.026;log_num_authors:71.395,up
STRA,1,PGAI,code_churn_size,True,True,True,True,False,True,True,HC1,False,True,674,7,2.0543362407725088,1.8906605122901186,0.27722659747357203,,-444.14022063545275,252.9593371071286,0.07912646972409058,,4.148599105937514,5.840558832598306,0.4775127944843798,,59.44627121921403,612.8162471431685,0.9227223833664014,,-5.468398623932414,20.85187572150139,0.7931289212967649,,-105.79593508034606,636.840245449971,0.8680575308612304,,1.1806357992848988,3.0827533541467056,0.504538292235472,0.010417209462016304,0.39249364547165133,84.35245589933724,time_centered:3.104;intervention:5.338;time_after_ortho:1.67;log_total_commits:84.352;age_at_travis_months:18.552;log_num_authors:71.798,ns
STRA,1,PGAI,commit_frequency,True,True,True,True,False,True,True,HC1,False,True,680,7,-0.08322462755883313,0.024233336973398707,0.0005940792054337418,***,0.15898249998159786,5.8332832141349265,0.978256845201309,,0.05961629408215646,0.07631791920304466,0.43471002760324284,,1.6325811376822381,2.1917558603707126,0.4563481196302812,,-0.2828921361408664,0.0691912308619293,4.340690901592613e-05,***,-3.6056526758204606,2.0449028978159727,0.07786017749015964,,11.794438708867117,0.000742801066740148,0.6102066122113257,0.09129578053438948,0.3354872320556448,84.11660887636317,time_centered:3.005;intervention:5.233;time_after_ortho:1.651;log_total_commits:84.117;age_at_travis_months:18.617;log_num_authors:71.466,ns
STRA,1,PGAI,commit_merge_ratio,True,True,True,True,False,True,True,HC1,False,True,685,7,-0.00022184480270317727,0.00015502921799842467,0.1524339277770759,,-0.0027530611323002647,0.04153241112126501,0.9471492908572235,,-0.0003518416129255506,0.0004900853993029615,0.4728072405667836,,-0.03784651454994536,0.0455102997993344,0.40563291055139106,,-0.002667577904466446,0.001453661029201952,0.06649448673351281,,-0.049258640655885075,0.05459270925505615,0.3669010364124756,,2.0477239257445135,0.0043939733797427796,0.5154076704726379,0.07015723325203617,0.4677996385184927,84.88005531777183,time_centered:3.015;intervention:5.227;time_after_ortho:1.657;log_total_commits:84.88;age_at_travis_months:18.485;log_num_authors:71.95,ns
STRA,1,PGAI,issues_close_count,True,True,True,True,False,True,True,HC1,False,True,287,7,0.0035173453149481434,0.06075942345271403,0.9538364807681365,,-9.994758659629863,13.583718175000124,0.4618587469882056,,-0.18203765817915932,0.12754613716630894,0.15351364418075697,,2.7126392481916235,9.092973807662272,0.7654569853714938,,-0.0870303830355605,0.24837920761895144,0.7260436360074867,,-3.677739642203953,8.141281535971725,0.6514565532136425,,0.0033512183552502897,0.5413863459910572,2.036985133426926,0.019100975900352906,0.7452518979567817,197.5675022037786,time_centered:3.022;intervention:7.755;time_after_ortho:1.387;log_total_commits:197.568;age_at_travis_months:19.205;log_num_authors:128.225,ns
STRA,1,PGAI,issues_open_count,True,True,True,True,False,True,True,HC1,False,True,371,7,-0.12227295112283326,0.08576792383139091,0.15397643171869696,,-16.777637411376393,43.977594173886786,0.7028291463876987,,-0.1335940290910587,0.18711624074043154,0.4752502027109856,,2.453197414928965,27.95078632197872,0.930060707871436,,-0.13514726506185834,0.9667978775608329,0.8888270670941186,,10.46971632905812,43.54817437555001,0.8100070914867772,,2.0324084594161067,0.1455454637808878,0.5097428334359653,0.017062267108702137,0.9092633983921504,146.59458873228147,time_centered:2.917;intervention:6.761;time_after_ortho:1.369;log_total_commits:146.595;age_at_travis_months:16.742;log_num_authors:106.761,ns
STRA,1,PGAI,modified_files,True,True,True,True,False,True,True,HC1,False,True,678,7,0.04998080134098263,0.013066691244466296,0.00013074335538571145,***,-5.3233630406974575,1.975108122868577,0.007034087394987621,**,0.05130145872263531,0.05659303665362759,0.36467247086959254,,-0.26467684808926295,39.22934652192774,0.994616785971864,,-0.05525464212230579,1.344606191537015,0.9672213164028333,,4.072813751570396,66.94215407509556,0.9514860022133111,,14.63103911552213,7.264243941961379,0.8217381172700609,0.0403332228903311,0.7317063535600011,84.43270044281132,time_centered:3.027;intervention:5.244;time_after_ortho:1.671;log_total_commits:84.433;age_at_travis_months:18.581;log_num_authors:72.104,ns
STRA,1,PGAI,pr_latency,True,True,True,True,False,True,True,HC1,False,True,403,7,1.2962288561156305,5.081243713143953,0.798645319267028,,370.8156866195939,391.10828724758704,0.3430708440046083,,-7.2030143083023495,13.141798770973077,0.5836235330688326,,690.4333371201628,,,,18.22382539222051,15.474877231769648,0.23894038888491376,,-457.47324173980417,,,,0.06507636995414529,0.8989223094886869,0.3004131430471986,0.031412895042601745,0.06223765925823163,81.1052698170033,time_centered:3.042;intervention:5.943;time_after_ortho:1.397;log_total_commits:81.105;age_at_travis_months:18.705;log_num_authors:75.841,ns
STRA,1,PGAI,pr_merge_ratio,True,True,True,True,False,True,True,HC1,False,True,413,7,0.0036542010986262675,0.0007231341538621773,4.342810195497113e-07,***,-0.08863010926517556,0.09373519220815897,0.3443846988043444,,-0.00023504946160602611,0.0016655516694076954,0.8877719140237932,,-0.05982349858352293,0.06567312081514938,0.3623331992217169,,0.0004932292717489899,0.0020729495143756937,0.8119307496556987,,0.006151947059230669,0.042086277819385384,0.8837835145356413,,25.53566309906319,0.8940405579133016,0.019916008424640714,0.09722870301860052,0.36241546611020226,81.22776160955756,time_centered:3.074;intervention:6.091;time_after_ortho:1.402;log_total_commits:81.228;age_at_travis_months:18.944;log_num_authors:75.113,ns
STRA,1,PGAI,prs_close_count,True,True,True,True,False,True,True,HC1,False,True,408,7,-0.010481788405159651,0.010690915502033908,0.32686956339791406,,-0.048093283571352834,1.7409643359979627,0.9779616344072866,,0.07890196826771141,0.024747745882791012,0.0014313737488622115,**,-1.117873847410515,1.0233255617515908,0.2746603267587908,,-0.08721620424399112,0.03849464541667365,0.02347153046428892,*,0.9735235034374623,1.512041779139477,0.5196746785318547,,0.9612602477800971,0.0007631134531544419,10.164929677452877,0.12150874702873724,0.33685528320001457,80.81119584198956,time_centered:3.051;intervention:5.98;time_after_ortho:1.379;log_total_commits:80.811;age_at_travis_months:18.935;log_num_authors:74.581,up
STRA,1,PGAI,prs_open_count,True,True,True,True,False,True,True,HC1,False,True,430,7,-0.0025941306879299713,0.009464013502404537,0.7840041534278387,,-0.8376977002543959,1.5873341196746238,0.5976806845248916,,0.09097424240714126,0.022046441915094084,3.683550619468975e-05,***,-0.9950458901291068,0.8760817688356664,0.25604399594812033,,-0.06245900432802141,0.031191403118457917,0.04523711634584799,*,0.8178660959618961,1.3466924284733315,0.5436420906920689,,0.07513339270553848,0.27850817236286146,17.027852453672523,0.10018425924499347,0.3423632262536496,83.31727726005514,time_centered:2.775;intervention:5.507;time_after_ortho:1.372;log_total_commits:83.317;age_at_travis_months:19.328;log_num_authors:77.787,up
STRA,1,PGAI,releases_count,True,True,True,True,False,True,True,HC1,False,True,289,7,-0.00797677901591896,0.007216108665601718,0.26898075206028227,,0.3716227332587583,0.6853013558239746,0.5876281298792344,,0.016475378548279657,0.0160754154637574,0.30541961451332955,,2.1346647942028874,1.3038143708696015,0.10157909010789135,,0.057229724330970545,0.051562439274275916,0.26703733150960296,,-2.2573677744297163,1.7491195821033532,0.19685153193132332,,1.221937498468906,0.29406366409769596,1.0503798748032995,0.1986869086687877,0.517142104622394,113.44862481569575,time_centered:4.085;intervention:7.967;time_after_ortho:1.44;log_total_commits:113.449;age_at_travis_months:16.591;log_num_authors:81.775,ns
STRA,2,JTAI,code_churn_size,True,True,True,True,False,True,True,HC1,False,True,5336,47,-0.30131931202149836,0.2671854179039563,0.2594240018727917,,-96.08065155539664,40.666534638934266,0.018144961186153132,*,-1.7608531012230642,0.570363567188019,0.0020201978926035254,**,13.163490822883453,16.212366330669344,0.4168252783313514,,-2.289736054256592,0.7414969344878901,0.002015143962782176,**,16.3336947776233,20.997698730605833,0.4366396225787249,,1.2718281410565977,5.582099160640737,9.531092842922698,0.018602763847941454,0.042037762171765754,35.525911132413306,time_centered:1.979;intervention:5.399;time_after_ortho:1.114;log_total_commits:35.526;age_at_travis_months:3.913;log_num_authors:32.793,down
STRA,2,JTAI,commit_frequency,True,True,True,True,False,True,True,HC1,False,True,5391,47,-0.1750337300544937,0.015641121983737176,4.532931555450052e-29,***,-0.07656148714436346,7.231064782227534,0.991552269401181,,-0.14173126537531722,0.03377286892820146,2.7095031100394423e-05,***,16.762530776452536,2.2152544348492005,3.82339496062162e-14,***,-0.06697137126074285,0.0926266178503927,0.4696644528334276,,0.1494365744766904,2.431857312441889,0.9510011795897311,,125.22980078346734,0.00011210273714921797,17.611462403191066,0.13139773140239375,0.7292805571988396,34.928269301504784,time_centered:1.965;intervention:5.464;time_after_ortho:1.115;log_total_commits:34.928;age_at_travis_months:3.896;log_num_authors:32.163,down
STRA,2,JTAI,commit_merge_ratio,True,True,True,True,False,True,True,HC1,False,True,5393,47,0.000583465147137913,5.913919213273061e-05,5.847000719363948e-23,***,0.03567245908812936,0.021137818356838936,0.09148552357875535,,-0.00044844559197080365,0.00012790480839238661,0.00045474380190582426,***,-0.0030845195490776037,0.012534566155905601,0.8056194705174202,,-0.00017740150756085206,0.0005523943103968865,0.7480966183414502,,0.0041055712557972225,0.01577451889240066,0.7946585814093472,,97.33724784049402,2.848037963109442,12.292657346765063,0.07665612044794413,0.42587592899362414,35.334327741862715,time_centered:1.987;intervention:5.399;time_after_ortho:1.114;log_total_commits:35.334;age_at_travis_months:3.912;log_num_authors:32.655,down
STRA,2,JTAI,issues_close_count,True,True,True,True,False,True,True,HC1,False,True,2778,47,-0.003130011083409319,0.003954888247278626,0.42869401236605953,,0.5392257482719078,0.6449961517034887,0.4031470833747305,,0.010190708349544537,0.012643949087778708,0.42025719655015825,,0.09127938283253156,0.3974585214797211,0.8183578197512115,,0.0151416598689687,0.016664986856463254,0.3635659704270484,,1.4809950542443102,0.45730879445978845,0.0012015953887472932,**,0.6263589946481651,0.6989192409965349,0.6495958897560695,0.08694464447328094,0.2172133988169342,54.288527232983704,time_centered:1.527;intervention:7.204;time_after_ortho:1.213;log_total_commits:54.289;age_at_travis_months:4.896;log_num_authors:51.062,ns
STRA,2,JTAI,issues_open_count,True,True,True,True,False,True,True,HC1,False,True,3668,47,0.0016989894039010384,0.003982808449820022,0.669684723314963,,1.3514334183517782,1.1198564704242124,0.22751239922380317,,0.005671384962763813,0.01308698862083613,0.6647528348130447,,0.024293214539089197,0.6290569693423683,0.9691945803509582,,0.013657996444166933,0.02681606513921494,0.6105269443624434,,2.3284754723702905,0.7773915067473443,0.0027422743350379295,**,0.18197113375796906,1.4563460447954308,0.18780139121079995,0.1197080316673578,0.45572786879230015,50.38463452222925,time_centered:1.481;intervention:6.653;time_after_ortho:1.23;log_total_commits:50.385;age_at_travis_months:4.902;log_num_authors:46.251,ns
STRA,2,JTAI,modified_files,True,True,True,True,False,True,True,HC1,False,True,5337,47,-0.007421614806833785,0.0027282665646185004,0.006522912920904714,**,-1.8722322016388009,0.6457811248940881,0.00374146541650912,**,-0.015129720718155068,0.005868540589518156,0.009934346883467844,**,-0.06905136131451324,0.46425638592950114,0.881762423266064,,-0.025491598689076547,0.021007588899574513,0.2249589122613712,,1.0555775662435796,0.5766512224545215,0.06717067217644014,,7.399855151440312,8.405213066658215,6.646631437342901,0.04059872005359242,0.47091851082368785,35.36742982638388,time_centered:1.983;intervention:5.398;time_after_ortho:1.114;log_total_commits:35.367;age_at_travis_months:3.914;log_num_authors:32.695,down
STRA,2,JTAI,pr_latency,True,True,True,True,False,True,True,HC1,False,True,3725,47,4.864467266656353,1.1242727763651528,1.5131331291401782e-05,***,-61.24504945973338,188.1732720940091,0.7448241995554552,,-3.3628214108542847,3.5814689881186244,0.3477562578396818,,-152.04245081974497,90.34355709759848,0.09238742539207426,,9.038752475241694,3.8799662990466484,0.019827534157176377,*,96.52870771962054,108.88547951321235,0.3753395957314898,,18.720919744923766,0.10593173996991057,0.8816276816105127,0.0382230221014442,0.13208657819147196,40.822373612714806,time_centered:1.414;intervention:7.836;time_after_ortho:1.148;log_total_commits:40.822;age_at_travis_months:3.911;log_num_authors:34.704,ns
STRA,2,JTAI,pr_merge_ratio,True,True,True,True,False,True,True,HC1,False,True,3803,47,-7.786528364348469e-05,0.00023119230060906877,0.7362685965615561,,0.006667723319977519,0.03871005374415393,0.8632426854205562,,0.003125707839013839,0.0007845622451850158,6.77605615026561e-05,***,0.02625758201451206,0.027101711376458483,0.33261839769028734,,-0.002204897988019069,0.0012696492950459385,0.08245431851253059,,-0.06445642338006789,0.03212924594574056,0.04483912911906222,*,0.11343341486748562,0.029669319953298783,15.872376391236363,0.0659450866362274,0.474331658047273,40.95707502260872,time_centered:1.423;intervention:7.701;time_after_ortho:1.151;log_total_commits:40.957;age_at_travis_months:3.919;log_num_authors:34.944,up
STRA,2,JTAI,prs_close_count,True,True,True,True,False,True,True,HC1,False,True,3764,47,0.012016160224931136,0.010286401636589212,0.2427423381540833,,3.7412577740529294,2.7800763056208146,0.1783866267469686,,0.03531395975502198,0.034563326369175085,0.3069145664352525,,4.1902653298806225,1.1694097313165672,0.00033937009200160373,***,-0.07851966114838288,0.05002697597185299,0.11652067149525279,,-0.43287277651668127,1.5011476724870383,0.7730702482942527,,1.3645971698888786,1.8110141014801509,1.0439069067141826,0.1412546594895251,0.47484806313183603,40.51522447847659,time_centered:1.427;intervention:7.626;time_after_ortho:1.144;log_total_commits:40.515;age_at_travis_months:3.936;log_num_authors:34.708,ns
STRA,2,JTAI,prs_open_count,True,True,True,True,False,True,True,HC1,False,True,4054,47,0.011243088780687138,0.009156617365543811,0.2194976993946215,,3.658835992685199,2.73370963589332,0.1807614289712297,,0.03962111664785067,0.03083126085560724,0.1987588905259834,,4.1091239258022485,1.1217189884219698,0.000249046676229166,***,-0.0821359842756925,0.04849147547997873,0.09029889159656392,,-0.4846999718101377,1.4815495556344478,0.7435488030043391,,1.507652136165161,1.791352763984508,1.6514706160970687,0.14952234882760146,0.4976596899673474,40.53150868352738,time_centered:1.442;intervention:7.449;time_after_ortho:1.14;log_total_commits:40.532;age_at_travis_months:3.948;log_num_authors:34.905,ns
STRA,2,JTAI,releases_count,True,True,True,True,False,True,True,HC1,False,True,1336,47,-0.0028579024965146543,0.0013422092178186676,0.033233365313718115,*,0.2361783865636313,0.15132175502209005,0.11857813587640678,,0.004935617640898718,0.004901544515330891,0.31395807781143437,,0.07396966691022686,0.1002009101270516,0.46038470631317163,,0.0037005686158884015,0.006160300253936741,0.548031573112312,,-0.03743058545027109,0.1105405424576745,0.7349004650097545,,4.53371672893378,2.4360015690762093,1.0139513393226065,0.009571494248053584,0.2758565540286343,37.0537229691053,time_centered:1.348;intervention:10.843;time_after_ortho:1.41;log_total_commits:37.054;age_at_travis_months:5.166;log_num_authors:28.177,ns
STRA,3,PTAI,code_churn_size,True,True,True,True,False,True,True,HC1,False,True,2100,24,0.40936917135261086,0.1942078179141966,0.03504030313979621,*,-41.168511926678434,28.010717832417967,0.14163180276457285,,1.643912051944884,0.4925432837268,0.0008450556134028942,***,42.8319937627383,18.91513611376064,0.02354770625193475,*,0.7542065753785272,1.0731827247490446,0.4821956390942288,,-11.62330586322419,28.11928104196933,0.6793449643460505,,4.443210108416255,2.1601398127460936,11.139568178781355,0.03207157702730673,0.1817281964626136,50.91886314309362,time_centered:2.024;intervention:6.659;time_after_ortho:1.037;log_total_commits:50.919;age_at_travis_months:6.648;log_num_authors:40.643,up
STRA,3,PTAI,commit_frequency,True,True,True,True,False,True,True,HC1,False,True,2100,24,-0.08045158204318276,0.016852470119360922,1.8071477218000101e-06,***,2.054642234194888,2.7025264829523303,0.44709488543194587,,-0.3171826991447616,0.04293318309999319,1.4925376518721542e-13,***,8.77015132180037,0.928643688039339,3.5866526217063314e-21,***,0.052083540478111076,0.05200617727040338,0.3165911430121259,,0.4641968112903175,1.24674524211252,0.7096494606603387,,22.789880392266628,0.5780062109368902,54.5799085722519,0.17772528786651698,0.2979117498223689,50.62495229935162,time_centered:2.045;intervention:6.697;time_after_ortho:1.037;log_total_commits:50.625;age_at_travis_months:6.599;log_num_authors:40.553,down
STRA,3,PTAI,commit_merge_ratio,True,True,True,True,False,True,True,HC1,False,True,2122,24,-6.428455768727193e-05,0.00013694956322941545,0.6387814903569404,,0.023250724022558907,0.020561708321676007,0.2581486112655541,,-0.00223113569698814,0.0003529220380326639,2.583766868911927e-10,***,-0.0831710778608551,0.01648832957546797,4.553294807926112e-07,***,0.0019667824555315715,0.0009606730853196196,0.04062900072483395,*,0.04109077646197777,0.02239395784925989,0.0665198247155716,,0.22033932625304967,1.2786585124212464,39.96634311245896,0.14170900034015516,0.2429399329281327,50.77765894379133,time_centered:2.04;intervention:6.648;time_after_ortho:1.036;log_total_commits:50.778;age_at_travis_months:6.665;log_num_authors:40.541,down
STRA,3,PTAI,issues_close_count,True,True,True,True,False,True,True,HC1,False,True,1085,24,-0.011991086391905478,0.0037161029727690535,0.0012518700932656395,**,1.4583481539655898,0.628360262209742,0.020293373778200802,*,-0.019126032038163054,0.013033909234017869,0.142265738708023,,0.47055257882804397,0.26293458348719767,0.0735152721969196,,0.0011218874247362655,0.01280572346208274,0.9301880198771809,,1.205034163705781,0.35400814359328653,0.0006641331696194529,***,10.412178011700618,5.3864794579889965,2.1532793386297393,0.1334737725584393,0.2606763645268006,53.41008500380429,time_centered:1.409;intervention:8.379;time_after_ortho:1.03;log_total_commits:53.41;age_at_travis_months:6.534;log_num_authors:42.106,ns
STRA,3,PTAI,issues_open_count,True,True,True,True,False,True,True,HC1,False,True,1656,24,-0.0036161099341652093,0.0034514506204652087,0.2947734934142018,,0.6624197132565807,0.5664056573825271,0.24219634292375325,,-0.025671740818396613,0.013795982248846756,0.06277061255013265,,0.7591337596494476,0.24615837964037507,0.00204289706192418,**,-0.020329595552881823,0.012024801687213142,0.09090582126240274,,1.7094627153490671,0.33549268674621785,3.4804248326584457e-07,***,1.0976905400379477,1.3677645128679465,3.4626244010497182,0.1952726948621775,0.2972420742460924,52.69663619155197,time_centered:1.456;intervention:8.51;time_after_ortho:1.005;log_total_commits:52.697;age_at_travis_months:6.414;log_num_authors:43.125,ns
STRA,3,PTAI,modified_files,True,True,True,True,False,True,True,HC1,False,True,2100,24,0.008257432844723736,0.002195734130381233,0.00016945844060280775,***,-0.3211893141151742,0.3228568959780374,0.3198165596921979,,0.022841035047132932,0.005617501237987934,4.781689511113358e-05,***,0.4095749118619631,0.2559136643876627,0.10950062035257026,,-0.0028727001551087186,0.015680838751367433,0.8546425706373072,,0.04308029927884067,0.37399509500768124,0.908294939538637,,14.142643550728227,0.9896965170247934,16.532754117052313,0.037546724597772446,0.15516903912477692,50.69961383775544,time_centered:2.034;intervention:6.619;time_after_ortho:1.037;log_total_commits:50.7;age_at_travis_months:6.647;log_num_authors:40.445,up
STRA,3,PTAI,pr_latency,True,True,True,True,False,True,True,HC1,False,True,1417,24,6.648455142485331,2.000717092122637,0.000890433871726699,***,71.6752810212626,268.19451334242984,0.7892758276674163,,-3.868457025687469,8.406054874054314,0.6453734759024137,,111.46022307697073,158.18437179783766,0.4810453673958398,,7.321889795934833,11.297429046243009,0.5169187838117497,,-326.36833147233517,198.00428133226083,0.09929332642822808,,11.042568986595422,0.07142315506797968,0.21178300777684195,0.037655056930165444,0.06040901037880517,68.18471853146158,time_centered:1.498;intervention:9.25;time_after_ortho:1.018;log_total_commits:68.185;age_at_travis_months:6.397;log_num_authors:53.197,ns
STRA,3,PTAI,pr_merge_ratio,True,True,True,True,False,True,True,HC1,False,True,1447,24,-0.0008094195704636954,0.00033306862024332643,0.015090966956472166,*,-0.018492275111480758,0.05498788719470835,0.7366467253318381,,0.0033009891644892636,0.0015034760113223297,0.028122624055114315,*,-0.07999103535155844,0.04955659234257406,0.10649812448602523,,-0.003587602915112492,0.0025073457815856745,0.1524769591688278,,0.1379482521042432,0.07522169106826812,0.06667043269843231,,5.90581672686968,0.11309583870127159,4.820534454308273,0.10703091044555872,0.4049330480916327,67.8119906245341,time_centered:1.501;intervention:9.301;time_after_ortho:1.019;log_total_commits:67.812;age_at_travis_months:6.412;log_num_authors:53.034,up
STRA,3,PTAI,prs_close_count,True,True,True,True,False,True,True,HC1,False,True,1432,24,-0.0005178643398890272,0.004914791678999511,0.9160833920313737,,1.1670710801373827,1.0396567431092572,0.26162686124976287,,-0.008307690003338267,0.02036157081563155,0.6832675774053356,,0.8570479065925721,0.44915496816202655,0.05637388760568336,,0.019033245638016342,0.02254098122052754,0.3984548168588641,,2.4032203673939105,0.6477909883666008,0.00020736568193317382,***,0.01110252563149027,1.2601280109780848,0.1664707772581606,0.16622763105165558,0.3611054895719813,67.37299570585617,time_centered:1.504;intervention:9.204;time_after_ortho:1.017;log_total_commits:67.373;age_at_travis_months:6.36;log_num_authors:52.635,ns
STRA,3,PTAI,prs_open_count,True,True,True,True,False,True,True,HC1,False,True,1638,24,-0.001515585792324926,0.004329629002095638,0.7263013195176391,,1.220323329911623,0.9435769298567637,0.1959090476942651,,-0.020011539361097393,0.017823880082789914,0.26154897747283257,,0.6343215926238447,0.41534758422088425,0.12670963326112183,,0.012404924921359448,0.020877717068414053,0.5523980387422049,,1.9553769609548663,0.6054127797757065,0.0012386627554469714,**,0.12253486669508946,1.6726119691208652,1.2605395942687312,0.13795897441888139,0.3286403416685973,63.60130902175569,time_centered:1.537;intervention:8.784;time_after_ortho:1.018;log_total_commits:63.601;age_at_travis_months:6.297;log_num_authors:50.272,ns
STRA,3,PTAI,releases_count,True,True,True,True,False,True,True,HC1,False,True,410,24,-0.0011951006837406803,0.0013977793450393736,0.39255140767087693,,0.24803472055488293,0.17372402226560665,0.15336341835307,,0.0037913414223832605,0.004230570389100097,0.3701580428567818,,0.014496358124624381,0.0876339104428101,0.8686138020475158,,0.0012586709831325822,0.004303562197176009,0.7699258468706911,,0.15269097029664866,0.0979431521043457,0.1190021892304501,,0.7310241971422751,2.0384741350155173,0.8031338689589826,0.023027443200860396,0.05778552058794702,58.34355211951135,time_centered:1.665;intervention:9.05;time_after_ortho:1.026;log_total_commits:58.344;age_at_travis_months:8.002;log_num_authors:42.829,ns
STRA,4,JGaI,code_churn_size,True,True,True,True,False,True,True,HC1,False,True,2861,51,-4.601735548438491,0.9019228676787785,3.35836507262317e-07,***,105.0609489143508,96.83363470219865,0.2779378687155477,,0.7502066712336,2.0115458215220747,0.7091854145128589,,63.046232696674494,51.54094300491338,0.22124426628476934,,0.32999188858064693,3.4148364903146473,0.9230164549208587,,-11.838524780953595,64.54232071477884,0.8544663896697358,,26.031819097258758,1.177145565300335,0.13909194615779719,0.01490254453491685,0.3248420182571638,24.874814884414665,time_centered:1.945;intervention:3.904;time_after_ortho:1.273;log_total_commits:24.875;age_at_travis_months:4.243;log_num_authors:17.079,ns
STRA,4,JGaI,commit_frequency,True,True,True,True,False,True,True,HC1,False,True,2889,51,0.31103494236452206,0.03517936271461113,9.452358404894225e-19,***,-7.3303703342406905,3.6899524028311363,0.046969419557316566,*,-0.8988381438140092,0.07956060851846283,1.34964863003705e-29,***,22.416580585459783,3.955470609757777,1.4512044001671046e-08,***,-0.5173270656904259,0.2844468214897523,0.06895526295613676,,13.157406101803087,4.756973858818451,0.005676256896299287,**,78.17041672029144,3.9464836111700903,127.63412226271694,0.536836350540776,0.7287610203710156,24.06521647964256,time_centered:1.964;intervention:3.982;time_after_ortho:1.27;log_total_commits:24.065;age_at_travis_months:4.371;log_num_authors:16.574,down
STRA,4,JGaI,commit_merge_ratio,True,True,True,True,False,True,True,HC1,False,True,2893,51,3.6617646481862616e-05,0.00011293628109476462,0.7457617924882425,,0.011699477490835263,0.014128851091918745,0.40763888366384204,,0.000674123707053606,0.0002525401401357193,0.0075993117305169075,**,0.0032003361507716775,0.008577126910345248,0.7090557883002585,,0.0003213331470026124,0.0005103227445207517,0.5289127912671081,,0.026663829767094516,0.011275117153223784,0.01803794081920344,*,0.10512690768242322,0.68567645442868,7.1255495824252515,0.06948198986824415,0.3469192181893092,24.698286798349827,time_centered:1.953;intervention:3.907;time_after_ortho:1.278;log_total_commits:24.698;age_at_travis_months:4.249;log_num_authors:16.927,up
STRA,4,JGaI,issues_close_count,True,True,True,True,False,True,True,HC1,False,True,1340,51,-0.05502857182511624,0.010278493488355167,8.614582144767808e-08,***,1.2966901834127742,0.5594202580464189,0.02045378792977083,*,0.03447791761909295,0.019479867675325068,0.07673952585255332,,1.7114065289457414,0.4866500322528441,0.0004369325857457748,***,-0.021888814156982822,0.03186412108116562,0.4921190592452973,,0.5829201428846927,0.6142675325244509,0.3426369611765714,,28.662730018651647,5.372743007163591,3.1326368359534524,0.11055273744553935,0.531360405134819,20.05438503586405,time_centered:1.628;intervention:4.282;time_after_ortho:1.308;log_total_commits:20.054;age_at_travis_months:5.353;log_num_authors:17.37,ns
STRA,4,JGaI,issues_open_count,True,True,True,True,False,True,True,HC1,False,True,1995,51,-0.055192579633457806,0.007160261478379901,1.2762531540796763e-14,***,2.1214494076540906,0.8404778122407128,0.011599517780224708,*,-0.02067627657911956,0.013579146547339351,0.12784649454733785,,1.9171288015382888,0.5776557348863065,0.0009040238114078076,***,-0.018213685391728986,0.03594367505922951,0.6123453140670702,,0.4795087833644987,0.7235804827101479,0.5075297944218059,,59.41602881686069,6.371076976614675,2.3184605755252967,0.13295038334786838,0.6995572442814798,19.69611317125717,time_centered:1.687;intervention:4.44;time_after_ortho:1.286;log_total_commits:19.696;age_at_travis_months:5.101;log_num_authors:17.071,ns
STRA,4,JGaI,modified_files,True,True,True,True,False,True,True,HC1,False,True,2864,51,-0.028081876852742632,0.00964151748204877,0.003584342429422821,**,-0.7324418023414128,1.0275189438752366,0.47595368549013806,,0.029474687561485333,0.02153447298158756,0.17108647191416793,,0.9976431298311443,0.6364001713106844,0.11696635840023054,,-0.00023409285866135004,0.04093526439025482,0.9954372333370016,,-0.38279806911642883,0.7910050550217418,0.6284292744184999,,8.48323455160997,0.5081203286092988,1.8733974513911311,0.017219331724584706,0.38890639196378674,24.612170111244414,time_centered:1.953;intervention:3.908;time_after_ortho:1.272;log_total_commits:24.612;age_at_travis_months:4.283;log_num_authors:16.844,ns
STRA,4,JGaI,pr_latency,True,True,True,True,False,True,True,HC1,False,True,1853,51,7.521871057004904,1.5706237594984271,1.6753267985409994e-06,***,-21.544101466222838,83.94124917722827,0.797443639828231,,-0.6607632133318543,2.985869201757362,0.8248613639388935,,-105.51304884786715,55.40451062574746,0.05685646781627145,,3.7358955980321484,3.3299845559197045,0.26190675806761554,,84.39117611412567,68.46193449221168,0.21769780040971232,,22.935459358679214,0.06587276841640244,0.048972260907588966,0.05459848811836705,0.1550641923515726,26.333994236614593,time_centered:1.53;intervention:4.946;time_after_ortho:1.251;log_total_commits:26.334;age_at_travis_months:4.653;log_num_authors:20.387,ns
STRA,4,JGaI,pr_merge_ratio,True,True,True,True,False,True,True,HC1,False,True,1891,51,-0.0012553619080210607,0.0005403703726341859,0.02017104834126823,*,-0.022440844975116968,0.04425702367646493,0.6121146454340354,,0.0012465812360905899,0.0010537242400385264,0.23679957167787424,,0.0186507980871908,0.023164711632140428,0.42073983796718584,,0.0005261721494708901,0.0014311168218995517,0.7131227373638309,,-0.005941081567697027,0.029043425769823248,0.8379170292336316,,5.3970300225088375,0.257107060656059,1.399546167965451,0.014364268197415117,0.345230266759356,26.062586490204314,time_centered:1.519;intervention:4.939;time_after_ortho:1.26;log_total_commits:26.063;age_at_travis_months:4.656;log_num_authors:20.085,ns
STRA,4,JGaI,prs_close_count,True,True,True,True,False,True,True,HC1,False,True,1872,51,-0.004531348583856012,0.01209474219377694,0.70791749699503,,1.5559577588139326,0.8660184808288114,0.0723864955017268,,-0.10783721446241962,0.02354570666225903,4.651763339672743e-06,***,1.2002142814583585,0.7233656969086009,0.09707384984343365,,-0.11503038073810548,0.041757742395216894,0.005874456416312056,**,0.3262077624244734,0.8599779906561409,0.7044494630515787,,0.14036593208351603,3.228057672547263,20.97557446549019,0.12220934757800361,0.45766747294740473,25.729752510951467,time_centered:1.526;intervention:4.917;time_after_ortho:1.261;log_total_commits:25.73;age_at_travis_months:4.764;log_num_authors:19.835,down
STRA,4,JGaI,prs_open_count,True,True,True,True,False,True,True,HC1,False,True,2071,51,-0.015614505727067993,0.010120802118315042,0.12287613880425946,,2.0443779287235637,0.8021813536097776,0.010818003758380134,*,-0.09007557763898595,0.019825389699554004,5.534211823080453e-06,***,1.509506224890411,0.6771252633357162,0.025794846678471022,*,-0.10798191360152834,0.04024919786245877,0.0073001231415441206,**,0.09117341093755908,0.8216826519043291,0.9116485449676285,,2.3802721506846405,6.494971380594059,20.64289702192098,0.14461481516658242,0.5197358627506403,23.44601114907963,time_centered:1.551;intervention:4.908;time_after_ortho:1.269;log_total_commits:23.446;age_at_travis_months:4.832;log_num_authors:18.74,down
STRA,4,JGaI,releases_count,True,True,True,True,False,True,True,HC1,False,True,1056,51,-0.005527399356760725,0.0041014901338292074,0.1777689270057734,,0.019539294325191577,0.2000141366183432,0.9221788005550771,,-0.008134285563336176,0.00760736194525538,0.28495029509742575,,0.38310609127857487,0.12375706982325708,0.001963952969164611,**,-0.007231718608603671,0.007932532478565651,0.3619513081622733,,-0.17074922369928405,0.1567297750176309,0.2759555760383827,,1.8161777253882836,0.00954325142745073,1.1433275539071308,0.052698111000386114,0.2735705592389322,25.836745993340312,time_centered:1.517;intervention:4.64;time_after_ortho:1.258;log_total_commits:25.837;age_at_travis_months:4.488;log_num_authors:19.431,ns
STRA,5,PGaI,code_churn_size,True,True,True,True,False,True,True,HC1,False,True,3631,78,-1.8465318799188792,2.30959174481063,0.42399721392852907,,-226.9928154674837,157.56226013110432,0.14968224995838622,,7.873112665182783,5.002353762667303,0.11551481889021695,,19.081242296064453,131.22119276566133,0.884384951698221,,4.790801645106253,6.7835189632666015,0.480038054667592,,-1.1000506513291408,148.9234573846998,0.9941063317728488,,0.6392094441378438,2.0754860536336803,2.4771033672291347,0.0042226945567872595,0.31671099136374953,27.89696843641952,time_centered:2.28;intervention:4.571;time_after_ortho:1.159;log_total_commits:27.897;age_at_travis_months:5.38;log_num_authors:23.106,ns
STRA,5,PGaI,commit_frequency,True,True,True,True,False,True,True,HC1,False,True,3631,78,-0.1741951102340761,0.021828933354052053,1.4632123052351036e-15,***,4.485397176854429,2.0953839831975705,0.03230560690237067,*,-0.3538599609628485,0.046506724383120444,2.7667103523076817e-14,***,11.243201480787425,1.162269911168717,3.908342037389883e-22,***,-0.05311389104093863,0.06599264477259349,0.4209087728009844,,0.957931052212092,1.4115333282698088,0.49736236634287934,,63.68056236337817,4.582205591357555,57.89370540200216,0.21685375734538745,0.45143073418573904,26.66019356631996,time_centered:2.279;intervention:4.543;time_after_ortho:1.16;log_total_commits:26.66;age_at_travis_months:5.349;log_num_authors:22.589,down
STRA,5,PGaI,commit_merge_ratio,True,True,True,True,False,True,True,HC1,False,True,3668,78,0.00026293658176168984,0.00017607829154974838,0.135360356239091,,-0.00908499299833446,0.015719945775941834,0.5633128946568764,,-0.0008770675123065538,0.0003750744216553405,0.019367408025296733,*,-0.0348905122721563,0.011697629456572945,0.0028571847045929153,**,-0.00019022865692525716,0.0006441904278432811,0.7677656371499679,,0.030855812388165812,0.014175248395276079,0.029500065777845676,*,2.229925706114095,0.3340004920083197,5.468033321173601,0.02736456306654178,0.3057612269435305,26.647926001128976,time_centered:2.278;intervention:4.558;time_after_ortho:1.16;log_total_commits:26.648;age_at_travis_months:5.345;log_num_authors:22.632,down
STRA,5,PGaI,issues_close_count,True,True,True,True,False,True,True,HC1,False,True,1898,78,-0.02975619496314006,0.00786368084510458,0.00015432572044459845,***,1.3548297460142908,0.39391512242845733,0.0005830156574337154,***,-0.08662584489058227,0.015595097115468312,2.781135556100869e-08,***,0.8871352699244752,0.2636261076385217,0.0007650850067145388,***,0.013076237108464513,0.014514392028753197,0.3676333828011251,,0.9363077428185387,0.2994557231774597,0.0017678115455834393,**,14.318681643392033,11.82943872581429,30.854520369896985,0.1336493750195838,0.22245505257363082,29.81257831636148,time_centered:2.012;intervention:5.141;time_after_ortho:1.138;log_total_commits:29.813;age_at_travis_months:5.717;log_num_authors:23.461,down
STRA,5,PGaI,issues_open_count,True,True,True,True,False,True,True,HC1,False,True,2773,78,-0.04161603147107908,0.007069667962735233,3.943143438046713e-09,***,1.9268651227343032,0.49859820804701993,0.00011128740829173178,***,-0.06873675769444237,0.014221659471570818,1.34325630879684e-06,***,1.582718218499684,0.4552751973487258,0.0005081956961776309,***,0.03160705842888545,0.0246486064393735,0.19973528845314636,,1.491435832287691,0.5382503635570446,0.00559022618091991,**,34.65160000487134,14.93486169134243,23.36025258206686,0.17163875881998067,0.5110248307425087,29.331720121596387,time_centered:2.032;intervention:5.192;time_after_ortho:1.107;log_total_commits:29.332;age_at_travis_months:5.662;log_num_authors:23.184,down
STRA,5,PGaI,modified_files,True,True,True,True,False,True,True,HC1,False,True,3631,78,-0.022493443043239393,0.008642335013749081,0.009249167268772934,**,0.006195236575361787,0.7691602202925639,0.9935734713829046,,0.04223841554294502,0.018529265060094852,0.022634297177167004,*,0.07348402418330592,0.3884257935502468,0.849948448265722,,0.016372928128494856,0.021815471707782228,0.4529421264953408,,0.17723023665348156,0.45958663118784765,0.6997709631212712,,6.774069999039208,6.487571544743325e-05,5.196355430231206,0.005007355989270171,0.39295878811391494,28.079591326914066,time_centered:2.28;intervention:4.572;time_after_ortho:1.159;log_total_commits:28.08;age_at_travis_months:5.386;log_num_authors:23.19,up
STRA,5,PGaI,pr_latency,True,True,True,True,False,True,True,HC1,False,True,2766,78,12.426635560615976,1.3812969776902446,2.333396023767843e-19,***,-234.6016798570833,69.31160609664184,0.0007124602575499859,***,9.986127068603421,2.706635243354725,0.00022469642311129904,***,-40.398240765322726,41.574289682417124,0.3311937902935933,,2.7533636408195292,2.351271016500811,0.24159445540755164,,-28.238799515643883,50.604423465868365,0.5768237220848034,,80.9343718789885,11.456456491410027,13.612400267097176,0.05816556508632846,0.09192135601580016,30.39552634045465,time_centered:1.982;intervention:5.233;time_after_ortho:1.093;log_total_commits:30.396;age_at_travis_months:5.701;log_num_authors:24.503,up
STRA,5,PGaI,pr_merge_ratio,True,True,True,True,False,True,True,HC1,False,True,2824,78,-0.002091752518768247,0.00038798736046734647,6.995353319386644e-08,***,0.012063834000991244,0.02614342455063038,0.6444771375420237,,-0.002631632202870089,0.0007668776030903549,0.000599988535672075,***,0.011687418513209528,0.017728371768884848,0.5097356271399927,,-0.00038139778276250174,0.0009805972505527944,0.697317296553725,,0.010651261653471912,0.0216344593927326,0.6224871124694259,,29.06601181471732,0.212934363629854,11.776012983381206,0.03337000381162418,0.2611472560852493,30.373991689198565,time_centered:2.003;intervention:5.254;time_after_ortho:1.09;log_total_commits:30.374;age_at_travis_months:5.702;log_num_authors:24.471,down
STRA,5,PGaI,prs_close_count,True,True,True,True,False,True,True,HC1,False,True,2796,78,-0.03563813584865465,0.017585625647314234,0.04270853475573083,*,3.3673124031695423,1.072273941748928,0.0016874774740783102,**,-0.19384122713914875,0.03483885434304967,2.637536196000799e-08,***,1.6526269496410437,1.1351279829022263,0.14542169802882496,,0.0689017357812193,0.06106290083457695,0.25916237594097613,,4.236831664236827,1.3660291186805826,0.0019249891021523322,**,4.106901720311475,9.861780141558729,30.95740657359439,0.126273687959019,0.40755803972833476,30.321564245622636,time_centered:2.005;intervention:5.219;time_after_ortho:1.084;log_total_commits:30.322;age_at_travis_months:5.618;log_num_authors:24.213,down
STRA,5,PGaI,prs_open_count,True,True,True,True,False,True,True,HC1,False,True,3105,78,-0.08262488093244455,0.014767741579903319,2.2067630031054852e-08,***,4.96210775035113,0.9903555812842851,5.430842624793688e-07,***,-0.09848845170827765,0.029422348567087968,0.0008157259123424927,***,1.7068708896682308,1.1561520117773585,0.1398532378731801,,0.058070062342789504,0.06370818600402772,0.3620315656603852,,4.183739049661537,1.3819603099647686,0.002466717974537504,**,31.303545200131975,25.10441318861922,11.205105444519367,0.12430271698068733,0.48127903789204096,30.168798596101702,time_centered:1.996;intervention:5.23;time_after_ortho:1.082;log_total_commits:30.169;age_at_travis_months:5.705;log_num_authors:23.737,down
STRA,5,PGaI,releases_count,True,True,True,True,False,True,True,HC1,False,True,1452,78,-0.006165938749055113,0.007231666733421201,0.39386431024078716,,-0.08097442579977296,0.354338412555336,0.819239790140587,,-0.03523580702139364,0.014198768099237034,0.013079028035359782,*,0.5614338589832606,0.36733249153433284,0.12641131014377024,,-0.0024400280197022515,0.01983121053401591,0.902075587864703,,0.422649677381369,0.45928999545719523,0.3574557143428718,,0.7269785635088373,0.052222695420465946,6.158388932678799,0.052071042690887255,0.4096947489228115,28.482655757371383,time_centered:1.926;intervention:5.73;time_after_ortho:1.069;log_total_commits:28.483;age_at_travis_months:5.465;log_num_authors:22.272,down
STRA,6,JTaI,code_churn_size,True,True,True,True,False,True,True,HC1,False,True,697,10,-2.999780126046743,0.9312413510807419,0.00127623710263548,**,78.83292907877454,105.54254551154445,0.455105612567298,,9.77274521643801,4.24885010200101,0.02144302058282389,*,-16.792618504817984,41.88322687111725,0.688465045861753,,6.894225609700686,5.237002780544221,0.18802476011593272,,-45.460572625357656,38.338312758715176,0.23571158090137445,,10.37658248180229,0.5579049282176839,5.290422220646922,0.036940983510351834,0.2879922173882201,51.63194261095853,time_centered:2.322;intervention:11.847;time_after_ortho:1.709;log_total_commits:51.632;age_at_travis_months:14.894;log_num_authors:35.191,up
STRA,6,JTaI,commit_frequency,True,True,True,True,False,True,True,HC1,False,True,705,10,-0.14391272070090994,0.020414031715364014,1.7930891117549194e-12,***,4.2104396885572255,2.0151206620792763,0.03666965237297474,*,0.17100545687250412,0.09265089233621605,0.06493623997295699,,7.511917104547487,0.9369386664653514,1.079084484240019e-15,***,0.057073467839281834,0.06959731475574514,0.41218604892601196,,-0.6227969686504737,1.2061349842266051,0.6056046717660974,,49.69821574594508,4.365688948715661,3.406596732129893,0.2165186010116671,0.2745995045485102,50.046151425601,time_centered:2.328;intervention:12.009;time_after_ortho:1.768;log_total_commits:50.046;age_at_travis_months:15.195;log_num_authors:33.826,ns
STRA,6,JTaI,commit_merge_ratio,True,True,True,True,False,True,True,HC1,False,True,706,10,-0.00019831718029664151,0.00028369920319184903,0.4845268366897898,,0.021390562982711976,0.049431317475834284,0.6652087428823388,,-6.441599436441196e-05,0.00130074250270533,0.9605029228565594,,0.034450440030823884,0.03445717628811505,0.31740512596923043,,-0.002101201606778807,0.002839846355537376,0.4593608265051462,,-0.029690679353413775,0.038004645140347106,0.4346624288989106,,0.48865736166099283,0.18725786114995915,0.002452476009286659,0.02952917536506816,0.39198629304627874,49.2141349997605,time_centered:2.35;intervention:11.87;time_after_ortho:1.73;log_total_commits:49.214;age_at_travis_months:14.799;log_num_authors:33.577,ns
STRA,6,JTaI,issues_close_count,True,True,True,True,False,True,True,HC1,False,True,399,10,-0.04078149159133298,0.0064498874100572335,2.5682868656467775e-10,***,1.433219429204558,0.5262291730375914,0.006458147931718267,**,0.08295231503563959,0.03130517557102997,0.008054049233655014,**,0.8050151410427667,0.2445499977171479,0.0009954047856304755,***,0.0670681038136274,0.03011676709770751,0.025951571481774127,*,0.2761769662525446,0.27685879988481343,0.3185038015899123,,39.97808113652944,7.417807049757933,7.021416476361993,0.20030978093299892,0.2429187416717597,78.75398498963771,time_centered:2.349;intervention:14.569;time_after_ortho:2.517;log_total_commits:78.754;age_at_travis_months:23.238;log_num_authors:55.738,up
STRA,6,JTaI,issues_open_count,True,True,True,True,False,True,True,HC1,False,True,613,10,-0.03496657573961376,0.0053538197861273526,6.526857411418076e-11,***,1.122563521217966,0.6721320520887994,0.09488904977387702,,0.011176913582013037,0.035322167922306746,0.7516778683239113,,1.0657603264623972,0.4823233474948469,0.02713024836721804,*,0.04542530936799606,0.04250236140639634,0.285172678216685,,0.8271359250683785,0.5061705820873347,0.1022367860789995,,42.65586089717569,2.7894118287520495,0.10012651131719603,0.17108188843726796,0.5035135754992361,68.89669177038387,time_centered:2.146;intervention:14.84;time_after_ortho:2.769;log_total_commits:68.897;age_at_travis_months:23.561;log_num_authors:45.928,ns
STRA,6,JTaI,modified_files,True,True,True,True,False,True,True,HC1,False,True,697,10,-0.04356279759329709,0.014459596061336967,0.0025891277136146913,**,-1.2181178852090317,2.7682508476950054,0.659914211268769,,0.0025197312363301927,0.068145157910973,0.9705041901132754,,-0.08181484706656585,0.9495993151841982,0.931341429360417,,0.06568176581968234,0.07575446159928573,0.38592286040868296,,0.31289875908216364,0.8892935952349377,0.7249500774553239,,9.0765165300171,0.193627820283344,0.0013672201021204795,0.034563438473826515,0.574006211968786,49.02137576739418,time_centered:2.34;intervention:12.065;time_after_ortho:1.732;log_total_commits:49.021;age_at_travis_months:14.807;log_num_authors:33.68,ns
STRA,6,JTaI,pr_latency,True,True,True,True,False,True,True,HC1,False,True,488,10,4.7019846821070725,3.1853466024112667,0.13990908078906342,,258.9940070353981,449.2959751454758,0.5643150540746347,,-22.819127036930205,20.981871285174954,0.27678764799196864,,-283.51148064698504,201.90083605088606,0.16025587130185348,,35.432228327306845,19.286898983389733,0.06619309699838268,,44.76793815301799,291.58042307525585,0.8779760185715132,,2.178958851826191,0.33228778248609403,1.1827953685230461,0.07932137748694522,0.10441639202845575,59.935437055335576,time_centered:2.25;intervention:16.671;time_after_ortho:2.193;log_total_commits:59.935;age_at_travis_months:19.536;log_num_authors:41.539,ns
STRA,6,JTaI,pr_merge_ratio,True,True,True,True,False,True,True,HC1,False,True,498,10,-0.0021716986807361538,0.0006762907146942728,0.0013218602832565168,**,-0.024425924651776613,0.09973242821478076,0.8065225809007873,,0.0032206437126283648,0.004531704388947111,0.4772754386356204,,0.08648419539903766,0.05346490139856244,0.10575136658513308,,-0.003991360717208017,0.005347060606718702,0.45539027991261627,,0.03312940119331765,0.08685108982116205,0.7028689131837268,,10.311747869495603,0.05998314601135745,0.5050823839867629,0.09167085761595692,0.17438239037866285,60.0854117392362,time_centered:2.229;intervention:16.621;time_after_ortho:2.164;log_total_commits:60.085;age_at_travis_months:19.05;log_num_authors:41.334,ns
STRA,6,JTaI,prs_close_count,True,True,True,True,False,True,True,HC1,False,True,495,10,-0.016106494400780623,0.007230478652574978,0.025908306979060523,*,1.2851648878199269,0.6030984453752181,0.03309431957748212,*,0.01732329818519242,0.03775251379385673,0.6463312862811804,,-0.6029536776581641,0.7932451294255323,0.447188743520741,,0.028474816060769226,0.05878438799822677,0.6281061403422663,,-0.3512307327134181,0.8831481780144824,0.6908490816455373,,4.962127915019421,4.540893175852506,0.21055686806168922,0.022433765179185335,0.13960488296576487,59.949144983432355,time_centered:2.236;intervention:16.526;time_after_ortho:2.15;log_total_commits:59.949;age_at_travis_months:19.001;log_num_authors:41.11,ns
STRA,6,JTaI,prs_open_count,True,True,True,True,False,True,True,HC1,False,True,574,10,-0.011567674210141005,0.005871438257835461,0.048820008683222796,*,1.0782061042020759,0.5547193564412811,0.05193205385479063,,0.012282326398508658,0.03194444612843138,0.7006151599350308,,-0.609139590110851,0.7258653462490241,0.4013621954079549,,-0.0008357648662075986,0.047623239667626126,0.9859982298615211,,-0.07014984762950316,0.6365650373847223,0.9122502882227757,,3.8815313732490258,3.7779563126027123,0.14783271191485148,0.025371458724736166,0.15516186691231842,59.875069551909995,time_centered:2.172;intervention:16.258;time_after_ortho:2.336;log_total_commits:59.875;age_at_travis_months:19.922;log_num_authors:41.416,ns
STRA,6,JTaI,releases_count,True,True,True,True,False,True,True,HC1,False,True,238,10,0.0012296651076401082,0.00381263194191058,0.7470557980616652,,0.02711765240666828,0.36290839812948666,0.9404350018578188,,-0.003033674357750554,0.01700813669534122,0.8584355007946005,,0.6924775085438278,,,,-0.038475412987496085,0.01958011243300145,0.049411329005912705,*,0.3498517873488559,0.06950965141551897,4.825111894943526e-07,***,0.10402169728123058,0.005583546566799992,0.03181445193589874,0.12307570382279719,0.18558217139077507,104.48651227347611,time_centered:2.835;intervention:12.246;time_after_ortho:1.916;log_total_commits:104.487;age_at_travis_months:21.634;log_num_authors:74.989,ns
STRA,7,PTaI,code_churn_size,True,True,True,True,False,True,True,HC1,False,True,770,12,-1.3377948852731252,0.612422236461206,0.028930500439719502,*,46.69376032379442,67.89480427820594,0.49161849604736296,,8.309579794629945,3.559764280823126,0.01957969486552026,*,22.984188943556774,43.27478926472321,0.5953342987696144,,4.4359960120185224,9.71984620620115,0.6481128543036933,,-36.91966252306691,54.83030362889971,0.5007283903681896,,4.771744264328951,0.4729820051984733,5.448985387313114,0.02343684268316832,0.3490647300759118,51.4803151171344,time_centered:2.234;intervention:14.357;time_after_ortho:2.505;log_total_commits:51.48;age_at_travis_months:17.485;log_num_authors:45.542,up
STRA,7,PTaI,commit_frequency,True,True,True,True,False,True,True,HC1,False,True,778,12,-0.61218474397705,0.08036818622983954,2.591327147335062e-14,***,19.769660707161858,7.918489362964729,0.012537422849432918,*,0.4437192970222248,0.4747027963256132,0.34992707973577264,,15.75523869862938,5.485949362174504,0.004079789386691762,**,-0.33186257960583476,1.3579232330851532,0.8069289451592684,,3.1038873452796687,6.365138082511998,0.6258058136240936,,58.0225311936178,6.233238672155793,0.8737215599741406,0.3056791498102705,0.36998454410685805,50.96276641978995,time_centered:2.222;intervention:13.999;time_after_ortho:2.514;log_total_commits:50.963;age_at_travis_months:17.734;log_num_authors:45.414,ns
STRA,7,PTaI,commit_merge_ratio,True,True,True,True,False,True,True,HC1,False,True,779,12,0.0005689100438295935,0.0003322938780432121,0.08688395546748953,,0.004692928704076569,0.05251125821876409,0.9287879015489445,,-0.004567400536506418,0.0019414973877652497,0.01864696841895691,*,-0.043540011336490984,0.01911493831934704,0.022738481266856153,*,-0.0044510709342811565,0.004109671404316765,0.278776368079913,,0.028071576330563994,0.02625049403563507,0.28490151234301697,,2.9311802230672694,0.007986988584640744,5.534323939747284,0.08264812130535637,0.28309710114445363,51.855213393509395,time_centered:2.235;intervention:14.164;time_after_ortho:2.475;log_total_commits:51.855;age_at_travis_months:17.038;log_num_authors:45.484,down
STRA,7,PTaI,issues_close_count,True,True,True,True,False,True,True,HC1,False,True,449,12,-0.030543921440956655,0.00896625489176178,0.0006579149233159276,***,1.390506530037698,0.8416185296938467,0.09849756502374875,,0.09698490937577285,0.06033351460944526,0.1079491448236213,,0.9732476844429284,0.5041572318789562,0.05355175398470826,,0.098002866762351,0.11671171032064469,0.40107640446246007,,-0.36042891515602793,0.6995712476354172,0.6064034726531826,,11.60452655090143,2.729703572390274,2.5839914874142287,0.0805051901130425,0.27123605926562444,66.18050802388912,time_centered:1.925;intervention:14.996;time_after_ortho:2.708;log_total_commits:61.028;age_at_travis_months:18.209;log_num_authors:66.181,ns
STRA,7,PTaI,issues_open_count,True,True,True,True,False,True,True,HC1,False,True,635,12,-0.011341744746363158,0.009449549606921735,0.23004543266783484,,0.4985982761220783,1.1008206258060245,0.6505967993304682,,0.06605171161622338,0.07041967420547192,0.3482585883197924,,1.2645643241823106,0.7766707278166672,0.10348547465223623,,0.005757904666928909,0.20042752115740867,0.9770814339261307,,0.16684503751669777,1.1487920550721848,0.8845251793489093,,1.440580458985616,0.20514853916671338,0.8797922443268092,0.1261333855988008,0.23261078899317117,61.159732008673394,time_centered:1.85;intervention:15.711;time_after_ortho:2.812;log_total_commits:52.086;age_at_travis_months:19.065;log_num_authors:61.16,ns
STRA,7,PTaI,modified_files,True,True,True,True,False,True,True,HC1,False,True,772,12,-0.00031938370579777294,0.006050344888978434,0.9579010730218229,,0.2611635837111236,0.553625275228282,0.6371170289019707,,0.06641201559575645,0.03391315400403669,0.05019521464665309,,0.5568032889302905,0.4150809345530268,0.1797798892607132,,0.051703003968156476,0.09709133862975888,0.5943664332914249,,-0.39965876658055327,0.5733351700285072,0.4857546002888845,,0.0027865397863712704,0.22253248639786735,3.8349257369161913,0.048264382310262616,0.1606256791689858,52.25982010238941,time_centered:2.217;intervention:14.362;time_after_ortho:2.51;log_total_commits:52.26;age_at_travis_months:17.222;log_num_authors:46.298,ns
STRA,7,PTaI,pr_latency,True,True,True,True,False,True,True,HC1,False,True,586,12,4.414643281041214,2.2437505936903626,0.04912231147042704,*,192.51605842788248,179.7130383336866,0.2840608718679142,,5.078249692167771,13.998717370507347,0.716780173264892,,-112.98027754770922,110.38412319228796,0.3060623920165657,,-2.5713008442687917,12.487592455075157,0.8368624223883009,,228.33026957764227,179.64523248542878,0.20372631366149307,,3.8711684703288265,1.1475582759026235,0.13159870360255188,0.030945849138131233,0.048799599731338815,55.269530471215624,time_centered:1.817;intervention:17.227;time_after_ortho:2.891;log_total_commits:55.27;age_at_travis_months:20.357;log_num_authors:45.836,ns
STRA,7,PTaI,pr_merge_ratio,True,True,True,True,False,True,True,HC1,False,True,598,12,-0.00048208873537092516,0.0005403433780379324,0.37229132250207686,,-0.08853968987940813,0.05376844447699439,0.09962281320743684,,-0.007208669381617538,0.003936860703528603,0.06709002536180109,,0.04988802191759799,0.039195641959323596,0.20309075235197116,,0.009272531398343364,0.009089559209901184,0.30766684383362874,,-0.036779146710083956,0.05010953148742147,0.4629639343324744,,0.7960022594189726,2.711571420979685,3.352819068787736,0.05926864299486056,0.18564197123648976,54.54450866070887,time_centered:1.818;intervention:17.005;time_after_ortho:2.795;log_total_commits:54.545;age_at_travis_months:19.716;log_num_authors:45.742,ns
STRA,7,PTaI,prs_close_count,True,True,True,True,False,True,True,HC1,False,True,592,12,-0.011179662586412502,0.014199970738442792,0.4311052135980221,,2.5747148908687336,1.5526202902883355,0.09725632307635697,,-0.11780511678728767,0.11135731039079991,0.29010014208925916,,1.830619630851527,0.8823506603986041,0.03801364155528134,*,0.06861580478271216,0.15612453040776966,0.6603035802765562,,1.8874909598827319,1.0953343921620675,0.08485059199365239,,0.6198441313899465,2.7499688518198786,1.1191565543979327,0.1231334834138388,0.13636217579754792,53.76841496010235,time_centered:1.807;intervention:16.799;time_after_ortho:2.835;log_total_commits:53.768;age_at_travis_months:20.596;log_num_authors:45.883,ns
STRA,7,PTaI,prs_open_count,True,True,True,True,False,True,True,HC1,False,True,652,12,-0.020424430036777366,0.012675736729948418,0.10711408535036922,,2.5861451897318486,1.5100364574668232,0.0867792344769375,,-0.10944529063128199,0.09302686469759869,0.23939863422663177,,1.826811695561701,,,,0.12323898910255876,0.11020991444576309,0.2634728175258618,,1.2857724610532617,0.8478990117601845,0.1294127553669053,,2.5962916163394905,2.933127492913413,1.384131618317946,0.10479871577761499,0.1278924895102041,54.19815360011894,time_centered:1.729;intervention:17.029;time_after_ortho:2.856;log_total_commits:54.198;age_at_travis_months:20.752;log_num_authors:46.544,ns
STRA,7,PTaI,releases_count,True,True,True,True,False,True,True,HC1,False,True,282,12,0.0008219397540819652,0.004871943376752813,0.8660256912267066,,-0.408915590718209,0.8093546049764,0.6133926476368396,,0.030516948037970545,0.048267355274273324,0.5272247120717464,,0.2640819449154672,0.24424701921489556,0.27960439306349494,,0.044048216049602455,0.07885045538618299,0.5764143812570774,,-0.7495800390650817,0.3295724475961575,0.0229418628363044,*,0.028462661505234976,0.25526404932852625,0.3997377745369856,0.04598350722051507,0.2820331256228484,49.06397513126295,time_centered:1.471;intervention:26.323;time_after_ortho:3.021;log_total_commits:49.064;age_at_travis_months:20.515;log_num_authors:35.609,ns
STRA,8,JGAi,code_churn_size,True,True,True,True,False,True,True,HC1,False,True,10793,106,-2.40025681884202,0.531764971793706,6.368977790846299e-06,***,10.565074849497023,76.85420370716852,0.8906600500742106,,-0.015453563958384115,1.8470584338345835,0.9933245120911077,,159.09080927462165,53.12730973967954,0.00274876733914688,**,-3.7120925203527486,2.3662566761031902,0.11670350785782817,,-101.33451927993595,64.24356898751282,0.11471527930739663,,20.373984515504812,0.01889774141563118,6.999967726695055e-05,0.015453852322601774,0.20846011988713237,31.41644132485775,time_centered:2.566;intervention:4.344;time_after_ortho:1.591;log_total_commits:31.416;age_at_travis_months:10.65;log_num_authors:23.549,ns
STRA,8,JGAi,commit_frequency,True,True,True,True,False,True,True,HC1,False,True,10904,106,-0.03594500660675096,0.011011300986939521,0.0010970617736286879,**,1.0285050978876358,2.7380255146871,0.7071863976230168,,-0.16643494586716698,0.03958688451889041,2.618970277764834e-05,***,17.72798211156055,1.4762190265625992,3.184981843115811e-33,***,-0.036420416324307946,0.06554568112240676,0.5784505753263283,,-0.22333257602443454,1.8011944731541318,0.901322105587512,,10.656138773281484,0.14110354200147776,17.67609755554635,0.25255158891261414,0.47481886631330583,31.586852086850556,time_centered:2.575;intervention:4.364;time_after_ortho:1.61;log_total_commits:31.587;age_at_travis_months:10.649;log_num_authors:23.736,down
STRA,8,JGAi,commit_merge_ratio,True,True,True,True,False,True,True,HC1,False,True,10926,106,0.00047488349175105475,4.022035191531852e-05,3.5895769747862265e-32,***,-0.010085853563320486,0.011586866685427065,0.3840514463300563,,-0.0005202907744124556,0.0001437103749618931,0.00029413421265957093,***,-0.012562659920177074,0.006686917958535977,0.060286547583416256,,-0.00012364992303957615,0.0002901884283369998,0.6700333889611748,,0.016526693404092203,0.008289677713513223,0.04619061485504087,*,139.40630386507297,0.7576930372937914,13.10738347176329,0.031219326222399982,0.3622951546559595,31.573086912238654,time_centered:2.572;intervention:4.342;time_after_ortho:1.598;log_total_commits:31.573;age_at_travis_months:10.626;log_num_authors:23.812,down
STRA,8,JGAi,issues_close_count,True,True,True,True,False,True,True,HC1,False,True,6703,106,-0.0372311895634541,0.006103327171098517,1.0597132918394593e-09,***,1.065637188079804,0.9819978395000095,0.2778451995540625,,-0.06665866443330279,0.015543753345696862,1.7992140310415664e-05,***,2.3316156425750267,0.6845794569793276,0.0006594404676471133,***,-0.018922636641454892,0.030040519990790476,0.5287575494959691,,3.7126609469975724,0.8520557642237968,1.3167788140442296e-05,***,37.21178668643852,1.1775996588593587,18.390833970591007,0.13781600564992846,0.47902146334873547,32.75892696408293,time_centered:2.542;intervention:4.407;time_after_ortho:1.423;log_total_commits:32.759;age_at_travis_months:11.448;log_num_authors:24.4,down
STRA,8,JGAi,issues_open_count,True,True,True,True,False,True,True,HC1,False,True,8089,106,-0.054593083642382426,0.00386211643123324,2.2938267469444704e-45,***,1.8853055576434257,0.958267123627722,0.04913581383739051,*,-0.05722947594293514,0.010458998648643733,4.45504941283446e-08,***,2.5492867068969094,0.6127779581898349,3.1795120560179105e-05,***,-0.0432493379695037,0.026684444835693363,0.10506705257233206,,3.6201524979353517,0.7779818907256629,3.267268543213235e-06,***,199.81336184813122,3.8707071831260387,29.94051900135497,0.17631765091970028,0.6642264002154348,32.914878273171546,time_centered:2.512;intervention:4.365;time_after_ortho:1.459;log_total_commits:32.915;age_at_travis_months:11.608;log_num_authors:24.785,down
STRA,8,JGAi,modified_files,True,True,True,True,False,True,True,HC1,False,True,10800,106,-0.006140945050995291,0.00561571820173318,0.27416204552057866,,-0.6720247734791128,0.8600646454017006,0.4345876028942771,,0.0240100827646229,0.01966176060004774,0.2220268476974271,,1.626025362543361,0.7038695910851371,0.02088134297418291,*,3.0714028828899436e-05,0.030679044630146448,0.9992012057218739,,-1.369678219410111,0.8569328730750213,0.10996521934218427,,1.1958034701506397,0.6105319206577237,1.4912227014255135,0.009467404426899268,0.21884364519149022,31.432599925822704,time_centered:2.566;intervention:4.343;time_after_ortho:1.592;log_total_commits:31.433;age_at_travis_months:10.666;log_num_authors:23.552,ns
STRA,8,JGAi,pr_latency,True,True,True,True,False,True,True,HC1,False,True,7203,106,5.680351339168567,0.6456808303064764,1.3994754358110158e-18,***,-394.58843005779704,76.42937440226433,2.4330249572928474e-07,***,-4.005860657891281,1.522665383721825,0.00851787893049379,**,-170.85609611619603,31.29517477918539,4.774696539765584e-08,***,-0.777872543075693,1.43357511837547,0.587398185116589,,178.8334018463692,38.14942369336601,2.7628031277460197e-06,***,77.39530413513133,26.654349271601642,6.921221174275122,0.03142657896682104,0.14524278881530928,36.2551603729842,time_centered:2.501;intervention:4.729;time_after_ortho:1.35;log_total_commits:36.255;age_at_travis_months:11.29;log_num_authors:29.271,down
STRA,8,JGAi,pr_merge_ratio,True,True,True,True,False,True,True,HC1,False,True,7350,106,-0.0008158683511845303,0.00015378403304394778,1.1249617977749736e-07,***,0.0704577643997074,0.02144771983922377,0.0010194854469689652,**,-0.000510897797134028,0.00036082854351592193,0.15680424742159166,,0.06000860509527511,0.017556933233697353,0.0006309621319400966,***,-0.0005727298166663318,0.0007614837602435018,0.4519768042047406,,-0.06439738502135746,0.021458599213629435,0.0026908926155857775,**,28.14606462359681,10.791839109541904,2.0047780083141187,0.03747987579364731,0.3545276511610268,36.0551955948151,time_centered:2.484;intervention:4.713;time_after_ortho:1.36;log_total_commits:36.055;age_at_travis_months:11.361;log_num_authors:29.048,ns
STRA,8,JGAi,prs_close_count,True,True,True,True,False,True,True,HC1,False,True,7276,106,0.017647526639745066,0.0042443382943819245,3.2118905928148395e-05,***,1.6584481055343865,0.8031046645342761,0.0389186444690364,*,-0.0014218707857752892,0.010034109168923546,0.8873140215309564,,1.7529104432015525,0.4633367063678042,0.00015480474191011725,***,-0.014953952885776322,0.020308566300263998,0.4615255114286434,,1.749105320308522,0.5654215478682166,0.0019784149067531066,**,17.28811760877382,4.264415138743535,0.020079949618466767,0.1369724476126085,0.48171152860460137,36.3627670114988,time_centered:2.484;intervention:4.731;time_after_ortho:1.362;log_total_commits:36.363;age_at_travis_months:11.349;log_num_authors:29.088,ns
STRA,8,JGAi,prs_open_count,True,True,True,True,False,True,True,HC1,False,True,7856,106,0.01386583269376022,0.003651247493924284,0.00014612720931034723,***,1.8825458738172527,0.7611143090413428,0.013383142786999445,*,0.001259078169835861,0.008734838361962075,0.8853864324558489,,1.7289538551786132,0.4534071204079439,0.00013715228968321871,***,-0.012498375569147322,0.01983127867826094,0.5285405247479736,,1.7800105033659084,0.5533018923674723,0.0012950733584583297,**,14.421464576106347,6.1177448786384305,0.02077761250874252,0.1515782202241218,0.5180852208765218,36.41857470558404,time_centered:2.448;intervention:4.646;time_after_ortho:1.391;log_total_commits:36.419;age_at_travis_months:11.416;log_num_authors:29.184,ns
STRA,8,JGAi,releases_count,True,True,True,True,False,True,True,HC1,False,True,3398,106,-0.0016167475382471235,0.00108737732030307,0.1370591529961024,,0.12117900633920078,0.12593295833895415,0.3359239699626476,,0.0045005674921935026,0.0023172547064051864,0.05211313325167991,,0.15771766672680773,0.07178313068955057,0.02801037059227701,*,0.0013993486738679464,0.0030721458136984004,0.6487527854290717,,-0.012087919225719616,0.08486621520366465,0.8867364194761767,,2.210669785500093,0.925925325006199,3.772133131421047,0.015447682174061075,0.311030652119005,32.48929910083834,time_centered:2.21;intervention:4.762;time_after_ortho:1.339;log_total_commits:32.489;age_at_travis_months:10.341;log_num_authors:22.648,ns
STRA,9,PGAi,code_churn_size,True,True,True,True,False,True,True,HC1,False,True,4729,51,-1.1369106137395868,0.40275558508557224,0.00476017808456608,**,3.8118771322000247,38.15658519648888,0.9204230032840353,,1.869634405192105,1.0512214709774454,0.07531599354796276,,27.136673563194396,29.737307012979038,0.36148113597017195,,2.299885144775901,1.377224663367887,0.0949308630812355,,-29.49103195675472,34.991323884154276,0.39933480589007164,,7.96837012694634,0.009980189455019073,3.1631875119920085,0.012216969216518263,0.10191358022253101,41.98868009672063,time_centered:3.089;intervention:5.024;time_after_ortho:1.272;log_total_commits:41.989;age_at_travis_months:15.876;log_num_authors:26.491,ns
STRA,9,PGAi,commit_frequency,True,True,True,True,False,True,True,HC1,False,True,4779,51,-0.12957113122818462,0.017682981731619633,2.3457643262815394e-13,***,2.8637854993959366,3.4499059118134654,0.40647919877116523,,-0.061271107551039684,0.04758883462354501,0.19791653451825175,,17.242679378754794,1.7324612995772606,2.4541548787155617e-23,***,-0.06384628838089566,0.07903080287080866,0.41916780028039546,,0.11347466651058509,2.0177747106606723,0.9551525835691762,,53.69149593706508,0.6890749618789188,1.6576823834610752,0.2527466926912501,0.49992469408574103,42.65961225826125,time_centered:3.058;intervention:5.006;time_after_ortho:1.283;log_total_commits:42.66;age_at_travis_months:16.132;log_num_authors:26.406,ns
STRA,9,PGAi,commit_merge_ratio,True,True,True,True,False,True,True,HC1,False,True,4786,51,0.00030768572684198073,8.36921795372014e-05,0.00023655075745524767,***,-0.024723234910675285,0.017774605819029742,0.16424661295038034,,-0.0017723743209684946,0.0002257647205661037,4.142592096308732e-15,***,0.00805449852035372,0.010314336089959771,0.43485940352376773,,-0.0003405119989050835,0.00048713571681967743,0.48454672883549643,,0.01835251017189258,0.013660381880944745,0.1791151689053202,,13.515899212484575,1.9346866465925472,61.63093319614197,0.03927871000199653,0.3412196250376082,41.95244011489113,time_centered:3.063;intervention:4.991;time_after_ortho:1.282;log_total_commits:41.952;age_at_travis_months:15.816;log_num_authors:26.479,down
STRA,9,PGAi,issues_close_count,True,True,True,True,False,True,True,HC1,False,True,2812,51,-0.03121866285104564,0.005649322900270687,3.274475022824647e-08,***,1.1188838211193124,0.8428007314398305,0.18431751256373818,,-0.022996870993147126,0.014022655936286044,0.10100938906146129,,2.175686905146048,0.5453178629863927,6.614043558237212e-05,***,-0.0302806548313552,0.027446067547999983,0.26990626259038486,,0.7438350247643116,0.677652775462162,0.2723512553489902,,30.537662989948398,1.7624636979072723,2.689533397127505,0.13626210430247793,0.4549477260156635,43.1902749818453,time_centered:2.964;intervention:4.84;time_after_ortho:1.277;log_total_commits:43.19;age_at_travis_months:16.633;log_num_authors:29.505,ns
STRA,9,PGAi,issues_open_count,True,True,True,True,False,True,True,HC1,False,True,3508,51,-0.019848301266702888,0.0037313748790721566,1.0416742402808367e-07,***,0.3221862191997666,0.6336796829941928,0.6111468857284982,,-0.042458962639469654,0.009590562315882843,9.54815030417246e-06,***,2.320666522168819,0.5821854226856971,6.715984939819613e-05,***,-0.03538445005727369,0.02778058307156154,0.2027656548002762,,1.2168158760881282,0.7041005618831174,0.08395510117295109,,28.294949275231435,0.2585082186213073,19.599753768892754,0.21400123746987385,0.6019535437894906,42.80632605443201,time_centered:2.98;intervention:4.898;time_after_ortho:1.33;log_total_commits:42.806;age_at_travis_months:16.559;log_num_authors:28.473,down
STRA,9,PGAi,modified_files,True,True,True,True,False,True,True,HC1,False,True,4729,51,-0.007988486921223354,0.002931054431196185,0.006421094035018823,**,0.6194056405717878,0.4046227878402642,0.12581328374678297,,0.012278744580614367,0.007848400407911819,0.11770252085331445,,0.2274357293155661,0.3193965235219492,0.4764155235640728,,0.006641071678778975,0.0161262291419118,0.6804728158743273,,-0.2949689314378777,0.4081528090966297,0.469868888431176,,7.428160686019071,2.3434173217007386,2.4476292098476486,0.005465162771773353,0.2249108687491881,41.92348185549666,time_centered:3.064;intervention:4.987;time_after_ortho:1.283;log_total_commits:41.923;age_at_travis_months:15.941;log_num_authors:26.457,ns
STRA,9,PGAi,pr_latency,True,True,True,True,False,True,True,HC1,False,True,3477,51,3.1529850994440234,0.8666372388496792,0.0002745680262936411,***,-204.63501196994463,82.60050748071109,0.01323411780811172,*,-5.299514204256307,1.8520010990920968,0.004216321244230876,**,-88.94639937173099,37.60230068610601,0.018008126633801774,*,-0.5762992896165622,1.981123110035673,0.7711314391793357,,129.14083821172738,49.815049632414706,0.009530719669838964,**,13.236377471701763,6.13754163660497,8.188222605223427,0.014613446383531561,0.09640808343577782,51.81700800112301,time_centered:3.066;intervention:5.638;time_after_ortho:1.164;log_total_commits:51.817;age_at_travis_months:16.3;log_num_authors:33.438,down
STRA,9,PGAi,pr_merge_ratio,True,True,True,True,False,True,True,HC1,False,True,3547,51,0.0005131681437903432,0.00020641983849199508,0.012917314931322543,*,-0.07856378432184637,0.029949854051277758,0.008711386567600034,**,-0.0019294224254351575,0.0004472735864270886,1.6051495414285952e-05,***,-0.007523250024667127,0.01708915914478484,0.6597667411595047,,-0.00033102373254892295,0.0008550340127856438,0.6986474885854129,,0.0007356770736589363,0.02379707985164475,0.9753376507666772,,6.180398940434573,6.881060379779352,18.608361751628255,0.015412556468256655,0.2501284734999905,51.67146744534328,time_centered:3.058;intervention:5.627;time_after_ortho:1.163;log_total_commits:51.671;age_at_travis_months:16.355;log_num_authors:33.058,down
STRA,9,PGAi,prs_close_count,True,True,True,True,False,True,True,HC1,False,True,3512,51,0.03412600140895418,0.006138371400555553,2.7061789421219426e-08,***,-0.42870199189336494,0.9069541100584811,0.6364391977055961,,-0.003750911946934561,0.013396990716870673,0.779491561457001,,2.8671902068091994,0.47117469514366456,1.1634914017307194e-09,***,-0.016633901646778887,0.023818870306367607,0.4849585060923409,,0.27003999538943796,0.6696834839017445,0.6867751610168205,,30.90754321959673,0.22342942934509508,0.07838974026124407,0.15426613487092367,0.33809148518575843,51.133756846876985,time_centered:3.066;intervention:5.603;time_after_ortho:1.172;log_total_commits:51.134;age_at_travis_months:16.203;log_num_authors:32.77,ns
STRA,9,PGAi,prs_open_count,True,True,True,True,False,True,True,HC1,False,True,3742,51,0.03050410486060018,0.005553054247754824,3.9468826551546203e-08,***,-0.25680435807637536,0.8882562201674973,0.7724966824769006,,-0.00411916212194128,0.012199501425109496,0.735626929378236,,2.8372397880060403,0.45579840266519495,4.822658935892028e-10,***,-0.020874456001714493,0.022982956172906722,0.36374187657953616,,0.3347502139104141,0.6377179093624015,0.5996395369838583,,30.175379323726563,0.08358498415056616,0.11400754828163216,0.16541552129058426,0.3649975077630622,51.386277376366245,time_centered:3.052;intervention:5.576;time_after_ortho:1.181;log_total_commits:51.386;age_at_travis_months:16.269;log_num_authors:33.264,ns
STRA,9,PGAi,releases_count,True,True,True,True,False,True,True,HC1,False,True,1691,51,-0.005618269760643371,0.0018120503812990697,0.0019319149452676713,**,0.3180921717978863,0.1578280429302864,0.04385908357420097,*,-0.012131173116476742,0.003790905513139952,0.0013739294261618231,**,0.19298645454757402,0.11735205324174487,0.10007120031605647,,-0.0023258800067766,0.0060202137766179565,0.6992411141017465,,0.008763341397534536,0.1582128148175182,0.9558280968779665,,9.613126098521732,4.061978497039523,10.240465075258872,0.02490427787117081,0.21706404501304571,44.950394525060034,time_centered:2.801;intervention:5.294;time_after_ortho:1.228;log_total_commits:44.95;age_at_travis_months:16.69;log_num_authors:28.03,down
STRA,10,JTAi,code_churn_size,True,True,True,True,False,True,True,HC1,False,True,31239,263,-0.9020694041151971,0.10493797971881816,8.238859596271131e-18,***,-65.80496633058435,21.008697492948293,0.0017345877322482667,**,0.8024685179834403,0.24288401265360804,0.0009534419621214791,***,62.03791571118356,11.16533667119775,2.755593970321884e-08,***,1.9211665289326665,0.6005292895664781,0.0013784676870620765,**,-25.65962362922789,12.399281720812825,0.0385044074149657,*,73.89490721240212,9.811131286383805,10.915864810046747,0.02415347048229061,0.2984829923033911,33.21322585631554,time_centered:2.02;intervention:6.122;time_after_ortho:1.047;log_total_commits:33.213;age_at_travis_months:5.078;log_num_authors:26.578,up
STRA,10,JTAi,commit_frequency,True,True,True,True,False,True,True,HC1,False,True,31518,263,-0.1214268638950026,0.006401199492986303,3.0541724174032396e-80,***,2.586215860911809,1.966515199027971,0.18846745843627055,,-0.05745487114356485,0.015135265286548183,0.00014699450958165124,***,21.43286640425683,1.0908289581602884,5.985545639724713e-86,***,-0.0005084591325197992,0.058106572561049764,0.993018233626965,,-1.1596212393982412,1.2120168304209678,0.3386834006040722,,359.8378413981843,1.7295571893927766,14.410320327107945,0.21794305917151355,0.5378398456267627,33.187803721963746,time_centered:2.015;intervention:6.147;time_after_ortho:1.051;log_total_commits:33.188;age_at_travis_months:5.089;log_num_authors:26.458,down
STRA,10,JTAi,commit_merge_ratio,True,True,True,True,False,True,True,HC1,False,True,31520,263,0.00014934354397931322,2.339134411199184e-05,1.7188598410870652e-10,***,0.014752842152775577,0.007203109533021286,0.04054811407166219,*,-0.001539208864674208,5.514226252197503e-05,1.8340027082661383e-171,***,-0.006685149694606694,0.004734545036196719,0.1579516960940912,,-0.00020152644871801136,0.00025472361253390873,0.42885219811665054,,0.014706751559327243,0.005340078730278958,0.005886588245199335,**,40.762663174810676,4.194800911810152,779.1587439067534,0.04339177508411447,0.3763964328492593,33.16136082238355,time_centered:2.036;intervention:6.111;time_after_ortho:1.047;log_total_commits:33.161;age_at_travis_months:5.089;log_num_authors:26.581,down
STRA,10,JTAi,issues_close_count,True,True,True,True,False,True,True,HC1,False,True,20310,263,-0.02052490803248745,0.002851530814294041,6.116671373998825e-13,***,2.1406924494570885,0.5140456141128384,3.1217003072441366e-05,***,-0.03806027790439943,0.010128996269056379,0.00017158048934833256,***,2.240426302207469,0.3610494466134733,5.458672594308147e-10,***,-0.008191282883935532,0.019116146611804708,0.6682865981515994,,2.171123012498856,0.4095395832634023,1.1493356980053484e-07,***,51.80913024773391,17.342241845734748,14.11923243483246,0.11026364107517506,0.42656260058468787,41.75050299369684,time_centered:1.461;intervention:8.102;time_after_ortho:1.092;log_total_commits:41.751;age_at_travis_months:5.436;log_num_authors:32.578,down
STRA,10,JTAi,issues_open_count,True,True,True,True,False,True,True,HC1,False,True,24180,263,-0.02894967882327789,0.0021433131996900605,1.4224629203373498e-41,***,2.089058864832813,0.5081861756301851,3.9426664809862913e-05,***,-0.045617607888509076,0.007771585257022721,4.3633580849688436e-09,***,2.7441644896877464,0.4015402613146211,8.252404281715504e-12,***,-0.02202993056389426,0.021103597632206896,0.2965341797598422,,2.5690455297740393,0.462597984390496,2.7997925627662617e-08,***,182.43838647998865,16.89879205719733,34.45448670267518,0.1680233668335099,0.5960537993935603,40.58388191272302,time_centered:1.483;intervention:7.935;time_after_ortho:1.094;log_total_commits:40.584;age_at_travis_months:5.24;log_num_authors:31.782,down
STRA,10,JTAi,modified_files,True,True,True,True,False,True,True,HC1,False,True,31200,263,-0.0025555223459393563,0.0013649363263297156,0.0611699671197871,,-0.8168033479500418,0.25977779005928614,0.0016651962226622945,**,0.009106028532191533,0.0031882082597627834,0.004288008394022821,**,1.2345684671753703,0.1917479541689031,1.2066301061485014e-10,***,0.026749115794145253,0.010318106921565273,0.009529665653794728,**,-0.7244733685646066,0.21881130833006665,0.0009297971845647115,***,3.505375777358952,9.886236204835248,8.157642114048757,0.02797393676094005,0.25859681877504315,33.28922229243557,time_centered:2.028;intervention:6.109;time_after_ortho:1.045;log_total_commits:33.289;age_at_travis_months:5.091;log_num_authors:26.735,up
STRA,10,JTAi,pr_latency,True,True,True,True,False,True,True,HC1,False,True,21574,263,2.0204293540533937,0.2824422206900611,8.46387930690699e-13,***,103.87956583964021,39.12406801072913,0.007927737460234383,**,-2.055132768710019,0.9789461903444905,0.035787670982376896,*,-134.4619902120577,19.793540162522174,1.0965345186002936e-11,***,3.8477189880280696,1.0456162311638943,0.0002333640970334038,***,79.01773669870582,23.618162330604168,0.0008209455801249068,***,51.17149487924331,7.049726058789591,4.407193581159021,0.024395298333764658,0.055084155673009644,41.90237725889191,time_centered:1.456;intervention:8.319;time_after_ortho:1.096;log_total_commits:41.902;age_at_travis_months:5.635;log_num_authors:32.37,down
STRA,10,JTAi,pr_merge_ratio,True,True,True,True,False,True,True,HC1,False,True,22013,263,-0.0003379067868025808,8.851795647713295e-05,0.0001348756717842002,***,0.020452024409951,0.016396196543353843,0.21226408036764577,,-0.00017799325993695533,0.00035340310529239445,0.6145037981591924,,0.018518943938084825,0.010946638541304657,0.09069420499541388,,-0.00032600452793603437,0.0005922211508682084,0.5819917785880899,,-0.0018622781842064999,0.012412280241857483,0.880736892571023,,14.57239956114297,1.5559168122959213,0.25366841301256604,0.0040525923007260775,0.3713853743324419,41.606044744630765,time_centered:1.464;intervention:8.314;time_after_ortho:1.097;log_total_commits:41.606;age_at_travis_months:5.636;log_num_authors:32.275,ns
STRA,10,JTAi,prs_close_count,True,True,True,True,False,True,True,HC1,False,True,21792,263,0.03577392288227933,0.0036437738585238383,9.436021897070187e-23,***,1.7304779925826899,0.705005961606338,0.014105792433789148,*,0.04926720183789269,0.014685679438922832,0.000794285518356052,***,3.458404844041739,0.5284568556185577,5.975605145609008e-11,***,-0.014899975796125637,0.027074290686353742,0.582088456445374,,1.7448423189693643,0.5966851021773861,0.003453135103527701,**,96.38962737430197,6.024854762805673,11.254538874662119,0.12208223761293763,0.4145250852167954,41.72074083308053,time_centered:1.469;intervention:8.276;time_after_ortho:1.096;log_total_commits:41.721;age_at_travis_months:5.682;log_num_authors:32.341,up
STRA,10,JTAi,prs_open_count,True,True,True,True,False,True,True,HC1,False,True,23296,263,0.03724084449488947,0.0033190752756615065,3.2436311905369295e-29,***,1.3623857052521466,0.6849110177984327,0.046685461780995106,*,0.04423714262359339,0.0133228576197481,0.0008989033972405495,***,3.4569296166909314,0.5184519191762026,2.596802551907959e-11,***,-0.014765794050543733,0.026522950312171566,0.577720369221457,,1.6837317498841367,0.5855748577735821,0.004035818575990202,**,125.89394335203563,3.9566884140572482,11.02501936581819,0.12925370485205517,0.4407695473883165,41.55007300451705,time_centered:1.469;intervention:8.226;time_after_ortho:1.1;log_total_commits:41.55;age_at_travis_months:5.655;log_num_authors:32.34,up
STRA,10,JTAi,releases_count,True,True,True,True,False,True,True,HC1,False,True,9250,262,-0.0018701631318165607,0.0006211962385819822,0.0026074626391634896,**,0.027578901034214603,0.10303161416174594,0.7889501396011787,,0.00463307539153052,0.0027539750847417584,0.09250624004275541,,0.09358641437116216,0.04993729641616523,0.060919603968137684,,0.0021882579140563743,0.0028801953863695443,0.4473979181969615,,0.020586969098984925,0.0552401590707231,0.709385725860894,,9.06361287166647,0.07164945728278634,2.8302103892716626,0.00661444332916272,0.28069457671642867,37.46734384041209,time_centered:1.277;intervention:11.256;time_after_ortho:1.276;log_total_commits:37.467;age_at_travis_months:6.27;log_num_authors:26.596,ns
STRA,11,PTAi,code_churn_size,True,True,True,True,False,True,True,HC1,False,True,23417,204,0.6151863314664238,0.21139423362781812,0.0036126953471234146,**,-99.76532271036335,47.749922030858926,0.036678068883937744,*,1.7333396398779755,0.5756459048273663,0.002602848594432247,**,130.63324832128427,49.97773841377392,0.00895339072158841,**,-0.38372799819079056,2.370910300738099,0.8714252512363886,,-126.27622189950861,58.761274867632125,0.03163677132188379,*,8.468901505193664,4.36529793359439,9.066851426763105,0.013757410732486174,0.34673933984324096,39.34438964123384,time_centered:1.901;intervention:6.556;time_after_ortho:1.13;log_total_commits:39.344;age_at_travis_months:3.945;log_num_authors:31.183,up
STRA,11,PTAi,commit_frequency,True,True,True,True,False,True,True,HC1,False,True,23421,204,-0.1669614503438354,0.007464114623596532,7.96778979158985e-111,***,13.461036100253427,1.764090695643285,2.3369894241788022e-14,***,-0.1371869296565252,0.020250137137729437,1.2473598508047032e-11,***,21.637804515611172,1.2383481078844916,2.295909778751125e-68,***,-0.08974813509988432,0.05918603671920112,0.12942494682927638,,-1.1775270235860587,1.472815193048081,0.4239961087931663,,500.35220399758697,58.22575909438922,45.89543974605608,0.26204769677879275,0.49120826940228174,39.22038492171626,time_centered:1.906;intervention:6.541;time_after_ortho:1.132;log_total_commits:39.22;age_at_travis_months:3.982;log_num_authors:31.21,down
STRA,11,PTAi,commit_merge_ratio,True,True,True,True,False,True,True,HC1,False,True,23417,204,0.00011864427154765914,2.9932442990780445e-05,7.378616186108007e-05,***,0.011633923014483424,0.008228112374558972,0.15738430922753655,,-0.0020302538799837817,8.189780621775188e-05,1.1466938686812927e-135,***,-0.006066240325160744,0.005416309358002795,0.2627158199478177,,6.62078829616003e-05,0.00026791890051773565,0.8048160368181076,,0.012145016762762471,0.006256176256978607,0.052223802460546656,,15.711195052125733,1.99918020255655,614.5484974574084,0.04735779588280885,0.31409769391637987,39.37157175823874,time_centered:1.903;intervention:6.557;time_after_ortho:1.13;log_total_commits:39.372;age_at_travis_months:3.962;log_num_authors:31.103,down
STRA,11,PTAi,issues_close_count,True,True,True,True,False,True,True,HC1,False,True,16328,204,-0.02461921885286881,0.0023998218771767972,1.0807538108641325e-24,***,3.0477718377452208,0.4391910467104686,3.934548061185436e-12,***,0.0011683537728846506,0.010711982337264317,0.9131471279337547,,2.471926253189041,0.32442020893599527,2.5462086437538545e-14,***,0.003873967949609218,0.015357466624197126,0.800845467799577,,1.7869598166608303,0.45602634815194865,8.90850585766784e-05,***,105.24234630083305,48.156836240793275,0.011896221307793182,0.1624199743751624,0.36572102694773156,42.85188897943799,time_centered:1.381;intervention:8.415;time_after_ortho:1.297;log_total_commits:42.852;age_at_travis_months:4.517;log_num_authors:34.271,ns
STRA,11,PTAi,issues_open_count,True,True,True,True,False,True,True,HC1,False,True,19422,204,-0.03339707084960469,0.0018559909451190606,2.163263326692785e-72,***,3.0058231115842466,0.4559006326042811,4.305793178829446e-11,***,-0.013485874285235462,0.008250530542241985,0.10214418982634621,,2.8166484358580024,0.38762711841241454,3.692313451259213e-13,***,-0.01121294246129342,0.018333990293078157,0.5408069862642315,,2.441069904450354,0.5865324563077557,3.156565891820366e-05,***,323.79120620149024,43.46968059694017,2.6717416521630133,0.22953817273744287,0.5882024542222272,41.971946283490965,time_centered:1.429;intervention:7.992;time_after_ortho:1.26;log_total_commits:41.972;age_at_travis_months:4.444;log_num_authors:34.028,ns
STRA,11,PTAi,modified_files,True,True,True,True,False,True,True,HC1,False,True,23183,204,0.0020223208039742194,0.0006645475921805688,0.0023411232668525163,**,-0.15307796201695964,0.16171927991062235,0.34386000721205257,,0.021589131389953845,0.001815612187846173,1.3209127465521396e-32,***,0.3678931670908129,0.1228816600697653,0.0027545262260582344,**,0.003226568291109566,0.006062596705743015,0.594581277561589,,-0.4249584539445975,0.14475632207650593,0.003328158681061531,**,9.260787555773732,0.8959870765700915,141.3917793863097,0.01880256690134738,0.3366099368268905,39.372174883437786,time_centered:1.895;intervention:6.556;time_after_ortho:1.131;log_total_commits:39.372;age_at_travis_months:3.966;log_num_authors:31.068,up
STRA,11,PTAi,pr_latency,True,True,True,True,False,True,True,HC1,False,True,17921,204,4.609315513539585,0.3750767051326386,1.0378913084279094e-34,***,7.454570239207309,56.404749466160034,0.8948560765251643,,0.19525019498484103,1.6132284866993627,0.9036667080538805,,-193.4037057102913,28.435521804750422,1.0354793457797637e-11,***,1.5489560119844599,1.3915024030371497,0.26564243504683727,,160.5478691090772,34.4866203332009,3.2340435183380885e-06,***,151.01938235371756,0.017466821144026312,0.014648433640492484,0.0349412647318307,0.06097740626760343,43.09658029561458,time_centered:1.368;intervention:8.729;time_after_ortho:1.247;log_total_commits:43.097;age_at_travis_months:4.28;log_num_authors:33.105,ns
STRA,11,PTAi,pr_merge_ratio,True,True,True,True,False,True,True,HC1,False,True,18287,204,-0.00010956457221302418,7.402250500775717e-05,0.13883263866636925,,0.03509140617077733,0.01447817579806057,0.01536138773465382,*,0.001029575905347848,0.0003531519268921758,0.003552433148692098,**,0.031241976244319705,0.009631127009239356,0.0011792390050254296,**,0.0007115969279860278,0.0004774508654094794,0.13611680395740605,,-0.028437789048227163,0.011322273833791797,0.012016219087690783,*,2.1908504782275546,5.874539815351235,8.499503957297948,0.010719216829284485,0.30792591761165067,42.66299923974713,time_centered:1.379;intervention:8.65;time_after_ortho:1.242;log_total_commits:42.663;age_at_travis_months:4.273;log_num_authors:32.906,up
STRA,11,PTAi,prs_close_count,True,True,True,True,False,True,True,HC1,False,True,18105,204,0.013451937235533002,0.002869050412909809,2.7503014487815072e-06,***,3.5680805110806744,0.669250939464487,9.742957228976328e-08,***,0.00804132836993333,0.013814182770248918,0.5604948112820743,,3.7300067622508815,0.4130620483854311,1.7145747988577677e-19,***,-0.0012511621586714283,0.01886889664561094,0.9471324724018011,,0.3447215196352925,0.49747654757571774,0.48834705355292884,,21.983321214762654,28.424400365892225,0.33884821223676365,0.1640204227888213,0.3455355645375113,42.9561366175842,time_centered:1.387;intervention:8.623;time_after_ortho:1.236;log_total_commits:42.956;age_at_travis_months:4.274;log_num_authors:33.52,ns
STRA,11,PTAi,prs_open_count,True,True,True,True,False,True,True,HC1,False,True,19663,204,0.011262226934458771,0.00256481608406275,1.128063609257658e-05,***,3.3924728875433727,0.6616813150626992,2.9431807889261546e-07,***,-0.0005847838641586501,0.01243585399692035,0.9624940824147697,,3.600661456800673,0.4061761849451054,7.665708031374261e-19,***,-0.0032355292897845245,0.018418911525500372,0.8605583622361248,,0.3586511116490204,0.4857805920488397,0.4603330412784282,,19.28129020539773,26.286637071228597,0.002211258586209061,0.170796734756957,0.37859782686616994,42.62664070776517,time_centered:1.396;intervention:8.431;time_after_ortho:1.225;log_total_commits:42.627;age_at_travis_months:4.246;log_num_authors:33.786,ns
STRA,11,PTAi,releases_count,True,True,True,True,False,True,True,HC1,False,True,5925,204,-0.0005234325365130129,0.0008671916662732498,0.5461129511225498,,0.1847789104954053,0.15937948417824305,0.24630765474458494,,-0.0006488815739777083,0.004455655621914963,0.884212696164782,,0.11653135757740742,0.07068187987808212,0.09921449761189136,,-0.0003994394955678433,0.0033596345187313784,0.9053595454427233,,0.15988001876955044,0.08737933728578025,0.06729130887259245,,0.36432689995448453,1.3441259640013052,0.02120838751401698,0.02776416379873192,0.06528005064215356,43.86037035341931,time_centered:1.195;intervention:13.358;time_after_ortho:1.42;log_total_commits:43.86;age_at_travis_months:4.746;log_num_authors:35.779,ns
STRA,12,JGai,code_churn_size,True,True,True,True,False,True,True,HC1,False,True,17308,290,-2.3371341661681964,0.4055122419956771,8.243018789034235e-09,***,15.93324827224018,34.09141999302327,0.6402364138816334,,2.468660736221883,0.8581110348438031,0.004016605377197201,**,28.993387239939125,31.106373290283518,0.3512991897350316,,2.970899208769441,1.5695913240419914,0.058386442187546274,,7.617196045373081,34.235051635704046,0.823927013820778,,33.21691914676856,0.21843310770638866,8.27629278058672,0.00787141508304926,0.2253336472582508,29.66879505387225,time_centered:2.012;intervention:4.35;time_after_ortho:1.23;log_total_commits:29.669;age_at_travis_months:4.729;log_num_authors:20.018,up
STRA,12,JGai,commit_frequency,True,True,True,True,False,True,True,HC1,False,True,17461,290,-0.21468889595552051,0.015908420266625947,1.6667646900019237e-41,***,7.328665296307399,1.8868997701348877,0.0001027638767022771,***,-0.04571542842976665,0.03347203712543498,0.1720081235360903,,21.629875484652704,1.3806744501642219,2.5765955351828696e-55,***,-0.1077168680736009,0.06998437401746287,0.12376622028090425,,2.8705262925454575,1.5196708682708489,0.05890346662594704,,182.12310840049375,15.085236118510394,1.8653541567952707,0.2998775232666437,0.5384180759211692,28.932669281088597,time_centered:2.037;intervention:4.435;time_after_ortho:1.217;log_total_commits:28.933;age_at_travis_months:4.782;log_num_authors:19.677,ns
STRA,12,JGai,commit_merge_ratio,True,True,True,True,False,True,True,HC1,False,True,17462,290,0.00012765126460506724,4.860092533745815e-05,0.008626312016281392,**,-0.00013751812244051014,0.006699201173031008,0.9836225426743864,,-8.457192492407553e-06,0.00010312212951578879,0.9346376305259296,,0.0077451815281825475,0.006100566223534705,0.20423283651019597,,0.00038905034680926576,0.00030219787007617,0.19795397188234887,,0.011063608833955345,0.0068939087846208585,0.1085293954619032,,6.89860322345405,0.00042137991311717664,0.006725873356196199,0.022836676515572172,0.4708361022417829,29.633184130816183,time_centered:2.022;intervention:4.359;time_after_ortho:1.228;log_total_commits:29.633;age_at_travis_months:4.749;log_num_authors:19.943,ns
STRA,12,JGai,issues_close_count,True,True,True,True,False,True,True,HC1,False,True,11613,290,-0.028643720572650737,0.004908222917397536,5.351258863482253e-09,***,1.296415802463124,0.31273995386972325,3.392986760668659e-05,***,-0.05629890053134889,0.009650182443257885,5.412299376584596e-09,***,1.4775529699596954,0.3271797400974676,6.3010243245300995e-06,***,-0.03324097902940019,0.0165036389028326,0.04399267611430584,*,1.295873765724924,0.3625182439017567,0.0003507043832939119,***,34.057306593394955,17.183906334206977,34.035236989611676,0.10459663691967552,0.3949307693143737,30.291854416690427,time_centered:1.813;intervention:4.677;time_after_ortho:1.153;log_total_commits:30.292;age_at_travis_months:5.021;log_num_authors:20.559,down
STRA,12,JGai,issues_open_count,True,True,True,True,False,True,True,HC1,False,True,13799,290,-0.04288027551472922,0.0038063364795889476,1.942508932781056e-29,***,1.6730983263633494,0.31441070963775075,1.0298399708739442e-07,***,-0.07103166551654631,0.007532958561971925,4.1223998459889704e-21,***,1.5459589469473205,0.3427544840712113,6.470628013148204e-06,***,-0.04420723194926031,0.017372113315841285,0.010936417349042023,*,1.7307658795008674,0.3802627178118462,5.326471831452914e-06,***,126.91144232655346,28.31706697140999,88.91455084648976,0.1491119169674241,0.5136192524173148,30.220345659581064,time_centered:1.86;intervention:4.714;time_after_ortho:1.163;log_total_commits:30.22;age_at_travis_months:5.122;log_num_authors:20.31,down
STRA,12,JGai,modified_files,True,True,True,True,False,True,True,HC1,False,True,17294,289,-0.010214523738177708,0.004147714791469512,0.013790020009907214,*,-0.5399338186894654,0.3170767789801431,0.08859636408526955,,0.026999192474187673,0.008763860271496806,0.0020648547811259045,**,0.8562800715996719,0.3071105269827563,0.005300474167098866,**,-0.006593501580765888,0.015584614966785516,0.6722386409402764,,0.38217263988782596,0.33836516183748566,0.2587004397619146,,6.064827784267701,2.899694101130203,9.490971308287214,0.020148139921805884,0.21597086174962915,29.571033709496717,time_centered:2.016;intervention:4.361;time_after_ortho:1.229;log_total_commits:29.571;age_at_travis_months:4.725;log_num_authors:19.948,up
STRA,12,JGai,pr_latency,True,True,True,True,False,True,True,HC1,False,True,13430,290,4.239388263974194,0.3835453600283821,2.116316121044266e-28,***,0.7492753860728995,26.423338448780843,0.977377758161349,,0.7679758896374644,0.7586752198558216,0.311414188567827,,-76.2331851831087,16.125468421986344,2.2729875861750255e-06,***,3.146545340029681,0.7702496076713716,4.4058166080878424e-05,***,2.1649849949686124,18.151061787233772,0.905056742832174,,122.17234784858695,0.0008040953620419917,1.0246684705730034,0.03935967406532335,0.13621982188582019,32.83874615003232,time_centered:1.727;intervention:5.024;time_after_ortho:1.184;log_total_commits:32.839;age_at_travis_months:4.728;log_num_authors:23.941,ns
STRA,12,JGai,pr_merge_ratio,True,True,True,True,False,True,True,HC1,False,True,13706,290,-0.001283328740487453,0.0001593933250105755,8.189709559113198e-16,***,0.010192897545811506,0.012222188661594725,0.40429978584935256,,-0.001068699640217337,0.0003182554878278962,0.0007851065497730635,***,0.006638150763127121,0.011044166775557007,0.5478034083678116,,8.113349432127902e-06,0.0005535232445956019,0.9883053069284315,,0.043391997715694124,0.012355745267721157,0.0004449348969254293,***,64.82396336481766,0.6955003476608592,11.276115719359987,0.03439674753569146,0.3489061724807757,32.83469185736309,time_centered:1.734;intervention:5.024;time_after_ortho:1.183;log_total_commits:32.835;age_at_travis_months:4.744;log_num_authors:23.961,down
STRA,12,JGai,prs_close_count,True,True,True,True,False,True,True,HC1,False,True,13568,290,0.02725981765954919,0.006638117912414732,4.015982782047297e-05,***,3.1625645524366592,0.6030394821442101,1.5681386552443174e-07,***,-0.10812920591452108,0.013305533287393829,4.413736851516349e-16,***,2.3379940622996247,0.5477294510426616,1.9677427441206936e-05,***,-0.06683291719009078,0.02696621533112611,0.013197516952919458,*,1.6378621796886954,0.6223426690693172,0.008494158000428515,**,16.86382039073315,27.503458152799084,66.04218837023454,0.13111441409216976,0.47434249672178735,32.525348404392474,time_centered:1.736;intervention:4.995;time_after_ortho:1.183;log_total_commits:32.525;age_at_travis_months:4.77;log_num_authors:23.733,down
STRA,12,JGai,prs_open_count,True,True,True,True,False,True,True,HC1,False,True,14404,290,0.02541136920291965,0.006105029490055253,3.149665195205581e-05,***,3.1425466183326156,0.596287773504011,1.3628665102308613e-07,***,-0.10937369512787341,0.012270547150912872,4.944011317911359e-19,***,2.3897239490125832,0.5508721181980076,1.4373683946368312e-05,***,-0.06833543902627334,0.027285455205489206,0.01226371009009641,*,1.638995324970958,0.6255113333502438,0.008786563484604841,**,17.325293478557985,27.774845315818325,79.45073373220538,0.13493995719602564,0.5065396959383923,32.2685686703441,time_centered:1.744;intervention:5.001;time_after_ortho:1.18;log_total_commits:32.269;age_at_travis_months:4.812;log_num_authors:23.364,down
STRA,12,JGai,releases_count,True,True,True,True,False,True,True,HC1,False,True,8044,290,-0.005847908318064037,0.0013826479497861463,2.34212171229148e-05,***,0.28930888691698076,0.09830961533228799,0.003252226649455397,**,0.00558209097934044,0.002784096975587366,0.044963947755007845,*,0.3065003257033069,0.07749544287812699,7.651049343053947e-05,***,0.004320188856844524,0.00393193461147069,0.2718798229584213,,-0.09575662964470115,0.08534829537641192,0.2618831534324565,,17.888662996800694,8.660272453866442,4.019991214819659,0.021755811627522714,0.3541072776779742,29.042407297148703,time_centered:1.675;intervention:5.058;time_after_ortho:1.172;log_total_commits:29.042;age_at_travis_months:4.617;log_num_authors:19.605,up
STRA,13,PGai,code_churn_size,True,True,True,True,False,True,True,HC1,False,True,16120,304,-2.119870422839592,0.35830793674533723,3.291908386306938e-09,***,29.122875445300046,24.72363323044945,0.23882183451968642,,-0.22001477147042692,0.720352172722737,0.7600412053920846,,39.494789167709776,21.380887197635904,0.06471806225134558,,-0.24403151905549764,1.0958911243609197,0.8237856453317909,,-27.130938526444,24.531056189249508,0.2687337468303549,,35.00304083187472,1.3875349174050626,0.09328545594417498,0.004570499928224404,0.2239220222551433,28.135708056244606,time_centered:2.165;intervention:4.793;time_after_ortho:1.162;log_total_commits:28.136;age_at_travis_months:4.985;log_num_authors:20.721,ns
STRA,13,PGai,commit_frequency,True,True,True,True,False,True,True,HC1,False,True,16285,304,-0.2202500849893799,0.012781333249586812,1.5233257428541698e-66,***,7.391152649983882,1.325734063719979,2.47331261579282e-08,***,-0.16804495342560305,0.025958975722579016,9.577003893328898e-11,***,16.014724940892197,0.7502766087916466,4.330892072867763e-101,***,-0.0993645248435168,0.037466703789251335,0.007999866612674558,**,-0.6151999752143129,0.8510265109443922,0.46974644200742066,,296.947622523991,31.08218300838758,41.90596488869074,0.21772194641787737,0.43711012121292003,27.815757773974607,time_centered:2.165;intervention:4.787;time_after_ortho:1.166;log_total_commits:27.816;age_at_travis_months:5.0;log_num_authors:20.421,down
STRA,13,PGai,commit_merge_ratio,True,True,True,True,False,True,True,HC1,False,True,16311,304,4.961158281110261e-05,5.738092584118309e-05,0.387258044050943,,-0.00010352900419255282,0.006004627585681058,0.9862439259701435,,-0.0007193800984797698,0.00011659963820460788,6.843708716454385e-10,***,0.0036819935816397643,0.0051640646173100185,0.4758438986698179,,4.976181731656298e-05,0.00025530778249611876,0.8454640879510615,,0.009082761361278457,0.005955333019007417,0.1272223078537816,,0.7475341945146544,0.000297270572296145,38.064701831242374,0.008211518773534958,0.38190956684750005,27.89960225989051,time_centered:2.166;intervention:4.777;time_after_ortho:1.161;log_total_commits:27.9;age_at_travis_months:4.979;log_num_authors:20.553,down
STRA,13,PGai,issues_close_count,True,True,True,True,False,True,True,HC1,False,True,11044,304,-0.03852823425924414,0.004093372231461508,4.851862458629301e-21,***,1.8772092420666289,0.28974785370099565,9.247431039656682e-11,***,-0.029833689215951958,0.00808570200659611,0.00022453235577047406,***,1.0411773796318193,0.21600434574950894,1.4343689763539796e-06,***,-0.002688054652730266,0.01088495145994084,0.8049457902003402,,1.7362796445470299,0.2459725836027195,1.67905464408776e-12,***,88.592250371178,41.97444013918308,13.613771573187005,0.10181847141426308,0.3773957249437745,31.463240495702717,time_centered:1.929;intervention:5.095;time_after_ortho:1.14;log_total_commits:31.463;age_at_travis_months:5.096;log_num_authors:22.348,down
STRA,13,PGai,issues_open_count,True,True,True,True,False,True,True,HC1,False,True,13248,304,-0.055875114112675636,0.003326033628773662,2.4684423954730665e-63,***,2.0199511449510026,0.2941246406780924,6.525869352755949e-12,***,-0.040296902753983795,0.006576410009298955,8.927482794623456e-10,***,1.2307545611773802,0.2409331020826358,3.2509882770718225e-07,***,-0.018100521232679755,0.011997697482179255,0.13138409530662806,,2.1249784593529246,0.2756629192417618,1.2719356813594816e-14,***,282.21726208768104,47.16489935011131,37.54616386251794,0.14710568891125744,0.5016995017755893,30.938252615280657,time_centered:1.941;intervention:4.975;time_after_ortho:1.169;log_total_commits:30.938;age_at_travis_months:5.078;log_num_authors:22.383,down
STRA,13,PGai,modified_files,True,True,True,True,False,True,True,HC1,False,True,16150,304,-0.006552607720005273,0.0018691511939488625,0.0004554774304998083,***,0.14470700976437273,0.16893016082143353,0.3916612927612657,,-0.002725698376536547,0.0037900723342272047,0.4720374726164256,,0.08463940975870524,0.14484775108061543,0.55899588165259,,-0.008879343554387855,0.007287130815693581,0.22303534564289063,,0.06507278884206022,0.16687890309860337,0.6965807846348515,,12.289648830033817,0.7337781029866943,0.5172024741141449,0.0023568934958705995,0.3503712234850857,28.302925057288363,time_centered:2.169;intervention:4.782;time_after_ortho:1.162;log_total_commits:28.303;age_at_travis_months:4.985;log_num_authors:20.859,ns
STRA,13,PGai,pr_latency,True,True,True,True,False,True,True,HC1,False,True,13017,304,6.270103294917717,0.47163776057557855,2.4973338447997434e-40,***,-60.31152142709556,31.31027366693282,0.05407273972259288,,-0.3973263435674835,0.9433071740881743,0.6736048940957184,,-77.05012370739533,17.274897087569034,8.186932193728589e-06,***,3.641072553659992,0.8763615848832612,3.2562834898418505e-05,***,56.68197717756403,19.47003659950255,0.00359995733187027,**,176.7389432331362,3.7104522005373384,0.1774142283085365,0.03378060038223951,0.14011104255847243,32.55477938194964,time_centered:1.937;intervention:5.596;time_after_ortho:1.135;log_total_commits:32.555;age_at_travis_months:5.513;log_num_authors:22.294,ns
STRA,13,PGai,pr_merge_ratio,True,True,True,True,False,True,True,HC1,False,True,13281,304,-0.0011367835015188,0.00015827307203454755,6.848869753135895e-13,***,-0.00880519409806952,0.012651759628028952,0.48645014457282043,,0.0005200402838375289,0.000323130328765796,0.10753273790794277,,0.01864404800487023,0.00961042562910442,0.05238193725518733,,-0.0010965780955219772,0.0004750704673847652,0.020985623050496494,*,-0.01579638913052895,0.010903381100862931,0.14740444563215394,,51.58714103514836,0.48436862439440775,2.590111906817286,0.015847973449713726,0.29732517907568906,32.2504242179438,time_centered:1.949;intervention:5.591;time_after_ortho:1.138;log_total_commits:32.25;age_at_travis_months:5.496;log_num_authors:22.071,ns
STRA,13,PGai,prs_close_count,True,True,True,True,False,True,True,HC1,False,True,13148,304,-0.04164477524695774,0.006165047939828069,1.4285500638759937e-11,***,4.125802033933576,0.5685357311718585,3.960875818853316e-13,***,-0.0663276506820475,0.012666364495857629,1.6363394012536828e-07,***,2.5663782867411724,0.5183540139812023,7.38275673617645e-07,***,-0.009166586070820116,0.02535106312381875,0.7176615295616462,,3.0034654194887778,0.5862515020754142,3.004431130964603e-07,***,45.629754174493634,52.662472173602744,27.421124902590684,0.13100917834947792,0.5015600838029123,32.08119693051503,time_centered:1.955;intervention:5.571;time_after_ortho:1.14;log_total_commits:32.081;age_at_travis_months:5.492;log_num_authors:22.102,down
STRA,13,PGai,prs_open_count,True,True,True,True,False,True,True,HC1,False,True,14024,304,-0.05174651669154699,0.005684154042679527,8.735048833982221e-20,***,4.385978914582865,0.5509616842675206,1.712237727675446e-15,***,-0.06534350315264949,0.011681420673841177,2.221558955451326e-08,***,2.6602299178657716,0.5224955115535129,3.554426960612857e-07,***,-0.01269773979744427,0.025571153764959543,0.6194958444631731,,3.042828366186708,0.5907243373774573,2.5908410459833997e-07,***,82.87633999124137,63.370959639627394,31.290571803076457,0.1409045322380296,0.5341477433067612,31.752480354637807,time_centered:1.964;intervention:5.556;time_after_ortho:1.149;log_total_commits:31.752;age_at_travis_months:5.48;log_num_authors:21.913,down
STRA,13,PGai,releases_count,True,True,True,True,False,True,True,HC1,False,True,6888,304,-0.00831496745344779,0.0014119964548343117,3.89005320943806e-09,***,0.247245243516615,0.09844700411456588,0.01202345352473516,*,0.009330238027500793,0.0028639168651375868,0.0011225607225626333,**,0.17863723280538443,0.06386441314268985,0.005155836638727258,**,0.004787662823929126,0.003239083793874252,0.1393832392923267,,-0.022579830589751982,0.07274836519917892,0.7562699841334783,,34.677988213030545,6.307407380215793,10.613646840895578,0.01720700965422243,0.3374672737771645,33.11675353454842,time_centered:1.852;intervention:5.549;time_after_ortho:1.143;log_total_commits:33.117;age_at_travis_months:5.423;log_num_authors:22.182,up
STRA,14,JTai,code_churn_size,True,True,True,True,False,True,True,HC1,False,True,3303,48,-3.7966837427190487,1.253416854903028,0.0024531020145191393,**,41.20297697046605,107.12112027130256,0.7005047818261846,,13.858549694126356,5.382513265582666,0.01003166761962364,*,184.083363266919,107.30301884411504,0.0862450010948955,,39.79967827293075,14.672653088213579,0.006677631520577706,**,-196.07882685563524,146.87311816229092,0.1818691842453224,,9.175247423545906,0.14794727802702856,6.629264530933198,0.05326820538392347,0.4622317697016231,37.6788767547288,time_centered:1.83;intervention:7.935;time_after_ortho:1.306;log_total_commits:37.679;age_at_travis_months:7.597;log_num_authors:26.624,up
STRA,14,JTai,commit_frequency,True,True,True,True,False,True,True,HC1,False,True,3337,48,-0.16777708910043307,0.0656769087177129,0.010631519747372248,*,14.756144310295502,12.14914687519317,0.224525268528873,,-0.9732717947340587,0.28667901973293936,0.000686316410760566,***,57.369975963436616,12.9702299804219,9.724773826418332e-06,***,-2.3248728739200346,1.5259682341371361,0.12762378729645257,,-15.655419204377342,15.687163978404897,0.3182908097170758,,6.525892327775779,1.4752112742866235,11.525942641171333,0.3319231859553297,0.7648624154804957,37.73210789173962,time_centered:1.857;intervention:7.917;time_after_ortho:1.296;log_total_commits:37.732;age_at_travis_months:7.686;log_num_authors:26.248,down
STRA,14,JTai,commit_merge_ratio,True,True,True,True,False,True,True,HC1,False,True,3337,48,-0.00020317309651206867,0.0001116765243533161,0.06886567919421151,,0.01730128398619006,0.016155836768098373,0.2842144406587558,,-0.0012838831759751116,0.0004874669845916138,0.008443896600421968,**,0.010347069065647347,0.012173832300903638,0.39535652526038845,,-0.001422845676935799,0.0015824690935946075,0.3685833392307617,,0.011781449029704037,0.01625995978830055,0.4687170024632188,,3.309852351726314,1.1468265967237734,6.936822820683457,0.037557578621210584,0.46848781274206786,37.85270641550665,time_centered:1.835;intervention:7.883;time_after_ortho:1.3;log_total_commits:37.853;age_at_travis_months:7.617;log_num_authors:26.586,down
STRA,14,JTai,issues_close_count,True,True,True,True,False,True,True,HC1,False,True,2191,48,-0.032430830455244856,0.01159502308207902,0.005158571702740716,**,2.5058861952162794,1.2331421885770608,0.04214205979009375,*,-0.09836335812809366,0.07335866490780976,0.17996742214139327,,0.4157005235335745,0.7422626165668916,0.5754486921019087,,-0.09629623998945551,0.09128002239562838,0.29144628702986164,,4.0452461538306315,1.0254165933093426,7.980722342279661e-05,***,7.822992331365179,4.12948958252036,1.7978930629557683,0.1546539757271234,0.3754508644609464,39.25643500109506,time_centered:1.422;intervention:9.041;time_after_ortho:1.308;log_total_commits:39.256;age_at_travis_months:7.96;log_num_authors:25.441,ns
STRA,14,JTai,issues_open_count,True,True,True,True,False,True,True,HC1,False,True,2529,47,-0.06612196558729042,0.00877349235378142,4.825250811444318e-14,***,2.896808525942643,1.0200226706995272,0.004512127904029172,**,-0.15952896771561023,0.05451043189426408,0.0034271482943733574,**,0.6008899967023377,0.9285573893760026,0.517552930879297,,-0.17755082394238067,0.11033603486453707,0.10757642692116874,,3.911582384886413,1.233505080079362,0.0015185674113803304,**,56.7997607778902,8.065288952820213,8.56485202141221,0.2072082916108655,0.5028107257682468,41.17802649701847,time_centered:1.475;intervention:9.348;time_after_ortho:1.339;log_total_commits:41.178;age_at_travis_months:8.261;log_num_authors:25.119,down
STRA,14,JTai,modified_files,True,True,True,True,False,True,True,HC1,False,True,3312,48,-0.043511957795686965,0.008293971954522498,1.552559450428532e-07,***,1.5761212561978972,0.8176636577835431,0.05390599661392914,,0.21751981709112986,0.03620163361421498,1.871742192847257e-09,***,0.668000675185847,0.46852284447645287,0.15393791143708166,,0.14168955606873684,0.06184387505656942,0.021958515239765924,*,-0.43052074540169794,0.6263991022920423,0.49189707592781895,,27.52276893971128,3.7156077630970197,36.102836235235735,0.03315209576131478,0.22045069698128408,37.69224816273111,time_centered:1.831;intervention:7.938;time_after_ortho:1.303;log_total_commits:37.692;age_at_travis_months:7.618;log_num_authors:26.507,up
STRA,14,JTai,pr_latency,True,True,True,True,False,True,True,HC1,False,True,2774,48,3.9604756993022883,0.8352212176404537,2.117979779999936e-06,***,-47.47161929779597,85.60374944573329,0.5792020170001291,,-6.9353208839209906,5.624715932526433,0.21757270375925652,,-85.59488597898007,33.501598359951686,0.010620325957699411,*,0.8180492155928423,4.807564732057045,0.8648852896225768,,85.83143570351365,47.33519755415625,0.06979037675829561,,22.48493667964805,0.30752648042575476,1.5203092284772506,0.02841605565821152,0.08079023596234793,38.958711464754195,time_centered:1.409;intervention:9.503;time_after_ortho:1.354;log_total_commits:38.959;age_at_travis_months:8.437;log_num_authors:28.766,ns
STRA,14,JTai,pr_merge_ratio,True,True,True,True,False,True,True,HC1,False,True,2831,48,-0.0008742860150369174,0.00026386016261716755,0.0009215438146750356,***,0.04897518133780424,0.04475711340438698,0.27384818883447404,,-0.0019750882930829523,0.0018593586901933807,0.2881259840120175,,0.06127641578013331,0.024604839702208017,0.012759176594718482,*,-0.0014645097728886193,0.0034518666474229426,0.6713718073272146,,-0.04433271429222219,0.035134902626540725,0.20702594412479403,,10.978914716881881,1.1973688820960948,1.1283573802042788,0.038064764733608626,0.582957017942384,39.022574089609975,time_centered:1.416;intervention:9.597;time_after_ortho:1.348;log_total_commits:39.023;age_at_travis_months:8.436;log_num_authors:28.768,ns
STRA,14,JTai,prs_close_count,True,True,True,True,False,True,True,HC1,False,True,2802,48,0.10200956836535735,0.02943931394008113,0.0005300744138150973,***,5.595252366379754,4.724344057165925,0.23627659742644402,,0.024832219472313115,0.2045444619797821,0.9033721964405995,,16.4122786100446,5.003499210427078,0.0010374818381181695,**,-0.9175446125299737,0.5733136317162035,0.10950466393968263,,-4.883627659873684,6.011059621850777,0.4165389746387834,,12.006777150717234,1.4026726297866468,0.014738579383425826,0.2549649089605813,0.6581464560984773,38.848285324679566,time_centered:1.441;intervention:9.631;time_after_ortho:1.343;log_total_commits:38.848;age_at_travis_months:8.464;log_num_authors:28.41,ns
STRA,14,JTai,prs_open_count,True,True,True,True,False,True,True,HC1,False,True,2989,48,0.08030250537782525,0.027010238087744397,0.0029486647915158114,**,5.872259820163193,4.550020240169722,0.1968421340306803,,0.006080889743889733,0.18607038074466678,0.9739293029033357,,16.187351580889157,5.028068508570903,0.0012846024172137953,**,-0.9045683681158467,0.5713523997604291,0.11337459086647175,,-4.689092494636787,5.978604091982885,0.4328569066383523,,8.83896400913319,1.6656504579680813,0.0010680209345162108,0.25219293560824724,0.6800813788263778,39.22299496606786,time_centered:1.471;intervention:9.781;time_after_ortho:1.341;log_total_commits:39.223;age_at_travis_months:8.589;log_num_authors:28.061,ns
STRA,14,JTai,releases_count,True,True,True,True,False,True,True,HC1,False,True,1630,48,0.01318871740594978,0.004582329867444479,0.003999914477872647,**,-0.7772285620426541,0.6442673711901413,0.22767262466980376,,-0.012164432444691177,0.04108520016711412,0.7671703557073661,,0.5787920635155925,0.7327726758445123,0.4296061561068165,,0.04480330433601158,0.09883839774000307,0.6503337625476977,,0.5572671484214059,0.9831454247182934,0.5708360257011844,,8.283853820003543,1.4553425585019346,0.0876623053085679,0.055074918844584805,0.7503125350762886,43.188696098741524,time_centered:1.247;intervention:9.893;time_after_ortho:1.214;log_total_commits:43.189;age_at_travis_months:8.952;log_num_authors:31.353,ns
STRA,15,PTai,code_churn_size,True,True,True,True,False,True,True,HC1,False,True,4234,61,-0.9759892745962223,0.5409140344583141,0.07117905224964768,,-82.53137446323885,59.66624529882828,0.1665982891322012,,1.0982601007787989,1.1403725136366503,0.33551171627312937,,32.75919882913526,54.327969336969,0.5465156282605395,,12.2419696227496,5.254123997150763,0.019807552331935076,*,32.60923188620202,67.24178842481565,0.6277083681671283,,3.255619123059124,1.913289716036463,0.9275064329061469,0.025082886596834362,0.2990965444534887,41.02557096090225,time_centered:1.799;intervention:6.572;time_after_ortho:1.101;log_total_commits:41.026;age_at_travis_months:8.375;log_num_authors:33.707,ns
STRA,15,PTai,commit_frequency,True,True,True,True,False,True,True,HC1,False,True,4278,61,-0.14589149081418298,0.016120508200198197,1.4289594299253266e-19,***,8.62811008461686,1.9255175271729483,7.4318335115111275e-06,***,-0.2684862475758178,0.034490047350202294,7.001394004842807e-15,***,12.565151231860291,1.1280308090209399,8.101104575100726e-29,***,-0.1889237826567899,0.11442939872655719,0.09873706641177944,,-2.1032186220299187,1.3634974414438434,0.1229478962735954,,81.90350108832547,20.07873753529835,60.5977513971799,0.1711256363067315,0.3237337930943607,40.59766289296362,time_centered:1.817;intervention:6.499;time_after_ortho:1.104;log_total_commits:40.598;age_at_travis_months:8.357;log_num_authors:33.616,down
STRA,15,PTai,commit_merge_ratio,True,True,True,True,False,True,True,HC1,False,True,4279,61,7.115467780770617e-05,9.01131281071255e-05,0.4297526444080273,,0.028518422868163463,0.015367643816064312,0.0634899626169046,,-0.0004030360114722275,0.00019197324231704795,0.035778265860827475,*,-0.010099874807155408,0.013254387770034154,0.4460585935561687,,0.0012677070875432483,0.0013247731032168697,0.33860565058136805,,-0.007599396956156299,0.01587338372204237,0.6321158409273846,,0.6234918509834001,3.4437882237298565,4.407641918650608,0.02152561501644613,0.3214248373743476,40.664342330434096,time_centered:1.812;intervention:6.532;time_after_ortho:1.101;log_total_commits:40.664;age_at_travis_months:8.349;log_num_authors:33.567,down
STRA,15,PTai,issues_close_count,True,True,True,True,False,True,True,HC1,False,True,2909,61,-0.022075000249938522,0.007365231820933745,0.002724806975822609,**,2.1895610964740797,0.5601031793286255,9.259834233001997e-05,***,-0.04190112784882419,0.02256134242836301,0.06328142731982647,,0.8230217386363469,0.35725720454738746,0.021238182228578335,*,-0.022507199090855124,0.033364212789047894,0.49993562549398207,,1.0134558074025262,0.44763046044490257,0.023571305767191044,*,8.983148782047287,15.281924873416557,3.4492252102121213,0.07537335114999325,0.17305729726918415,56.142178403028716,time_centered:1.368;intervention:8.35;time_after_ortho:1.369;log_total_commits:56.142;age_at_travis_months:8.255;log_num_authors:42.42,ns
STRA,15,PTai,issues_open_count,True,True,True,True,False,True,True,HC1,False,True,3478,61,-0.0186029752711295,0.0062583578640987994,0.0029538420770930007,**,1.6810965448711097,0.6263092176553113,0.007271841288841421,**,-0.048578467494692544,0.020601271056055716,0.018372082485925548,*,0.9080475558338184,0.37764844185270574,0.01619555922429373,*,-0.02739308489152003,0.035410747048503124,0.4391785483797068,,0.8334285600376419,0.4904005630049527,0.08922777735635307,,8.835762443633742,7.204564009442315,5.560317454926533,0.0820827961003524,0.3196163256909443,53.976649673906756,time_centered:1.388;intervention:8.102;time_after_ortho:1.343;log_total_commits:53.977;age_at_travis_months:7.749;log_num_authors:41.137,down
STRA,15,PTai,modified_files,True,True,True,True,False,True,True,HC1,False,True,4237,61,-0.006828953389867166,0.0027307432490220333,0.012392457916999415,*,-0.6960129640614858,0.3536608035862091,0.04906527154378619,*,0.0017679617833427032,0.0057477642313901265,0.758393405761759,,-0.299165286010117,0.31225494031742423,0.3380223021720712,,0.07177172660428913,0.030384836044934437,0.018172215037645018,*,0.4531519459216936,0.37821256848021556,0.23086216990849862,,6.253837030170535,3.8731186286745323,0.09461235553189094,0.03596337552427104,0.4492592403004959,40.87493052193608,time_centered:1.806;intervention:6.552;time_after_ortho:1.102;log_total_commits:40.875;age_at_travis_months:8.464;log_num_authors:33.574,ns
STRA,15,PTai,pr_latency,True,True,True,True,False,True,True,HC1,False,True,3282,61,5.624874422524241,0.935625287077069,1.833750173660422e-09,***,-66.51545585679925,65.13015416788453,0.3071266570775516,,7.318745895024569,2.8722247173219713,0.01083081654217295,*,-62.11530225592012,43.57147535544856,0.15398511565997122,,-2.3077750073254713,3.8319036473880317,0.5470058210218063,,44.76020429366135,50.34141711918558,0.3739317222016302,,36.142797152970196,1.0429918894793027,6.4928670039164205,0.046526433029403146,0.05829714285616611,52.23290727246588,time_centered:1.3;intervention:9.829;time_after_ortho:1.334;log_total_commits:52.233;age_at_travis_months:8.142;log_num_authors:35.669,up
STRA,15,PTai,pr_merge_ratio,True,True,True,True,False,True,True,HC1,False,True,3350,61,-0.000476326355977698,0.0003540528222237685,0.1785109651892195,,-0.0140190684064258,0.028119750455234214,0.6180972682591449,,-0.0036594906604394393,0.00119044092104025,0.0021116467365350673,**,0.020230189490964032,0.021714869126458418,0.3515285838785518,,-0.0001685929574604044,0.002146724884171188,0.9374025203445896,,-0.0607619625545854,0.027497607478374802,0.027124728729343545,*,1.8099771982687334,0.2485509258622016,9.449864729551493,0.03935903897667293,0.284380885682119,51.78351415772558,time_centered:1.315;intervention:9.632;time_after_ortho:1.338;log_total_commits:51.784;age_at_travis_months:8.192;log_num_authors:35.678,down
STRA,15,PTai,prs_close_count,True,True,True,True,False,True,True,HC1,False,True,3316,61,-0.0018706621893031829,0.010159053895362938,0.8539056348123861,,2.926798256619655,0.9128244788215125,0.0013444905955822622,**,-0.023574822033451872,0.0329046126966717,0.47370767271608694,,0.9104772679935544,0.6374334342451586,0.15319149404504917,,-0.01249033450027547,0.05666538544674323,0.825542005962944,,1.1619876459510035,0.7412598931232539,0.11697809175228499,,0.033906597251616724,10.280423829654456,0.5133142009045543,0.04880822088255026,0.1850819034187937,51.37697277108671,time_centered:1.319;intervention:9.57;time_after_ortho:1.34;log_total_commits:51.377;age_at_travis_months:8.15;log_num_authors:35.533,ns
STRA,15,PTai,prs_open_count,True,True,True,True,False,True,True,HC1,False,True,3567,61,-0.00448960132167367,0.009125926461829336,0.622746804579449,,3.0780926175001975,0.9133416268748329,0.00075128967766388,***,-0.02926913475777032,0.03037768714381958,0.33529281365458663,,0.9830990231349361,0.5955327747322336,0.09878164320302348,,-0.006133705650201995,0.052569895336973836,0.9071158969334205,,0.9562233990282453,0.6914774267469432,0.16670472609176834,,0.24202577792834654,11.357869206155891,0.928347042698838,0.05033154360272927,0.20041018261833465,51.279127606751075,time_centered:1.325;intervention:9.636;time_after_ortho:1.32;log_total_commits:51.279;age_at_travis_months:8.033;log_num_authors:35.587,ns
STRA,15,PTai,releases_count,True,True,True,True,False,True,True,HC1,False,True,1491,61,-0.003376288657356346,0.0021490169157824795,0.1161628613290883,,0.23814010884656253,0.14640073039683368,0.10381528463922056,,-0.013641499865050083,0.006042286248961904,0.023966122489657016,*,-0.038739239325294515,0.10946385576699019,0.723413958702054,,0.00549654602813579,0.010250084282697655,0.5917899391059471,,0.04479642887030895,0.13211666610144718,0.734559102274771,,2.4683086858043723,2.645931573641921,5.097082399838671,0.03787689356803223,0.13197526720174485,47.9358255633,time_centered:1.309;intervention:9.47;time_after_ortho:1.308;log_total_commits:47.936;age_at_travis_months:6.961;log_num_authors:36.197,down
