repo,defaultBranch,size,releases,commits,watchers,stargazers,contributors,createdAt,totalIssues,openIssues,mainLanguage,lastCommit,totalPullRequests,ci_type,ci_adoption_time,avg_contribution,open_issue_ratio,issues_per_day,commits_per_day,project_age_days,avg_issues_close_time,test_percentage,open_issue_ratio_bucket,project_age_days_bucket,ci_type_bucket,mainLanguage_bucket,bucket_id,bucket_desc,bucket_name
ihmcrobotics/euclid,develop,22108.0,41.0,2167.0,3.0,31.0,31.0,2017-02-16 21:12:34+00:00,61.0,23.0,Java,2025-04-21T07:27:39,12.0,GitHubActions,2023-12-12 15:38:09+00:00,69.90322580645162,0.3770491803278688,0.0193712289615751,0.6881549698316926,3149,6.48,67.47515353241761,high,low,GitHubActions,Java,4,open_issue_ratio=high | project_age_days=low | ci_type=GitHubActions | mainLanguage=Java,JGaI
eclipse-lsp4j/lsp4j,main,3462.0,21.0,854.0,27.0,643.0,63.0,2016-11-10 16:10:59+00:00,468.0,62.0,Java,2025-01-31T07:09:04,404.0,GitHubActions,2023-03-13 13:32:29+00:00,13.555555555555555,0.1324786324786324,0.1441330458885124,0.2630120110871574,3247,35.87,37.442114378223714,low,low,GitHubActions,Java,12,open_issue_ratio=low | project_age_days=low | ci_type=GitHubActions | mainLanguage=Java,JGai
bancika/diy-layout-creator,master,1480782.0,96.0,2319.0,53.0,1019.0,19.0,2015-03-27 15:08:12+00:00,848.0,57.0,Java,2025-04-21T06:46:41,65.0,GitHubActions,2020-03-23 16:15:37+00:00,122.05263157894736,0.0672169811320754,0.2207758396250976,0.603749023691747,3841,176.4,0.3295162167550756,low,high,GitHubActions,Java,8,open_issue_ratio=low | project_age_days=high | ci_type=GitHubActions | mainLanguage=Java,JGAi
ansys/pymapdl,main,311140.0,56.0,2430.0,34.0,448.0,56.0,2016-10-12 12:06:55+00:00,1275.0,207.0,Python,2025-04-24T09:31:19,2238.0,TravisCI,2018-07-11 12:44:58+00:00,43.392857142857146,0.1623529411764706,0.3891941391941392,0.7417582417582418,3276,56.15,38.90155440414508,low,low,TravisCI,Python,15,open_issue_ratio=low | project_age_days=low | ci_type=TravisCI | mainLanguage=Python,PTai
react-native-webrtc/react-native-webrtc,master,431972.0,80.0,1072.0,121.0,4781.0,133.0,2015-09-27 10:57:30+00:00,1227.0,35.0,Java,2025-04-11T06:23:29,465.0,GitHubActions,2022-10-04 08:47:57+00:00,8.06015037593985,0.0285248573757131,0.3355209187858901,0.2931364506426032,3657,41.81,1.3562900998944205,low,high,GitHubActions,Java,8,open_issue_ratio=low | project_age_days=high | ci_type=GitHubActions | mainLanguage=Java,JGAi
jpmml/jpmml-xgboost,master,19439.0,50.0,444.0,8.0,129.0,1.0,2016-02-24 11:07:32+00:00,72.0,2.0,Java,2025-04-10T05:48:44,2.0,GitHubActions,2020-12-25 16:31:51+00:00,444.0,0.0277777777777777,0.020530367835757,0.1266039349871685,3507,63.63,2.0215982721382293,low,low,GitHubActions,Java,12,open_issue_ratio=low | project_age_days=low | ci_type=GitHubActions | mainLanguage=Java,JGai
tabbycatdebate/tabbycat,develop,59132.0,105.0,11147.0,11.0,252.0,53.0,2012-10-27 00:55:12+00:00,1115.0,293.0,Python,2025-04-26T08:59:18,1518.0,TravisCI,2016-01-23 20:05:50+00:00,210.3207547169812,0.262780269058296,0.2361287590004235,2.360652265988988,4722,128.13,1.5353085150750487,low,high,TravisCI,Python,11,open_issue_ratio=low | project_age_days=high | ci_type=TravisCI | mainLanguage=Python,PTAi
py-why/dowhy,main,730716.0,16.0,1074.0,140.0,7438.0,105.0,2018-05-31 13:07:04+00:00,493.0,137.0,Python,2025-04-21T07:17:16,771.0,GitHubActions,2020-11-21 15:22:26+00:00,10.228571428571428,0.2778904665314402,0.183955223880597,0.4007462686567164,2680,48.55,9.944556513990817,low,low,GitHubActions,Python,13,open_issue_ratio=low | project_age_days=low | ci_type=GitHubActions | mainLanguage=Python,PGai
playpauseandstop/aiohttp-middlewares,main,778.0,30.0,211.0,3.0,53.0,5.0,2017-05-13 12:52:52+00:00,16.0,8.0,Python,2024-08-14T04:06:14,236.0,GitHubActions,2020-03-10 18:38:20+00:00,42.2,0.5,0.0052236369572314,0.06888671237349,3063,85.8,32.06319702602231,high,low,GitHubActions,Python,5,open_issue_ratio=high | project_age_days=low | ci_type=GitHubActions | mainLanguage=Python,PGaI
apache/streampark,dev,62232.0,28.0,1994.0,76.0,4052.0,180.0,2019-05-27 05:56:03+00:00,1524.0,261.0,Java,2025-04-24T10:40:03,2546.0,GitHubActions,2021-11-15 08:52:27+00:00,11.077777777777778,0.171259842519685,0.6571798188874515,0.8598533850797757,2319,114.12,8.591917011870366,low,low,GitHubActions,Java,12,open_issue_ratio=low | project_age_days=low | ci_type=GitHubActions | mainLanguage=Java,JGai
3b1b/manim,master,76438.0,13.0,6328.0,925.0,77091.0,193.0,2015-03-22 18:50:58+00:00,1198.0,457.0,Python,2025-03-20T07:00:35,863.0,TravisCI,2018-09-24 07:31:30+00:00,32.78756476683938,0.3814691151919866,0.3114924596983879,1.6453458138325534,3846,37.35,0.0,high,high,TravisCI,Python,3,open_issue_ratio=high | project_age_days=high | ci_type=TravisCI | mainLanguage=Python,PTAI
hl7/fhir-ig-publisher,master,16826.0,302.0,3956.0,22.0,80.0,39.0,2019-04-01 01:59:07+00:00,490.0,191.0,Java,2025-04-26T01:22:06,586.0,GitHubActions,2022-02-11 16:12:13+00:00,101.43589743589745,0.3897959183673469,0.2063157894736842,1.665684210526316,2375,242.2,1.823003993537177,high,low,GitHubActions,Java,4,open_issue_ratio=high | project_age_days=low | ci_type=GitHubActions | mainLanguage=Java,JGaI
snarfed/granary,main,9798.0,33.0,3676.0,20.0,482.0,22.0,2012-02-27 05:30:53+00:00,177.0,37.0,Python,2025-04-24T06:11:42,727.0,GitHubActions,2020-09-24 15:53:41+00:00,167.0909090909091,0.2090395480225988,0.0356495468277945,0.7403826787512588,4965,154.07,57.63174769040778,low,high,GitHubActions,Python,9,open_issue_ratio=low | project_age_days=high | ci_type=GitHubActions | mainLanguage=Python,PGAi
wisser/jailer,master,437493.0,244.0,5453.0,35.0,2985.0,11.0,2011-06-20 13:28:18+00:00,72.0,4.0,Java,2025-04-24T07:30:23,13.0,GitHubActions,2023-02-24 09:53:01+00:00,495.7272727272728,0.0555555555555555,0.0138010350776308,1.04523672608779,5217,46.5,0.378499248698575,low,high,GitHubActions,Java,8,open_issue_ratio=low | project_age_days=high | ci_type=GitHubActions | mainLanguage=Java,JGAi
antlr/antlr4,dev,70566.0,31.0,9398.0,372.0,17870.0,437.0,2010-02-04 01:36:28+00:00,2360.0,1018.0,Java,2025-04-03T04:44:07,2135.0,TravisCI,2015-06-23 00:13:20+00:00,21.505720823798622,0.4313559322033898,0.4127317243791535,1.6435816719132563,5718,65.49,19.177658233546413,high,high,TravisCI,Java,2,open_issue_ratio=high | project_age_days=high | ci_type=TravisCI | mainLanguage=Java,JTAI
googleads/googleads-mobile-android-examples,main,13010.0,25.0,358.0,214.0,1762.0,19.0,2013-12-04 19:36:18+00:00,420.0,161.0,Java,2025-04-09T05:59:52,326.0,TravisCI,2018-09-06 16:53:48+00:00,18.84210526315789,0.3833333333333333,0.0972447325769854,0.0828895577680018,4319,119.29,0.0,high,high,TravisCI,Java,2,open_issue_ratio=high | project_age_days=high | ci_type=TravisCI | mainLanguage=Java,JTAI
cfpb/consumerfinance.gov,main,4849480.0,1791.0,26169.0,59.0,302.0,105.0,2014-04-16 19:22:03+00:00,496.0,41.0,Python,2025-04-25T09:55:16,8287.0,TravisCI,2015-06-05 23:53:00+00:00,249.22857142857143,0.0826612903225806,0.1184902054467271,6.251552795031056,4186,177.46,10.672816746454163,low,high,TravisCI,Python,11,open_issue_ratio=low | project_age_days=high | ci_type=TravisCI | mainLanguage=Python,PTAi
prettytable/prettytable,main,711.0,31.0,713.0,26.0,1487.0,65.0,2016-01-15 02:39:17+00:00,143.0,28.0,Python,2025-04-08T06:15:23,241.0,TravisCI,2018-09-18 13:37:05+00:00,10.96923076923077,0.1958041958041958,0.0403157597970115,0.20101494220468,3547,192.55,63.34563345633456,low,high,TravisCI,Python,11,open_issue_ratio=low | project_age_days=high | ci_type=TravisCI | mainLanguage=Python,PTAi
oddlama/vane,main,64841.0,53.0,1188.0,5.0,308.0,25.0,2020-08-08 18:39:04+00:00,228.0,49.0,Java,2025-04-23T07:56:54,76.0,GitHubActions,2022-08-26 22:51:18+00:00,47.52,0.2149122807017544,0.1212765957446808,0.6319148936170212,1880,77.63,0.0,low,low,GitHubActions,Java,12,open_issue_ratio=low | project_age_days=low | ci_type=GitHubActions | mainLanguage=Java,JGai
stanfordnlp/corenlp,main,396430.0,18.0,17340.0,489.0,9871.0,158.0,2013-06-27 21:13:49+00:00,1131.0,183.0,Java,2025-03-24T06:38:02,298.0,TravisCI,2017-01-08 01:47:20+00:00,109.74683544303798,0.1618037135278514,0.2525117213663764,3.871399866041527,4479,76.58,9.338028288807806,low,high,TravisCI,Java,10,open_issue_ratio=low | project_age_days=high | ci_type=TravisCI | mainLanguage=Java,JTAi
chaosdorf/meteroid,main,8721.0,34.0,440.0,6.0,10.0,8.0,2013-05-20 21:07:50+00:00,28.0,7.0,Java,2024-09-10T04:19:31,2.0,TravisCI,2016-06-22 13:19:37+00:00,55.0,0.25,0.0061988045162718,0.0974097852557006,4517,24.98,0.0,low,high,TravisCI,Java,10,open_issue_ratio=low | project_age_days=high | ci_type=TravisCI | mainLanguage=Java,JTAi
garmelon/pferd,master,780.0,32.0,743.0,3.0,149.0,20.0,2018-11-14 20:49:50+00:00,58.0,17.0,Python,2025-04-25T11:45:57,53.0,GitHubActions,2020-10-06 10:03:16+00:00,37.15,0.293103448275862,0.0230799840827695,0.2956625547154795,2513,152.33,0.0,low,low,GitHubActions,Python,13,open_issue_ratio=low | project_age_days=low | ci_type=GitHubActions | mainLanguage=Python,PGai
bitpay/java-bitpay-client,10.1.x,15353.0,59.0,646.0,9.0,41.0,25.0,2014-11-12 20:12:42+00:00,25.0,3.0,Java,2025-04-22T12:59:44,327.0,GitHubActions,2022-08-05 02:30:59+00:00,25.84,0.12,0.0062877263581488,0.1624748490945674,3976,47.95,10.273700195241885,low,high,GitHubActions,Java,8,open_issue_ratio=low | project_age_days=high | ci_type=GitHubActions | mainLanguage=Java,JGAi
greenbone/python-gvm,main,6946.0,59.0,3563.0,23.0,114.0,40.0,2018-11-02 08:24:17+00:00,50.0,9.0,Python,2025-04-25T10:31:57,1172.0,GitHubActions,2021-05-24 13:31:54+00:00,89.075,0.18,0.0198019801980198,1.411089108910891,2525,6.83,113.99718289684152,low,low,GitHubActions,Python,13,open_issue_ratio=low | project_age_days=low | ci_type=GitHubActions | mainLanguage=Python,PGai
scikit-hep/particle,main,1930.0,50.0,696.0,6.0,153.0,17.0,2018-11-20 09:32:10+00:00,95.0,10.0,Python,2025-04-22T07:52:07,573.0,GitHubActions,2019-12-02 10:03:58+00:00,40.94117647058823,0.1052631578947368,0.0378938970881531,0.2776226565616274,2507,59.64,13.08478974280699,low,low,GitHubActions,Python,13,open_issue_ratio=low | project_age_days=low | ci_type=GitHubActions | mainLanguage=Python,PGai
asfadmin/thin-egress-app,main,3216.0,41.0,1566.0,22.0,18.0,33.0,2019-03-19 17:25:56+00:00,68.0,13.0,Python,2025-02-27T05:12:50,793.0,GitHubActions,2022-01-10 17:40:16+00:00,47.45454545454545,0.1911764705882352,0.0284757118927973,0.6557788944723618,2388,83.1,51.33352451964439,low,low,GitHubActions,Python,13,open_issue_ratio=low | project_age_days=low | ci_type=GitHubActions | mainLanguage=Python,PGai
forgeessentials/forgeessentials,1.16.5/develop,101875.0,17.0,5399.0,42.0,283.0,65.0,2012-10-25 21:17:59+00:00,2324.0,172.0,Java,2025-01-22T04:44:38,379.0,TravisCI,2014-11-27 03:25:05+00:00,83.06153846153846,0.0740103270223752,0.4919559695173581,1.142887383573243,4724,14.94,0.2421307506053268,low,high,TravisCI,Java,10,open_issue_ratio=low | project_age_days=high | ci_type=TravisCI | mainLanguage=Java,JTAi
cleanroommc/modularui,master,2931.0,19.0,531.0,1.0,30.0,8.0,2022-01-16 18:05:32+00:00,29.0,10.0,Java,2025-04-12T01:31:59,105.0,GitHubActions,2023-03-25 15:15:56+00:00,66.375,0.3448275862068966,0.0214180206794682,0.3921713441654357,1354,26.67,5.20923610251331,low,low,GitHubActions,Java,12,open_issue_ratio=low | project_age_days=low | ci_type=GitHubActions | mainLanguage=Java,JGai
bittytax/bittytax,master,4310.0,16.0,833.0,19.0,454.0,14.0,2019-04-25 21:15:44+00:00,330.0,72.0,Python,2025-04-26T05:11:09,89.0,GitHubActions,2023-02-13 23:00:15+00:00,59.5,0.2181818181818181,0.1403658017864738,0.3543173117822203,2351,81.86,0.0,low,low,GitHubActions,Python,13,open_issue_ratio=low | project_age_days=low | ci_type=GitHubActions | mainLanguage=Python,PGai
paulfitz/daff,master,1627.0,19.0,581.0,24.0,829.0,19.0,2013-01-11 22:44:40+00:00,112.0,46.0,Java,2024-08-09T01:17:36,91.0,TravisCI,2014-06-30 21:59:32+00:00,30.57894736842105,0.4107142857142857,0.0241067585019371,0.1250538097287989,4646,181.64,0.3702968987634728,high,high,TravisCI,Java,2,open_issue_ratio=high | project_age_days=high | ci_type=TravisCI | mainLanguage=Java,JTAI
mahlet-inc/hobbits,master,9657.0,63.0,777.0,19.0,700.0,15.0,2020-02-07 18:17:53+00:00,75.0,30.0,Python,2025-04-16T02:32:26,100.0,GitHubActions,2023-02-16 20:24:55+00:00,51.8,0.4,0.0363548230731943,0.3766359670382938,2063,79.29,0.0,high,low,GitHubActions,Python,5,open_issue_ratio=high | project_age_days=low | ci_type=GitHubActions | mainLanguage=Python,PGaI
into-cps-association/maestro,development,131304.0,35.0,2035.0,15.0,20.0,14.0,2017-12-12 10:31:26+00:00,231.0,92.0,Java,2025-03-27T11:54:19,206.0,GitHubActions,2020-04-29 09:28:18+00:00,145.35714285714286,0.3982683982683982,0.0810526315789473,0.7140350877192982,2850,59.31,13.41754548615135,high,low,GitHubActions,Java,4,open_issue_ratio=high | project_age_days=low | ci_type=GitHubActions | mainLanguage=Java,JGaI
netflix/zuul,master,5823.0,22.0,1777.0,896.0,13715.0,89.0,2013-03-13 18:53:57+00:00,558.0,7.0,Java,2025-04-07T11:04:50,1365.0,TravisCI,2015-01-02 19:23:30+00:00,19.96629213483146,0.0125448028673835,0.1217011995637949,0.3875681570338058,4585,899.69,41.61246995617135,low,high,TravisCI,Java,10,open_issue_ratio=low | project_age_days=high | ci_type=TravisCI | mainLanguage=Java,JTAi
pubnub/python,master,3352.0,64.0,1143.0,51.0,159.0,34.0,2013-02-22 19:25:58+00:00,22.0,14.0,Python,2025-04-10T01:16:08,189.0,TravisCI,2016-02-04 08:18:29+00:00,33.61764705882353,0.6363636363636364,0.0047784535186794,0.248262380538662,4604,12.63,18.80927048156543,high,high,TravisCI,Python,3,open_issue_ratio=high | project_age_days=high | ci_type=TravisCI | mainLanguage=Python,PTAI
eurodyn/qlack2,master,140959.0,22.0,627.0,19.0,10.0,22.0,2016-12-07 07:40:59+00:00,67.0,44.0,Java,2025-03-13T03:03:23,51.0,TravisCI,2020-01-13 10:01:58+00:00,28.5,0.6567164179104478,0.020807453416149,0.1947204968944099,3220,55.92,9.947534637326813,high,low,TravisCI,Java,6,open_issue_ratio=high | project_age_days=low | ci_type=TravisCI | mainLanguage=Java,JTaI
mitogen-hq/mitogen,master,14256.0,21.0,3757.0,40.0,2381.0,45.0,2016-08-14 02:24:16+00:00,582.0,306.0,Python,2025-02-26T04:41:19,385.0,TravisCI,2017-10-02 09:08:39+00:00,83.4888888888889,0.5257731958762887,0.1745127436281859,1.126536731634183,3335,70.02,26.125975706474097,high,low,TravisCI,Python,7,open_issue_ratio=high | project_age_days=low | ci_type=TravisCI | mainLanguage=Python,PTaI
moj-analytical-services/pydbtools,main,1869.0,49.0,450.0,7.0,11.0,16.0,2019-03-07 08:20:23+00:00,35.0,17.0,Python,2024-09-27T03:44:33,109.0,GitHubActions,2020-06-23 11:57:10+00:00,28.125,0.4857142857142857,0.0145833333333333,0.1875,2400,218.2,14.270724029380904,high,low,GitHubActions,Python,5,open_issue_ratio=high | project_age_days=low | ci_type=GitHubActions | mainLanguage=Python,PGaI
ververica/flink-cdc-connectors,master,42912.0,21.0,1326.0,133.0,6043.0,198.0,2020-07-27 19:23:33+00:00,1630.0,77.0,Java,2024-02-28T09:39:29,1051.0,GitHubActions,2021-08-05 16:35:09+00:00,6.696969696969697,0.0472392638036809,0.861522198731501,0.7008456659619451,1892,264.11,46.78580548439443,low,low,GitHubActions,Java,12,open_issue_ratio=low | project_age_days=low | ci_type=GitHubActions | mainLanguage=Java,JGai
ci-group/revolve2,master,39452.0,35.0,267.0,4.0,19.0,8.0,2020-07-07 07:54:34+00:00,250.0,42.0,Python,2025-02-26T04:15:41,338.0,GitHubActions,2022-01-06 14:27:27+00:00,33.375,0.168,0.1307531380753138,0.1396443514644351,1912,83.67,2.8637951105937134,low,low,GitHubActions,Python,13,open_issue_ratio=low | project_age_days=low | ci_type=GitHubActions | mainLanguage=Python,PGai
missionpinball/mpf,dev,50996.0,34.0,9205.0,28.0,224.0,70.0,2014-06-27 07:26:26+00:00,745.0,140.0,Python,2025-04-09T05:01:31,1141.0,TravisCI,2015-10-25 22:51:38+00:00,131.5,0.1879194630872483,0.1810889645114244,2.237481769567331,4114,61.63,53.92776811102152,low,high,TravisCI,Python,11,open_issue_ratio=low | project_age_days=high | ci_type=TravisCI | mainLanguage=Python,PTAi
artefactual/archivematica-storage-service,qa/0.x,8505.0,29.0,1112.0,17.0,36.0,49.0,2013-08-16 17:41:44+00:00,114.0,28.0,Python,2025-04-24T09:17:15,659.0,TravisCI,2017-05-10 22:43:08+00:00,22.693877551020407,0.2456140350877192,0.0257394445698803,0.2510724768570783,4429,0.0,17.588052009518425,low,high,TravisCI,Python,11,open_issue_ratio=low | project_age_days=high | ci_type=TravisCI | mainLanguage=Python,PTAi
zolyfarkas/spf4j,master,871673.0,55.0,32765.0,20.0,207.0,11.0,2012-12-14 02:06:21+00:00,50.0,11.0,Java,2024-02-13T01:02:09,30.0,TravisCI,2014-10-02 23:55:20+00:00,2978.6363636363635,0.22,0.0106974753958065,7.010055626872059,4674,89.84,29.34978465324778,low,high,TravisCI,Java,10,open_issue_ratio=low | project_age_days=high | ci_type=TravisCI | mainLanguage=Java,JTAi
meeds-io/meeds,develop,15041.0,89.0,1325.0,24.0,288.0,68.0,2020-03-24 11:10:23+00:00,2681.0,561.0,Java,2025-04-25T12:21:52,569.0,GitHubActions,2021-08-05 13:05:54+00:00,19.48529411764705,0.2092502797463633,1.329201784828954,0.6569162121963312,2017,96.5,0.0,low,low,GitHubActions,Java,12,open_issue_ratio=low | project_age_days=low | ci_type=GitHubActions | mainLanguage=Java,JGai
single-cell-data/soma,main,1167.0,51.0,229.0,15.0,74.0,17.0,2021-12-18 22:02:52+00:00,48.0,19.0,Python,2025-03-24T11:47:02,208.0,GitHubActions,2023-01-09 17:33:04+00:00,13.470588235294118,0.3958333333333333,0.0347071583514099,0.1655820679681851,1383,159.06,13.688212927756654,high,low,GitHubActions,Python,5,open_issue_ratio=high | project_age_days=low | ci_type=GitHubActions | mainLanguage=Python,PGaI
pywinauto/pywinauto,master,27284.0,23.0,3041.0,168.0,5338.0,100.0,2015-05-25 09:50:40+00:00,978.0,516.0,Python,2025-04-25T07:52:27,411.0,TravisCI,2016-10-23 04:32:56+00:00,30.41,0.5276073619631901,0.2585933368588048,0.8040719196192491,3782,79.17,39.33990895295903,high,high,TravisCI,Python,3,open_issue_ratio=high | project_age_days=high | ci_type=TravisCI | mainLanguage=Python,PTAI
uportal-project/uportal,master,171495.0,73.0,16990.0,57.0,274.0,177.0,2011-10-20 15:34:22+00:00,118.0,80.0,Java,2025-04-20T03:19:39,2782.0,TravisCI,2013-06-28 03:43:26+00:00,95.98870056497177,0.6779661016949152,0.0231599607458292,3.334641805691855,5095,189.88,19.62106545430815,high,high,TravisCI,Java,2,open_issue_ratio=high | project_age_days=high | ci_type=TravisCI | mainLanguage=Java,JTAI
meejah/txtorcon,main,4037.0,32.0,1870.0,25.0,254.0,36.0,2012-03-28 06:51:27+00:00,192.0,47.0,Python,2024-12-10T03:49:54,211.0,TravisCI,2013-05-14 06:02:40+00:00,51.94444444444444,0.2447916666666666,0.0389057750759878,0.3789260385005066,4935,31.79,63.66787074099385,low,high,TravisCI,Python,11,open_issue_ratio=low | project_age_days=high | ci_type=TravisCI | mainLanguage=Python,PTAi
appliedenergistics/applied-energistics-2,main,63237.0,508.0,5442.0,89.0,1537.0,138.0,2014-09-24 00:48:40+00:00,5970.0,297.0,Java,2025-04-22T08:58:26,2438.0,TravisCI,2016-09-13 08:19:01+00:00,39.43478260869565,0.0497487437185929,1.4832298136645965,1.3520496894409937,4025,29.66,7.533067439398637,low,high,TravisCI,Java,10,open_issue_ratio=low | project_age_days=high | ci_type=TravisCI | mainLanguage=Java,JTAi
biolab/orange3,master,102969.0,44.0,15587.0,186.0,5154.0,167.0,2013-02-22 12:52:56+00:00,2496.0,172.0,Python,2025-04-26T08:17:40,4360.0,TravisCI,2014-09-05 08:48:16+00:00,93.33532934131736,0.0689102564102564,0.5421372719374457,3.3855343179843613,4604,44.48,50.17169916556393,low,high,TravisCI,Python,11,open_issue_ratio=low | project_age_days=high | ci_type=TravisCI | mainLanguage=Python,PTAi
mrkinau/fishingbot,main,2721.0,73.0,577.0,11.0,338.0,20.0,2019-05-03 12:47:31+00:00,165.0,10.0,Java,2024-12-03T10:59:00,73.0,GitHubActions,2023-10-23 03:43:15+00:00,28.85,0.0606060606060606,0.0704225352112676,0.2462654716175843,2343,34.93,0.0,low,low,GitHubActions,Java,12,open_issue_ratio=low | project_age_days=low | ci_type=GitHubActions | mainLanguage=Java,JGai
openviess/pyvicare,master,1393.0,23.0,512.0,23.0,150.0,56.0,2019-01-09 20:20:53+00:00,164.0,39.0,Python,2025-04-24T11:29:30,385.0,GitHubActions,2021-01-01 20:59:00+00:00,9.142857142857142,0.2378048780487804,0.0667480667480667,0.2083842083842083,2457,70.47,3.039167027466551,low,low,GitHubActions,Python,13,open_issue_ratio=low | project_age_days=low | ci_type=GitHubActions | mainLanguage=Python,PGai
apache/bookkeeper,master,135940.0,22.0,3572.0,99.0,1927.0,254.0,2011-04-06 07:00:07+00:00,1305.0,364.0,Java,2025-04-22T07:37:55,3289.0,TravisCI,2017-06-01 20:59:44+00:00,14.062992125984252,0.2789272030651341,0.2465986394557823,0.6749811035525322,5292,310.64,52.15940180918,low,high,TravisCI,Java,10,open_issue_ratio=low | project_age_days=high | ci_type=TravisCI | mainLanguage=Java,JTAi
apple/servicetalk,main,71743.0,104.0,4375.0,42.0,957.0,62.0,2018-09-07 00:14:48+00:00,277.0,78.0,Java,2025-04-25T07:53:21,2974.0,GitHubActions,2020-09-08 17:49:04+00:00,70.56451612903226,0.2815884476534296,0.1073227431228206,1.6950794265788454,2581,259.46,64.66527513324463,low,low,GitHubActions,Java,12,open_issue_ratio=low | project_age_days=low | ci_type=GitHubActions | mainLanguage=Java,JGai
pnnl/hypernetx,master,264360.0,53.0,1768.0,20.0,607.0,31.0,2018-10-22 15:10:44+00:00,68.0,11.0,Python,2025-04-17T01:43:04,100.0,GitHubActions,2022-08-26 16:57:46+00:00,57.03225806451613,0.1617647058823529,0.0268138801261829,0.6971608832807571,2536,154.85,2.594829392825164,low,low,GitHubActions,Python,13,open_issue_ratio=low | project_age_days=low | ci_type=GitHubActions | mainLanguage=Python,PGai
ldtteam/structurize,version/main,12298.0,34.0,782.0,21.0,48.0,23.0,2017-12-21 17:33:36+00:00,360.0,51.0,Java,2025-04-20T12:24:54,363.0,TravisCI,2019-06-24 07:49:07+00:00,34.0,0.1416666666666666,0.1267159450897571,0.2752551918338613,2841,45.59,0.0724401463290956,low,low,TravisCI,Java,14,open_issue_ratio=low | project_age_days=low | ci_type=TravisCI | mainLanguage=Java,JTai
typesense/typesense-java,master,487.0,17.0,172.0,6.0,66.0,19.0,2021-04-23 17:39:38+00:00,45.0,19.0,Java,2025-02-18T03:55:56,43.0,GitHubActions,2024-09-07 15:06:37+00:00,9.052631578947368,0.4222222222222222,0.0277435265104808,0.1060419235511714,1622,42.08,47.98994974874372,high,low,GitHubActions,Java,4,open_issue_ratio=high | project_age_days=low | ci_type=GitHubActions | mainLanguage=Java,JGaI
openreview/openreview-py,master,14710.0,116.0,1941.0,15.0,176.0,32.0,2016-08-03 12:22:06+00:00,682.0,259.0,Python,2025-04-24T07:59:05,1893.0,GitHubActions,2022-03-28 16:31:37+00:00,60.65625,0.3797653958944281,0.2038254632396891,0.5800956365809923,3346,55.94,49.68745400887677,high,low,GitHubActions,Python,5,open_issue_ratio=high | project_age_days=low | ci_type=GitHubActions | mainLanguage=Python,PGaI
jodaorg/joda-time,main,12937.0,50.0,2301.0,217.0,4980.0,109.0,2011-05-16 16:49:57+00:00,452.0,38.0,Java,2025-03-29T01:15:47,349.0,TravisCI,2013-04-29 13:05:24+00:00,21.110091743119263,0.084070796460177,0.086062452399086,0.4381188118811881,5252,44.66,75.10600742559191,low,high,TravisCI,Java,10,open_issue_ratio=low | project_age_days=high | ci_type=TravisCI | mainLanguage=Java,JTAi
terraformersmc/terrestria,1.21.5,65548.0,113.0,1025.0,5.0,202.0,32.0,2019-06-26 00:44:51+00:00,231.0,48.0,Java,2025-04-02T02:41:58,104.0,GitHubActions,2021-01-24 01:56:46+00:00,32.03125,0.2077922077922078,0.1009174311926605,0.4477937964176496,2289,49.47,0.0,low,low,GitHubActions,Java,12,open_issue_ratio=low | project_age_days=low | ci_type=GitHubActions | mainLanguage=Java,JGai
cohesity/cohesity-ansible-role,master,661.0,20.0,237.0,5.0,14.0,11.0,2018-10-03 03:59:12+00:00,20.0,6.0,Python,2024-12-18T09:41:07,59.0,GitHubActions,2022-07-08 04:27:38+00:00,21.545454545454547,0.3,0.0078277886497064,0.0927592954990215,2555,137.62,13.958567328091853,low,low,GitHubActions,Python,13,open_issue_ratio=low | project_age_days=low | ci_type=GitHubActions | mainLanguage=Python,PGai
ihmcrobotics/ihmc-ros2-library,develop,35478.0,34.0,1684.0,4.0,24.0,23.0,2017-10-19 21:31:29+00:00,23.0,11.0,Java,2025-03-20T05:41:29,43.0,GitHubActions,2024-04-04 20:59:07+00:00,73.21739130434783,0.4782608695652174,0.0079201101928374,0.5798898071625345,2904,19.44,17.885075450864925,high,low,GitHubActions,Java,4,open_issue_ratio=high | project_age_days=low | ci_type=GitHubActions | mainLanguage=Java,JGaI
jenkinsci/plugin-installation-manager-tool,master,14019.0,60.0,1003.0,21.0,412.0,57.0,2019-06-05 15:18:41+00:00,143.0,59.0,Java,2025-04-21T02:25:48,650.0,GitHubActions,2020-09-12 11:33:35+00:00,17.596491228070175,0.4125874125874126,0.0619047619047619,0.4341991341991342,2310,142.33,52.08362564894065,high,low,GitHubActions,Java,4,open_issue_ratio=high | project_age_days=low | ci_type=GitHubActions | mainLanguage=Java,JGaI
slimefun/slimefun4,master,37884.0,37.0,8399.0,58.0,1017.0,289.0,2014-05-24 08:08:47+00:00,1913.0,122.0,Java,2025-03-10T10:12:01,2331.0,GitHubActions,2019-08-26 20:29:11+00:00,29.06228373702422,0.0637741766858337,0.4611861137897782,2.024831243972999,4148,31.77,14.129565449213544,low,high,GitHubActions,Java,8,open_issue_ratio=low | project_age_days=high | ci_type=GitHubActions | mainLanguage=Java,JGAi
azure/azure-iot-sdk-java,main,75783.0,113.0,1835.0,81.0,200.0,112.0,2016-10-14 18:08:25+00:00,636.0,16.0,Java,2025-01-22T05:56:05,1129.0,GitHubActions,2020-06-08 22:55:54+00:00,16.383928571428573,0.0251572327044025,0.1942577886377519,0.5604764813683567,3274,67.86,81.14644060795524,low,low,GitHubActions,Java,12,open_issue_ratio=low | project_age_days=low | ci_type=GitHubActions | mainLanguage=Java,JGai
mjaun/android-anuto,main,23418.0,33.0,990.0,18.0,219.0,49.0,2015-03-03 14:18:41+00:00,136.0,37.0,Java,2024-09-29T03:38:22,79.0,TravisCI,2018-10-15 14:42:06+00:00,20.20408163265306,0.2720588235294117,0.0351875808538163,0.2561448900388098,3865,2.36,1.7664449371766446,low,high,TravisCI,Java,10,open_issue_ratio=low | project_age_days=high | ci_type=TravisCI | mainLanguage=Java,JTAi
unmanic/unmanic,master,36572.0,25.0,769.0,15.0,1788.0,17.0,2019-01-05 19:40:36+00:00,445.0,186.0,Python,2024-08-29T10:26:16,93.0,GitHubActions,2020-05-04 21:51:43+00:00,45.23529411764706,0.4179775280898876,0.1808208045509955,0.3124746038195855,2461,156.83,10.338989427743709,high,low,GitHubActions,Python,5,open_issue_ratio=high | project_age_days=low | ci_type=GitHubActions | mainLanguage=Python,PGaI
unixsurfer/anycast_healthchecker,master,1070.0,14.0,460.0,14.0,181.0,14.0,2015-07-12 09:41:42+00:00,22.0,6.0,Python,2025-03-14T09:42:12,31.0,GitHubActions,2024-01-20 14:46:13+00:00,32.857142857142854,0.2727272727272727,0.0058918050348152,0.1231922870915907,3734,0.87,0.0,low,high,GitHubActions,Python,9,open_issue_ratio=low | project_age_days=high | ci_type=GitHubActions | mainLanguage=Python,PGAi
metacell/cloud-harness,develop,19558.0,17.0,1787.0,10.0,17.0,19.0,2020-02-18 15:50:12+00:00,368.0,74.0,Python,2025-04-23T02:32:49,431.0,GitHubActions,2022-01-31 09:58:21+00:00,94.05263157894736,0.2010869565217391,0.1793372319688109,0.8708576998050682,2052,96.74,9.00562227619016,low,low,GitHubActions,Python,13,open_issue_ratio=low | project_age_days=low | ci_type=GitHubActions | mainLanguage=Python,PGai
jetbrains/jetbrainsruntime,main,1087865.0,170.0,84572.0,44.0,1536.0,1479.0,2018-09-05 19:02:09+00:00,168.0,97.0,Java,2025-04-26T12:03:08,359.0,GitHubActions,2020-09-28 09:31:51+00:00,57.18187964841109,0.5773809523809523,0.065040650406504,32.74177313201704,2583,123.7,55.80618382464107,high,low,GitHubActions,Java,4,open_issue_ratio=high | project_age_days=low | ci_type=GitHubActions | mainLanguage=Java,JGaI
enioka-haute-couture/enioka_scan,master,8084.0,28.0,355.0,4.0,53.0,14.0,2017-07-07 08:19:07+00:00,124.0,14.0,Java,2024-10-23T08:54:41,103.0,GitHubActions,2022-02-22 10:43:03+00:00,25.357142857142858,0.1129032258064516,0.0412234042553191,0.1180186170212766,3008,70.03,7.491586170724244,low,low,GitHubActions,Java,12,open_issue_ratio=low | project_age_days=low | ci_type=GitHubActions | mainLanguage=Java,JGai
furlongm/patchman,main,3381.0,64.0,1630.0,17.0,379.0,24.0,2013-01-31 00:07:03+00:00,205.0,43.0,Python,2025-04-23T11:59:29,463.0,TravisCI,2014-09-25 22:43:45+00:00,67.91666666666667,0.2097560975609756,0.0443147427583225,0.3523562472978815,4626,80.32,0.0,low,high,TravisCI,Python,11,open_issue_ratio=low | project_age_days=high | ci_type=TravisCI | mainLanguage=Python,PTAi
mtrab/landroid_cloud,master,1175.0,99.0,1196.0,26.0,293.0,16.0,2020-04-14 16:25:26+00:00,392.0,9.0,Python,2025-04-26T01:34:29,474.0,GitHubActions,2021-06-05 17:45:51+00:00,74.75,0.0229591836734693,0.1963927855711423,0.5991983967935872,1996,38.45,0.0,low,low,GitHubActions,Python,13,open_issue_ratio=low | project_age_days=low | ci_type=GitHubActions | mainLanguage=Python,PGai
fedora-infra/anitya,master,9560.0,33.0,2661.0,27.0,280.0,84.0,2013-11-29 10:17:26+00:00,748.0,113.0,Python,2025-04-24T06:07:49,1136.0,TravisCI,2017-03-14 20:23:03+00:00,31.678571428571427,0.1510695187165775,0.1729879740980573,0.6154024051803886,4324,23.8,69.35856688818261,low,high,TravisCI,Python,11,open_issue_ratio=low | project_age_days=high | ci_type=TravisCI | mainLanguage=Python,PTAi
patschuh/kafkaesque,develop,1432.0,22.0,234.0,5.0,81.0,22.0,2019-01-18 17:17:24+00:00,33.0,23.0,Java,2024-09-18T07:04:59,48.0,GitHubActions,2022-01-22 03:35:56+00:00,10.636363636363637,0.696969696969697,0.0134803921568627,0.0955882352941176,2448,44.89,0.823327615780446,high,low,GitHubActions,Java,4,open_issue_ratio=high | project_age_days=low | ci_type=GitHubActions | mainLanguage=Java,JGaI
amarvin/fantasy-football-bot,main,178.0,25.0,245.0,3.0,47.0,3.0,2018-11-01 15:25:42+00:00,70.0,12.0,Python,2025-03-03T07:55:49,33.0,GitHubActions,2019-11-13 19:45:53+00:00,81.66666666666667,0.1714285714285714,0.0277117973079968,0.0969912905779889,2526,123.83,3.4257748776508974,low,low,GitHubActions,Python,13,open_issue_ratio=low | project_age_days=low | ci_type=GitHubActions | mainLanguage=Python,PGai
allure-framework/allure2,main,14881.0,77.0,1276.0,145.0,4567.0,87.0,2016-05-27 14:06:05+00:00,1018.0,146.0,Java,2025-04-22T04:19:58,1168.0,GitHubActions,2020-11-24 20:11:43+00:00,14.666666666666666,0.143418467583497,0.2981839484475688,0.3737551259519625,3414,294.26,11.984416157983564,low,low,GitHubActions,Java,12,open_issue_ratio=low | project_age_days=low | ci_type=GitHubActions | mainLanguage=Java,JGai
ungoogled-software/ungoogled-chromium,master,17330.0,245.0,2286.0,300.0,22292.0,107.0,2015-06-12 22:24:24+00:00,2324.0,147.0,Python,2025-04-22T08:24:21,616.0,TravisCI,2018-05-31 05:23:14+00:00,21.36448598130841,0.0632530120481927,0.6174282678002125,0.6073326248671626,3764,49.78,1.288152801573704,low,high,TravisCI,Python,11,open_issue_ratio=low | project_age_days=high | ci_type=TravisCI | mainLanguage=Python,PTAi
fair-chem/fairchem,main,29045.0,24.0,979.0,27.0,1052.0,51.0,2019-09-26 04:47:27+00:00,305.0,22.0,Python,2025-04-15T03:52:37,810.0,GitHubActions,2023-05-31 22:32:18+00:00,19.19607843137255,0.0721311475409836,0.13882567137005,0.4456076467910787,2197,40.49,10.59055118110236,low,low,GitHubActions,Python,13,open_issue_ratio=low | project_age_days=low | ci_type=GitHubActions | mainLanguage=Python,PGai
pytorch/serve,master,126137.0,24.0,3891.0,54.0,4314.0,209.0,2019-10-03 03:17:43+00:00,1660.0,443.0,Java,2025-03-17T06:20:57,1746.0,GitHubActions,2020-10-23 17:40:18+00:00,18.61722488038277,0.2668674698795181,0.7579908675799086,1.7767123287671234,2190,61.43,22.75925560597093,low,low,GitHubActions,Java,12,open_issue_ratio=low | project_age_days=low | ci_type=GitHubActions | mainLanguage=Java,JGai
freedoom/freedoom,master,130032.0,22.0,3119.0,76.0,1146.0,171.0,2012-06-06 19:01:39+00:00,508.0,64.0,Python,2025-02-10T09:10:30,981.0,TravisCI,2016-09-03 22:40:09+00:00,18.239766081871345,0.1259842519685039,0.1044193216855087,0.6411099691675232,4865,189.67,0.0,low,high,TravisCI,Python,11,open_issue_ratio=low | project_age_days=high | ci_type=TravisCI | mainLanguage=Python,PTAi
aws/deep-learning-containers,master,237786.0,2713.0,3216.0,54.0,1069.0,172.0,2020-01-17 20:52:43+00:00,258.0,115.0,Python,2025-04-25T11:25:51,4363.0,GitHubActions,2023-04-05 18:42:43+00:00,18.69767441860465,0.4457364341085271,0.1238003838771593,1.5431861804222649,2084,125.1,18.53281479058385,high,low,GitHubActions,Python,5,open_issue_ratio=high | project_age_days=low | ci_type=GitHubActions | mainLanguage=Python,PGaI
alessandroz/lazagne,master,3690.0,22.0,883.0,409.0,9956.0,48.0,2015-02-16 14:10:02+00:00,485.0,11.0,Python,2025-04-10T02:11:08,133.0,TravisCI,2019-02-15 17:00:39+00:00,18.39583333333333,0.022680412371134,0.125,0.2275773195876288,3880,262.64,0.9900416859657248,low,high,TravisCI,Python,11,open_issue_ratio=low | project_age_days=high | ci_type=TravisCI | mainLanguage=Python,PTAi
placeholderapi/placeholderapi,master,2697.0,19.0,1007.0,20.0,875.0,94.0,2018-03-20 20:50:06+00:00,547.0,20.0,Java,2025-04-21T07:23:40,455.0,GitHubActions,2020-07-28 15:07:41+00:00,10.712765957446807,0.036563071297989,0.1987645348837209,0.3659156976744186,2752,32.26,3.6452461480646376,low,low,GitHubActions,Java,12,open_issue_ratio=low | project_age_days=low | ci_type=GitHubActions | mainLanguage=Java,JGai
cmkobel/comparem2,master,100281.0,26.0,1967.0,2.0,56.0,9.0,2019-12-10 19:46:41+00:00,100.0,15.0,Python,2025-03-05T10:01:03,5.0,GitHubActions,2024-05-03 13:14:05+00:00,218.5555555555556,0.15,0.0471253534401508,0.9269557021677662,2122,82.3,0.0,low,low,GitHubActions,Python,13,open_issue_ratio=low | project_age_days=low | ci_type=GitHubActions | mainLanguage=Python,PGai
cltk/cltk,master,126245.0,78.0,3719.0,63.0,848.0,124.0,2014-01-11 23:59:47+00:00,576.0,42.0,Python,2024-12-01T02:03:32,682.0,TravisCI,2019-04-07 04:29:23+00:00,29.991935483870968,0.0729166666666666,0.1345480028030834,0.868722261153936,4281,67.85,7.606516857319408,low,high,TravisCI,Python,11,open_issue_ratio=low | project_age_days=high | ci_type=TravisCI | mainLanguage=Python,PTAi
h2database/h2database,master,91034.0,23.0,14482.0,134.0,4347.0,212.0,2015-04-10 19:09:09+00:00,2393.0,396.0,Java,2025-04-21T12:38:11,1824.0,TravisCI,2016-08-14 19:59:34+00:00,68.31132075471699,0.165482657751776,0.6252939639404234,3.784165142409198,3827,50.87,33.58199489993458,low,high,TravisCI,Java,10,open_issue_ratio=low | project_age_days=high | ci_type=TravisCI | mainLanguage=Java,JTAi
alerta/python-alerta-client,master,958.0,27.0,625.0,11.0,30.0,12.0,2014-03-14 21:45:39+00:00,58.0,7.0,Python,2024-08-25T07:35:55,338.0,TravisCI,2015-06-12 12:16:02+00:00,52.083333333333336,0.1206896551724138,0.0137473334913486,0.1481393695188433,4219,42.68,27.81937295273748,low,high,TravisCI,Python,11,open_issue_ratio=low | project_age_days=high | ci_type=TravisCI | mainLanguage=Python,PTAi
fabiocaccamo/django-colorfield,main,369.0,29.0,397.0,6.0,648.0,32.0,2010-05-03 20:19:39+00:00,59.0,7.0,Python,2025-02-21T01:58:39,161.0,TravisCI,2020-02-17 15:15:41+00:00,12.40625,0.1186440677966101,0.0104795737122557,0.0705150976909413,5630,48.92,15.819070904645477,low,high,TravisCI,Python,11,open_issue_ratio=low | project_age_days=high | ci_type=TravisCI | mainLanguage=Python,PTAi
alibaba/spring-cloud-alibaba,2023.x,55608.0,47.0,2585.0,965.0,28432.0,241.0,2017-12-01 20:49:15+00:00,2465.0,264.0,Java,2024-11-28T01:40:48,1485.0,TravisCI,2019-01-03 02:47:57+00:00,10.726141078838172,0.1070993914807302,0.8615868577420482,0.9035302341838518,2861,137.63,22.18258834020733,low,low,TravisCI,Java,14,open_issue_ratio=low | project_age_days=low | ci_type=TravisCI | mainLanguage=Java,JTai
highsource/jaxb-tools,master,21998.0,33.0,1560.0,26.0,446.0,42.0,2014-04-06 21:23:45+00:00,386.0,71.0,Java,2025-04-25T03:17:59,218.0,GitHubActions,2022-04-04 17:54:36+00:00,37.142857142857146,0.1839378238341968,0.0919923736892278,0.3717826501429933,4196,88.57,1.8510988918998428,low,high,GitHubActions,Java,8,open_issue_ratio=low | project_age_days=high | ci_type=GitHubActions | mainLanguage=Java,JGAi
glitchfiend/biomesoplenty,1.21.5,59389.0,18.0,776.0,73.0,846.0,40.0,2013-06-09 11:45:51+00:00,1732.0,13.0,Java,2025-04-21T08:51:02,592.0,GitHubActions,2023-11-22 02:16:24+00:00,19.4,0.0075057736720554,0.3851456526573271,0.1725594841005114,4497,25.62,0.0,low,high,GitHubActions,Java,8,open_issue_ratio=low | project_age_days=high | ci_type=GitHubActions | mainLanguage=Java,JGAi
glenkpeterson/paguro,main,4216.0,18.0,1146.0,12.0,314.0,5.0,2014-02-02 17:44:36+00:00,39.0,11.0,Java,2024-12-30T10:17:02,12.0,TravisCI,2015-10-04 16:55:51+00:00,229.2,0.282051282051282,0.0091570791265555,0.269077248180324,4259,149.85,73.70305042539947,low,high,TravisCI,Java,10,open_issue_ratio=low | project_age_days=high | ci_type=TravisCI | mainLanguage=Java,JTAi
klikli-dev/theurgy,version/1.21.1,36392.0,216.0,489.0,4.0,16.0,8.0,2020-12-23 12:48:21+00:00,174.0,15.0,Java,2025-02-10T02:35:45,52.0,GitHubActions,2022-11-26 16:03:07+00:00,61.125,0.0862068965517241,0.099827882960413,0.2805507745266781,1743,47.98,0.0,low,low,GitHubActions,Java,12,open_issue_ratio=low | project_age_days=low | ci_type=GitHubActions | mainLanguage=Java,JGai
tableau/tabpy,master,1911.0,25.0,1041.0,104.0,1600.0,53.0,2016-09-27 21:26:03+00:00,319.0,22.0,Python,2024-11-25T10:31:52,292.0,TravisCI,2019-02-13 22:32:40+00:00,19.641509433962263,0.0689655172413793,0.0969310240048617,0.316317228805834,3291,47.99,40.38054968287527,low,low,TravisCI,Python,15,open_issue_ratio=low | project_age_days=low | ci_type=TravisCI | mainLanguage=Python,PTai
mageddo/dns-proxy-server,master,25566.0,197.0,987.0,14.0,815.0,17.0,2016-03-07 04:15:54+00:00,205.0,20.0,Java,2025-03-31T02:11:50,415.0,TravisCI,2017-09-08 17:10:07+00:00,58.05882352941177,0.0975609756097561,0.0586552217453505,0.2824034334763948,3495,188.07,12.859929407393649,low,low,TravisCI,Java,14,open_issue_ratio=low | project_age_days=low | ci_type=TravisCI | mainLanguage=Java,JTai
microsoft/applicationinsights-java,main,178674.0,113.0,5032.0,113.0,304.0,88.0,2014-12-03 12:13:22+00:00,945.0,41.0,Java,2025-04-24T05:58:16,3226.0,GitHubActions,2021-02-19 00:27:53+00:00,57.18181818181818,0.0433862433862433,0.2389380530973451,1.2723135271807835,3955,138.63,57.2407222575084,low,high,GitHubActions,Java,8,open_issue_ratio=low | project_age_days=high | ci_type=GitHubActions | mainLanguage=Java,JGAi
pmd/pmd-eclipse-plugin,main,60294.0,76.0,1441.0,14.0,94.0,23.0,2014-04-04 10:37:57+00:00,109.0,24.0,Java,2025-04-25T09:12:08,159.0,TravisCI,2017-05-28 09:22:58+00:00,62.65217391304348,0.2201834862385321,0.0259647451167222,0.343258694616484,4198,127.23,9.964793439992867,low,high,TravisCI,Java,10,open_issue_ratio=low | project_age_days=high | ci_type=TravisCI | mainLanguage=Java,JTAi
gradle/gradle-profiler,master,4359.0,15.0,1503.0,54.0,1449.0,72.0,2016-08-08 05:32:30+00:00,255.0,114.0,Java,2025-03-27T08:21:09,315.0,GitHubActions,2020-09-09 12:19:20+00:00,20.875,0.4470588235294118,0.0763244537563603,0.4498653097874888,3341,99.12,0.4206316370155841,high,low,GitHubActions,Java,4,open_issue_ratio=high | project_age_days=low | ci_type=GitHubActions | mainLanguage=Java,JGaI
daniel-naegele/missilewars,master,12675.0,15.0,457.0,3.0,11.0,5.0,2021-08-29 05:53:08+00:00,34.0,6.0,Java,2024-02-03T03:47:11,85.0,GitHubActions,2022-10-23 12:56:59+00:00,91.4,0.1764705882352941,0.0227576974564926,0.3058902275769745,1494,79.1,0.3087054949578102,low,low,GitHubActions,Java,12,open_issue_ratio=low | project_age_days=low | ci_type=GitHubActions | mainLanguage=Java,JGai
lidatong/dataclasses-json,master,56560.0,72.0,343.0,8.0,1323.0,69.0,2018-04-21 02:00:01+00:00,318.0,111.0,Python,2024-06-09T02:20:35,207.0,GitHubActions,2019-12-19 12:49:21+00:00,4.971014492753623,0.3490566037735849,0.1169117647058823,0.1261029411764705,2720,210.91,76.18507598094806,low,low,GitHubActions,Python,13,open_issue_ratio=low | project_age_days=low | ci_type=GitHubActions | mainLanguage=Python,PGai
dalibo/pg_activity,master,2897.0,39.0,1019.0,44.0,2584.0,41.0,2012-10-28 09:34:42+00:00,165.0,8.0,Python,2025-04-15T09:34:05,268.0,TravisCI,2020-07-16 10:28:24+00:00,24.853658536585368,0.0484848484848484,0.0349502224105062,0.2158441008260961,4721,129.63,7.151759179369188,low,high,TravisCI,Python,11,open_issue_ratio=low | project_age_days=high | ci_type=TravisCI | mainLanguage=Python,PTAi
hazelcast/hazelcast-hibernate,master,2057.0,24.0,1079.0,40.0,44.0,62.0,2016-06-14 08:30:54+00:00,73.0,8.0,Java,2024-08-23T09:05:14,456.0,GitHubActions,2020-03-31 08:40:59+00:00,17.403225806451612,0.1095890410958904,0.0214958775029446,0.3177267373380447,3396,395.65,67.18991250643334,low,low,GitHubActions,Java,12,open_issue_ratio=low | project_age_days=low | ci_type=GitHubActions | mainLanguage=Java,JGai
ocrmypdf/ocrmypdf,main,66777.0,39.0,4000.0,179.0,28089.0,113.0,2013-12-20 08:26:28+00:00,1244.0,126.0,Python,2025-04-21T07:23:34,207.0,TravisCI,2015-09-06 06:44:43+00:00,35.39823008849557,0.1012861736334405,0.2891006274692075,0.929584011155008,4303,77.17,19.9946025368077,low,high,TravisCI,Python,11,open_issue_ratio=low | project_age_days=high | ci_type=TravisCI | mainLanguage=Python,PTAi
dotkom/onlineweb4,main,49023.0,508.0,9691.0,10.0,48.0,166.0,2012-05-09 10:45:30+00:00,975.0,35.0,Python,2025-04-23T05:22:58,2407.0,GitHubActions,2020-02-10 09:57:13+00:00,58.37951807228916,0.0358974358974358,0.1992642550582464,1.980584508481504,4893,197.64,16.83117107021249,low,high,GitHubActions,Python,9,open_issue_ratio=low | project_age_days=high | ci_type=GitHubActions | mainLanguage=Python,PGAi
bitsandbytes-foundation/bitsandbytes,main,2894.0,24.0,860.0,51.0,6952.0,98.0,2021-06-04 12:10:34+00:00,1132.0,177.0,Python,2025-04-22T10:33:48,431.0,GitHubActions,2023-12-19 17:14:45+00:00,8.775510204081632,0.1563604240282685,0.7164556962025317,0.5443037974683544,1580,133.51,23.8353085410707,low,low,GitHubActions,Python,13,open_issue_ratio=low | project_age_days=low | ci_type=GitHubActions | mainLanguage=Python,PGai
nickhugi/pykotor,master,293696.0,29.0,4627.0,2.0,10.0,12.0,2021-10-14 04:33:11+00:00,36.0,7.0,Python,2024-06-21T01:35:49,70.0,GitHubActions,2023-09-10 05:37:44+00:00,385.5833333333333,0.1944444444444444,0.0248618784530386,3.195441988950276,1448,47.44,8.730819005361434,low,low,GitHubActions,Python,13,open_issue_ratio=low | project_age_days=low | ci_type=GitHubActions | mainLanguage=Python,PGai
nfcgate/nfcgate,v2,3194.0,19.0,855.0,47.0,1474.0,15.0,2014-10-18 01:12:05+00:00,141.0,10.0,Java,2025-03-25T12:29:12,43.0,GitHubActions,2024-09-04 12:49:40+00:00,57.0,0.0709219858156028,0.0352411897025743,0.213696575856036,4001,239.07,2.1784345922276955,low,high,GitHubActions,Java,8,open_issue_ratio=low | project_age_days=high | ci_type=GitHubActions | mainLanguage=Java,JGAi
cockatrice/magic-token,master,1458.0,22.0,448.0,7.0,11.0,22.0,2015-07-08 02:13:21+00:00,71.0,12.0,Python,2025-04-05T07:23:05,227.0,GitHubActions,2022-02-14 21:35:46+00:00,20.363636363636363,0.1690140845070422,0.0189941144997324,0.1198501872659176,3738,122.53,0.0,low,high,GitHubActions,Python,9,open_issue_ratio=low | project_age_days=high | ci_type=GitHubActions | mainLanguage=Python,PGAi
bridgedb/bridgedb,main,34138.0,46.0,2223.0,14.0,28.0,36.0,2013-10-28 11:15:16+00:00,139.0,33.0,Java,2024-09-27T05:40:18,89.0,TravisCI,2017-08-29 12:47:57+00:00,61.75,0.237410071942446,0.0319100091827364,0.5103305785123967,4356,246.18,15.636290857762845,low,high,TravisCI,Java,10,open_issue_ratio=low | project_age_days=high | ci_type=TravisCI | mainLanguage=Java,JTAi
zulko/moviepy,master,120816.0,18.0,1425.0,251.0,12979.0,191.0,2013-08-12 09:39:28+00:00,1564.0,7.0,Python,2025-02-06T09:30:01,734.0,TravisCI,2017-02-26 01:03:28+00:00,7.460732984293194,0.0044757033248081,0.3528084818407399,0.3214527408075795,4433,573.94,47.80100937274693,low,high,TravisCI,Python,11,open_issue_ratio=low | project_age_days=high | ci_type=TravisCI | mainLanguage=Python,PTAi
4n4nd/prometheus-api-client-python,master,1410.0,13.0,326.0,9.0,248.0,41.0,2019-03-07 03:35:47+00:00,108.0,15.0,Python,2025-04-18T07:35:45,188.0,GitHubActions,2022-06-08 20:38:55+00:00,7.951219512195122,0.1388888888888889,0.045,0.1358333333333333,2400,150.24,35.76611182244985,low,low,GitHubActions,Python,13,open_issue_ratio=low | project_age_days=low | ci_type=GitHubActions | mainLanguage=Python,PGai
digitalmethodsinitiative/4cat,master,67635.0,27.0,4119.0,13.0,299.0,20.0,2018-09-25 11:52:37+00:00,352.0,65.0,Python,2025-04-25T11:14:50,119.0,GitHubActions,2020-06-05 13:34:25+00:00,205.95,0.1846590909090909,0.1373390557939914,1.6071010534529848,2563,160.18,0.0020963688425331,low,low,GitHubActions,Python,13,open_issue_ratio=low | project_age_days=low | ci_type=GitHubActions | mainLanguage=Python,PGai
nanograv/pint,master,96709.0,15.0,9080.0,18.0,128.0,77.0,2013-12-04 10:21:19+00:00,820.0,158.0,Python,2025-04-25T07:07:26,1081.0,TravisCI,2016-12-06 20:07:44+00:00,117.92207792207792,0.1926829268292683,0.1898587636026858,2.102338504283399,4319,256.39,37.18603981967416,low,high,TravisCI,Python,11,open_issue_ratio=low | project_age_days=high | ci_type=TravisCI | mainLanguage=Python,PTAi
noorts/toggler,master,7364.0,25.0,247.0,0.0,17.0,2.0,2021-01-20 01:54:07+00:00,23.0,9.0,Java,2025-02-09T08:04:46,76.0,GitHubActions,2022-07-17 14:07:45+00:00,123.5,0.391304347826087,0.0134110787172011,0.1440233236151603,1715,18.93,41.47143444307439,high,low,GitHubActions,Java,4,open_issue_ratio=high | project_age_days=low | ci_type=GitHubActions | mainLanguage=Java,JGaI
pyinfra-dev/pyinfra,3.x,22224.0,105.0,4186.0,37.0,4191.0,158.0,2014-10-19 07:37:45+00:00,815.0,173.0,Python,2025-04-23T09:24:58,479.0,TravisCI,2016-07-24 23:04:47+00:00,26.49367088607595,0.2122699386503067,0.20375,1.0465,4000,118.94,16.022418819744647,low,high,TravisCI,Python,11,open_issue_ratio=low | project_age_days=high | ci_type=TravisCI | mainLanguage=Python,PTAi
commandapi/commandapi,master,104127.0,98.0,3566.0,8.0,597.0,35.0,2018-08-19 01:01:33+00:00,330.0,48.0,Java,2025-04-01T10:56:11,310.0,GitHubActions,2020-11-24 19:50:02+00:00,101.88571428571429,0.1454545454545454,0.1269230769230769,1.3715384615384616,2600,65.62,63.73275718796742,low,low,GitHubActions,Java,12,open_issue_ratio=low | project_age_days=low | ci_type=GitHubActions | mainLanguage=Java,JGai
eclipse-lsp4e/lsp4e,main,3676.0,32.0,1549.0,11.0,71.0,95.0,2021-11-16 03:18:44+00:00,332.0,91.0,Java,2025-04-16T07:59:01,857.0,GitHubActions,2024-05-18 14:08:01+00:00,16.305263157894736,0.2740963855421687,0.2346289752650176,1.0946996466431096,1415,119.75,29.733069698467624,low,low,GitHubActions,Java,12,open_issue_ratio=low | project_age_days=low | ci_type=GitHubActions | mainLanguage=Java,JGai
gleb-sevruk/pycrunch-engine,master,10479.0,18.0,185.0,4.0,57.0,4.0,2019-04-19 04:43:11+00:00,36.0,12.0,Python,2024-10-22T07:53:08,89.0,GitHubActions,2023-12-20 21:31:31+00:00,46.25,0.3333333333333333,0.0152736529486635,0.0784896054306321,2357,249.18,13.3780374452264,low,low,GitHubActions,Python,13,open_issue_ratio=low | project_age_days=low | ci_type=GitHubActions | mainLanguage=Python,PGai
mars-sim/mars-sim,master,657573.0,16.0,10265.0,14.0,114.0,33.0,2015-08-28 02:13:23+00:00,826.0,169.0,Java,2025-04-21T12:32:24,656.0,TravisCI,2017-05-15 05:26:48+00:00,311.06060606060606,0.2046004842615012,0.2240303770002712,2.784106319500949,3687,250.72,3.7106070247012335,low,high,TravisCI,Java,10,open_issue_ratio=low | project_age_days=high | ci_type=TravisCI | mainLanguage=Java,JTAi
hallamlab/treesapp,master,139202.0,17.0,1510.0,7.0,24.0,12.0,2013-09-21 06:36:10+00:00,67.0,14.0,Python,2024-03-12T08:43:19,29.0,TravisCI,2018-10-23 22:47:03+00:00,125.83333333333331,0.208955223880597,0.0152515365353972,0.3437286592305941,4393,347.44,18.83231836850305,low,high,TravisCI,Python,11,open_issue_ratio=low | project_age_days=high | ci_type=TravisCI | mainLanguage=Python,PTAi
adferrand/dnsrobocert,main,2017.0,95.0,966.0,12.0,561.0,24.0,2017-06-15 08:19:05+00:00,143.0,32.0,Python,2025-04-13T09:35:57,1140.0,GitHubActions,2022-02-20 14:32:22+00:00,40.25,0.2237762237762237,0.0471947194719471,0.3188118811881188,3030,60.13,22.38928376161837,low,low,GitHubActions,Python,13,open_issue_ratio=low | project_age_days=low | ci_type=GitHubActions | mainLanguage=Python,PGai
gantman/jail-monkey,master,3171.0,14.0,276.0,10.0,626.0,40.0,2016-07-20 01:59:01+00:00,81.0,38.0,Java,2025-01-27T09:19:27,245.0,GitHubActions,2021-05-18 00:08:29+00:00,6.9,0.4691358024691358,0.0241071428571428,0.0821428571428571,3360,142.6,0.0,high,low,GitHubActions,Java,4,open_issue_ratio=high | project_age_days=low | ci_type=GitHubActions | mainLanguage=Java,JGaI
trynthink/scout,master,5209469.0,25.0,975.0,10.0,65.0,18.0,2014-11-04 10:04:43+00:00,317.0,80.0,Python,2025-04-09T04:58:07,173.0,TravisCI,2015-11-20 04:52:53+00:00,54.16666666666666,0.252365930599369,0.0795682730923694,0.2447289156626506,3984,328.52,1.989650969047537,low,high,TravisCI,Python,11,open_issue_ratio=low | project_age_days=high | ci_type=TravisCI | mainLanguage=Python,PTAi
colinoflynn/pico-python,master,1271.0,26.0,364.0,20.0,97.0,49.0,2013-12-15 10:14:17+00:00,100.0,21.0,Python,2024-05-31T01:36:15,101.0,TravisCI,2018-02-06 03:05:19+00:00,7.428571428571429,0.21,0.0232126276694521,0.0844939647168059,4308,101.58,5.94666394196383,low,high,TravisCI,Python,11,open_issue_ratio=low | project_age_days=high | ci_type=TravisCI | mainLanguage=Python,PTAi
porridge/bambam,master,5161.0,14.0,428.0,6.0,74.0,35.0,2015-04-24 05:06:21+00:00,14.0,5.0,Python,2025-04-07T12:11:06,153.0,TravisCI,2018-07-22 21:41:55+00:00,12.228571428571428,0.3571428571428571,0.003671649619722,0.1122475740886441,3813,157.84,8.038125496425735,high,high,TravisCI,Python,3,open_issue_ratio=high | project_age_days=high | ci_type=TravisCI | mainLanguage=Python,PTAI
moneymanagerex/android-money-manager-ex,master,54938.0,303.0,6502.0,40.0,557.0,42.0,2014-05-19 11:49:58+00:00,1599.0,39.0,Java,2025-04-25T11:47:23,949.0,TravisCI,2017-07-03 10:11:16+00:00,154.8095238095238,0.024390243902439,0.3850228750300987,1.5656152179147604,4153,432.72,2.640952757888677,low,high,TravisCI,Java,10,open_issue_ratio=low | project_age_days=high | ci_type=TravisCI | mainLanguage=Java,JTAi
flacjacket/pywlroots,main,980.0,69.0,724.0,9.0,52.0,13.0,2018-03-27 03:32:24+00:00,93.0,33.0,Python,2025-01-17T10:13:50,133.0,TravisCI,2019-09-22 19:42:02+00:00,55.69230769230769,0.3548387096774194,0.033879781420765,0.2637522768670309,2745,23.5,0.9080426635918132,high,low,TravisCI,Python,7,open_issue_ratio=high | project_age_days=low | ci_type=TravisCI | mainLanguage=Python,PTaI
insightsoftwareconsortium/itkwidgets,main,80603.0,71.0,659.0,23.0,594.0,7.0,2018-02-15 01:43:39+00:00,283.0,117.0,Python,2025-03-13T09:30:06,491.0,GitHubActions,2022-07-20 21:35:38+00:00,94.14285714285714,0.4134275618374558,0.1016157989228007,0.2366247755834829,2785,122.51,0.0,high,low,GitHubActions,Python,5,open_issue_ratio=high | project_age_days=low | ci_type=GitHubActions | mainLanguage=Python,PGaI
openliberty/liberty-tools-intellij,main,15558.0,14.0,1921.0,8.0,14.0,32.0,2020-07-16 08:36:50+00:00,720.0,230.0,Java,2025-04-23T02:45:40,605.0,GitHubActions,2022-11-09 20:02:44+00:00,60.03125,0.3194444444444444,0.3783499737256963,1.0094587493431424,1903,76.84,48.54605925609496,low,low,GitHubActions,Java,12,open_issue_ratio=low | project_age_days=low | ci_type=GitHubActions | mainLanguage=Java,JGai
cpmpy/cpmpy,master,57038.0,33.0,1674.0,6.0,254.0,31.0,2017-08-20 03:08:56+00:00,297.0,38.0,Python,2025-04-24T01:30:07,360.0,GitHubActions,2021-02-22 19:59:57+00:00,54.0,0.1279461279461279,0.1002024291497975,0.5647773279352226,2964,108.41,26.126242974492005,low,low,GitHubActions,Python,13,open_issue_ratio=low | project_age_days=low | ci_type=GitHubActions | mainLanguage=Python,PGai
azure/azure-iot-sdk-python,main,46947.0,70.0,599.0,84.0,418.0,26.0,2016-10-14 06:17:15+00:00,517.0,6.0,Python,2024-07-17T06:04:37,657.0,GitHubActions,2020-03-18 15:41:30+00:00,23.03846153846154,0.011605415860735,0.1579108124618204,0.1829566279780085,3274,60.68,91.89449839639356,low,low,GitHubActions,Python,13,open_issue_ratio=low | project_age_days=low | ci_type=GitHubActions | mainLanguage=Python,PGai
boris-code/feapder,master,1551.0,53.0,1001.0,36.0,3151.0,29.0,2021-02-08 02:21:53+00:00,176.0,90.0,Python,2025-03-17T11:27:23,91.0,GitHubActions,2024-03-19 12:44:12+00:00,34.51724137931034,0.5113636363636364,0.1037735849056603,0.5902122641509434,1696,25.38,14.02745755606791,high,low,GitHubActions,Python,5,open_issue_ratio=high | project_age_days=low | ci_type=GitHubActions | mainLanguage=Python,PGaI
kyleaoman/martini,main,32647.0,24.0,923.0,3.0,15.0,3.0,2017-10-19 01:49:48+00:00,56.0,14.0,Python,2025-03-03T09:33:46,30.0,GitHubActions,2023-03-01 12:37:25+00:00,307.6666666666667,0.25,0.0192837465564738,0.3178374655647383,2904,57.5,34.03890736820885,low,low,GitHubActions,Python,13,open_issue_ratio=low | project_age_days=low | ci_type=GitHubActions | mainLanguage=Python,PGai
brgm/gml_application_schema_toolbox,master,30891.0,22.0,867.0,10.0,28.0,16.0,2016-06-21 12:07:30+00:00,122.0,52.0,Python,2024-10-29T01:33:52,145.0,GitHubActions,2020-12-02 20:03:52+00:00,54.1875,0.4262295081967213,0.0359988197108291,0.2558276777810563,3389,128.8,0.5956191377438838,high,low,GitHubActions,Python,5,open_issue_ratio=high | project_age_days=low | ci_type=GitHubActions | mainLanguage=Python,PGaI
llllllllll/slider,master,6178.0,13.0,354.0,6.0,39.0,17.0,2017-04-15 05:11:17+00:00,53.0,21.0,Python,2025-03-04T12:40:25,69.0,GitHubActions,2020-04-14 06:25:35+00:00,20.823529411764707,0.3962264150943396,0.0171465545131025,0.1145260433516661,3091,162.35,10.4980126256722,high,low,GitHubActions,Python,5,open_issue_ratio=high | project_age_days=low | ci_type=GitHubActions | mainLanguage=Python,PGaI
rollbar/pyrollbar,master,1449.0,49.0,1106.0,38.0,217.0,94.0,2012-08-12 09:12:08+00:00,206.0,17.0,Python,2025-03-26T03:05:46,272.0,TravisCI,2014-03-14 20:32:27+00:00,11.76595744680851,0.0825242718446602,0.042934556065027,0.2305127136306794,4798,379.9,77.09931798806478,low,high,TravisCI,Python,11,open_issue_ratio=low | project_age_days=high | ci_type=TravisCI | mainLanguage=Python,PTAi
jfrog/artifactory-client-java,master,1846.0,30.0,821.0,54.0,321.0,94.0,2012-07-25 08:37:56+00:00,167.0,110.0,Java,2024-10-11T09:43:31,233.0,GitHubActions,2021-01-06 07:32:32+00:00,8.73404255319149,0.6586826347305389,0.0346760797342192,0.1704734219269103,4816,1000.37,18.312274884226177,high,high,GitHubActions,Java,0,open_issue_ratio=high | project_age_days=high | ci_type=GitHubActions | mainLanguage=Java,JGAI
streamthoughts/jikkou,main,33553.0,52.0,840.0,8.0,227.0,15.0,2018-07-16 07:53:53+00:00,169.0,27.0,Java,2025-04-16T08:51:08,411.0,GitHubActions,2021-11-08 14:53:44+00:00,56.0,0.1597633136094674,0.0641609719058466,0.3189066059225512,2634,82.8,21.138895831415,low,low,GitHubActions,Java,12,open_issue_ratio=low | project_age_days=low | ci_type=GitHubActions | mainLanguage=Java,JGai
torchbox/wagtail-markdown,main,536.0,14.0,250.0,12.0,201.0,30.0,2015-09-14 01:42:45+00:00,68.0,7.0,Python,2025-03-11T02:31:12,85.0,TravisCI,2018-02-14 23:22:19+00:00,8.333333333333334,0.1029411764705882,0.0185286103542234,0.0681198910081744,3670,349.08,35.68281938325991,low,high,TravisCI,Python,11,open_issue_ratio=low | project_age_days=high | ci_type=TravisCI | mainLanguage=Python,PTAi
dnsviz/dnsviz,master,6014.0,28.0,2651.0,38.0,1066.0,15.0,2014-10-23 03:28:20+00:00,116.0,20.0,Python,2025-04-21T03:58:47,41.0,TravisCI,2019-01-06 05:06:18+00:00,176.73333333333332,0.1724137931034483,0.029029029029029,0.6634134134134134,3996,233.93,18.95444818098441,low,high,TravisCI,Python,11,open_issue_ratio=low | project_age_days=high | ci_type=TravisCI | mainLanguage=Python,PTAi
fluentlenium/fluentlenium,develop,19503.0,51.0,3332.0,51.0,879.0,86.0,2011-07-22 01:26:37+00:00,532.0,18.0,Java,2025-02-13T10:25:25,1678.0,TravisCI,2015-12-10 19:42:52+00:00,38.74418604651163,0.0338345864661654,0.1026036644165863,0.6426229508196721,5185,160.7,4.62717771792311,low,high,TravisCI,Java,10,open_issue_ratio=low | project_age_days=high | ci_type=TravisCI | mainLanguage=Java,JTAi
eewbot/eewbot,dev,1456.0,54.0,1329.0,5.0,63.0,6.0,2017-06-25 02:55:24+00:00,16.0,7.0,Java,2025-04-25T12:56:43,194.0,GitHubActions,2020-02-21 17:11:25+00:00,221.5,0.4375,0.0052980132450331,0.4400662251655629,3020,366.31,1.5887658876588766,high,low,GitHubActions,Java,4,open_issue_ratio=high | project_age_days=low | ci_type=GitHubActions | mainLanguage=Java,JGaI
hiero-ledger/hiero-sdk-java,main,78863.0,118.0,1778.0,39.0,246.0,39.0,2018-10-10 04:32:15+00:00,750.0,42.0,Java,2025-04-23T01:25:33,1537.0,GitHubActions,2020-08-16 21:49:44+00:00,45.58974358974359,0.056,0.2943485086342229,0.6978021978021978,2548,43.16,43.27295013613849,low,low,GitHubActions,Java,12,open_issue_ratio=low | project_age_days=low | ci_type=GitHubActions | mainLanguage=Java,JGai
diracgrid/dirac,integration,90236.0,258.0,37421.0,17.0,113.0,183.0,2011-04-06 11:47:53+00:00,1537.0,76.0,Python,2025-04-25T03:44:58,6422.0,TravisCI,2016-04-06 09:28:38+00:00,204.4863387978142,0.0494469746258946,0.2904383975812547,7.071239606953893,5292,280.55,29.300984134939,low,high,TravisCI,Python,11,open_issue_ratio=low | project_age_days=high | ci_type=TravisCI | mainLanguage=Python,PTAi
stamusnetworks/scirius,master,13482.0,24.0,4128.0,56.0,636.0,27.0,2014-05-04 07:15:32+00:00,210.0,81.0,Python,2024-12-09T03:04:55,85.0,TravisCI,2018-12-26 16:28:22+00:00,152.88888888888889,0.3857142857142857,0.050383877159309,0.9904030710172744,4168,110.14,10.358599059069524,high,high,TravisCI,Python,3,open_issue_ratio=high | project_age_days=high | ci_type=TravisCI | mainLanguage=Python,PTAI
mrniko/netty-socketio,master,2254.0,19.0,1092.0,394.0,6914.0,86.0,2012-01-12 11:43:49+00:00,848.0,406.0,Java,2025-03-19T08:43:35,180.0,GitHubActions,2023-12-20 03:59:24+00:00,12.69767441860465,0.4787735849056603,0.1692276990620634,0.2179205747355817,5011,92.27,14.035305818000996,high,high,GitHubActions,Java,0,open_issue_ratio=high | project_age_days=high | ci_type=GitHubActions | mainLanguage=Java,JGAI
mopidy/mopidy,main,25194.0,20.0,8852.0,187.0,8225.0,160.0,2009-12-23 02:25:36+00:00,1250.0,202.0,Python,2025-03-17T06:02:35,893.0,TravisCI,2012-09-04 21:30:59+00:00,55.325,0.1616,0.216976219406353,1.5365387953480298,5761,123.97,52.74706288873532,low,high,TravisCI,Python,11,open_issue_ratio=low | project_age_days=high | ci_type=TravisCI | mainLanguage=Python,PTAi
mastodon/mastodon-android,master,46516.0,52.0,5550.0,29.0,1819.0,36.0,2022-01-14 10:44:03+00:00,795.0,384.0,Java,2025-04-20T04:24:47,177.0,GitHubActions,2024-03-01 06:38:31+00:00,154.16666666666666,0.4830188679245283,0.5862831858407079,4.092920353982301,1356,74.47,0.3335979341043599,high,low,GitHubActions,Java,4,open_issue_ratio=high | project_age_days=low | ci_type=GitHubActions | mainLanguage=Java,JGaI
niestrat99/at-rewritten,v6,10352.0,23.0,1346.0,1.0,35.0,17.0,2019-06-12 01:47:50+00:00,46.0,10.0,Java,2025-03-07T09:13:30,91.0,GitHubActions,2023-04-10 12:04:18+00:00,79.17647058823529,0.217391304347826,0.0199739470256187,0.5844550586191923,2303,62.38,0.4116727462219906,low,low,GitHubActions,Java,12,open_issue_ratio=low | project_age_days=low | ci_type=GitHubActions | mainLanguage=Java,JGai
htmlunit/htmlunit-neko,master,5697.0,67.0,900.0,4.0,17.0,9.0,2018-05-20 11:48:33+00:00,33.0,3.0,Java,2025-04-08T08:26:33,112.0,GitHubActions,2020-10-14 05:30:53+00:00,100.0,0.0909090909090909,0.0122630992196209,0.334448160535117,2691,95.28,24.558530790470687,low,low,GitHubActions,Java,12,open_issue_ratio=low | project_age_days=low | ci_type=GitHubActions | mainLanguage=Java,JGai
milvus-io/milvus-lite,main,1055.0,15.0,172.0,14.0,319.0,14.0,2022-03-16 02:35:58+00:00,112.0,61.0,Python,2025-04-24T12:50:35,157.0,GitHubActions,2023-03-27 08:31:33+00:00,12.285714285714286,0.5446428571428571,0.0864864864864864,0.1328185328185328,1295,24.24,69.81185060376299,high,low,GitHubActions,Python,5,open_issue_ratio=high | project_age_days=low | ci_type=GitHubActions | mainLanguage=Python,PGaI
ocropus/hocr-tools,master,1670.0,13.0,265.0,19.0,345.0,17.0,2014-10-28 08:16:28+00:00,80.0,36.0,Python,2024-03-16T01:30:09,105.0,TravisCI,2016-05-21 11:34:02+00:00,15.588235294117649,0.45,0.0200451014783262,0.0663993986469556,3991,95.41,0.0,high,high,TravisCI,Python,3,open_issue_ratio=high | project_age_days=high | ci_type=TravisCI | mainLanguage=Python,PTAI
thumbor/thumbor,master,52814.0,131.0,2457.0,202.0,10226.0,206.0,2011-03-16 05:30:05+00:00,1009.0,16.0,Python,2025-04-05T12:46:50,712.0,TravisCI,2012-03-18 07:04:49+00:00,11.927184466019416,0.0158572844400396,0.1899115377376247,0.4624505928853755,5313,241.26,4.762306452217598,low,high,TravisCI,Python,11,open_issue_ratio=low | project_age_days=high | ci_type=TravisCI | mainLanguage=Python,PTAi
brechtm/rinohtype,master,146217.0,15.0,3324.0,20.0,508.0,21.0,2013-10-27 11:36:06+00:00,270.0,109.0,Python,2024-12-06T11:13:39,152.0,TravisCI,2016-07-01 14:10:59+00:00,158.28571428571428,0.4037037037037037,0.0619692448932751,0.7629102593527657,4357,170.53,12.431095616936323,high,high,TravisCI,Python,3,open_issue_ratio=high | project_age_days=high | ci_type=TravisCI | mainLanguage=Python,PTAI
dtstack/chunjun,master,132442.0,30.0,5282.0,165.0,4030.0,134.0,2018-04-03 12:44:58+00:00,1217.0,302.0,Java,2025-03-05T06:52:54,700.0,GitHubActions,2022-07-08 07:32:15+00:00,39.4179104477612,0.248151191454396,0.4444850255661066,1.929145361577794,2738,130.41,11.85551814556795,low,low,GitHubActions,Java,12,open_issue_ratio=low | project_age_days=low | ci_type=GitHubActions | mainLanguage=Java,JGai
ihmcrobotics/simulation-construction-set-2,develop,75896.0,26.0,2218.0,3.0,14.0,34.0,2019-11-17 09:09:38+00:00,155.0,72.0,Java,2025-04-23T02:59:44,56.0,GitHubActions,2023-12-12 15:47:24+00:00,65.23529411764706,0.4645161290322581,0.0722610722610722,1.034032634032634,2145,336.7,12.697648503470177,high,low,GitHubActions,Java,4,open_issue_ratio=high | project_age_days=low | ci_type=GitHubActions | mainLanguage=Java,JGaI
quark-framework/quark,main,8745.0,13.0,188.0,8.0,55.0,17.0,2022-03-01 12:39:28+00:00,22.0,7.0,Python,2025-02-07T03:30:22,125.0,GitHubActions,2023-03-09 13:30:50+00:00,11.058823529411764,0.3181818181818182,0.0167938931297709,0.1435114503816794,1310,66.37,23.3486341244962,low,low,GitHubActions,Python,13,open_issue_ratio=low | project_age_days=low | ci_type=GitHubActions | mainLanguage=Python,PGai
datastax/pulsar-sink,master,25969.0,17.0,135.0,11.0,14.0,11.0,2020-12-23 06:06:17+00:00,28.0,12.0,Java,2024-10-05T08:22:18,36.0,GitHubActions,2022-01-18 12:38:30+00:00,12.272727272727272,0.4285714285714285,0.0160642570281124,0.0774526678141136,1743,86.5,88.00736220091059,high,low,GitHubActions,Java,4,open_issue_ratio=high | project_age_days=low | ci_type=GitHubActions | mainLanguage=Java,JGaI
alexxit/yandexstation,master,2728.0,91.0,639.0,44.0,1508.0,34.0,2020-01-27 07:15:27+00:00,550.0,72.0,Python,2025-04-09T03:52:00,65.0,GitHubActions,2021-05-12 08:18:38+00:00,18.794117647058822,0.1309090909090909,0.2651880424300868,0.3081002892960462,2074,67.76,41.69152109075415,low,low,GitHubActions,Python,13,open_issue_ratio=low | project_age_days=low | ci_type=GitHubActions | mainLanguage=Python,PGai
dice-group/gerbil,master,125334.0,23.0,979.0,28.0,226.0,40.0,2014-09-11 02:32:31+00:00,372.0,128.0,Java,2025-04-01T12:20:38,90.0,TravisCI,2016-12-14 10:36:54+00:00,24.475,0.3440860215053763,0.0921248142644873,0.2424467558197127,4038,214.57,27.333497283641485,low,high,TravisCI,Java,10,open_issue_ratio=low | project_age_days=high | ci_type=TravisCI | mainLanguage=Java,JTAi
custom-components/feedparser,master,317.0,25.0,140.0,8.0,126.0,16.0,2018-08-18 01:41:41+00:00,59.0,17.0,Python,2024-02-25T09:56:42,66.0,GitHubActions,2021-04-02 01:32:36+00:00,8.75,0.288135593220339,0.0226835832372164,0.0538254517493271,2601,66.59,9.465585932133534,low,low,GitHubActions,Python,13,open_issue_ratio=low | project_age_days=low | ci_type=GitHubActions | mainLanguage=Python,PGai
marketsquare/sshlibrary,master,2521.0,35.0,892.0,39.0,155.0,47.0,2014-08-14 08:58:05+00:00,319.0,34.0,Python,2024-09-02T01:28:20,145.0,TravisCI,2018-03-05 12:38:47+00:00,18.97872340425532,0.1065830721003134,0.0784554845056566,0.219380226266601,4066,236.83,0.9127656800104316,low,high,TravisCI,Python,11,open_issue_ratio=low | project_age_days=high | ci_type=TravisCI | mainLanguage=Python,PTAi
yutiansut/quantaxis,master,135984.0,62.0,7483.0,638.0,8449.0,99.0,2016-03-29 12:11:19+00:00,501.0,217.0,Python,2025-02-27T10:22:23,1340.0,TravisCI,2017-05-14 17:53:12+00:00,75.58585858585859,0.4331337325349301,0.1442556867261733,2.1546213648142816,3473,33.47,0.5943583631307111,high,low,TravisCI,Python,7,open_issue_ratio=high | project_age_days=low | ci_type=TravisCI | mainLanguage=Python,PTaI
tartaricacid/touhoulittlemaid,1.20,172692.0,854.0,567.0,11.0,476.0,18.0,2019-06-30 10:31:31+00:00,411.0,70.0,Java,2025-04-24T03:13:20,259.0,GitHubActions,2023-09-04 16:01:04+00:00,31.5,0.170316301703163,0.1798687089715536,0.2481400437636761,2285,70.38,0.0154249575813666,low,low,GitHubActions,Java,12,open_issue_ratio=low | project_age_days=low | ci_type=GitHubActions | mainLanguage=Java,JGai
mkb79/audible-cli,master,20439.0,19.0,223.0,10.0,507.0,13.0,2020-09-02 12:47:08+00:00,110.0,34.0,Python,2024-05-02T07:49:03,87.0,GitHubActions,2021-10-21 15:04:57+00:00,17.153846153846153,0.3090909090909091,0.059299191374663,0.1202156334231805,1855,40.15,0.0730593607305936,low,low,GitHubActions,Python,13,open_issue_ratio=low | project_age_days=low | ci_type=GitHubActions | mainLanguage=Python,PGai
prebid/prebid-server-java,master,30897.0,139.0,3154.0,20.0,77.0,158.0,2018-03-09 03:05:17+00:00,791.0,50.0,Java,2025-04-25T01:24:02,3143.0,GitHubActions,2019-12-13 14:16:22+00:00,19.96202531645569,0.0632111251580278,0.2862830256967065,1.1415128483532393,2763,36.4,54.79711511846057,low,low,GitHubActions,Java,12,open_issue_ratio=low | project_age_days=low | ci_type=GitHubActions | mainLanguage=Java,JGai
epic-breakfast-productions/openquartermaster,main,35242.0,179.0,3903.0,4.0,31.0,7.0,2021-02-27 03:52:10+00:00,248.0,118.0,Java,2025-03-28T02:36:29,564.0,GitHubActions,2022-03-01 19:50:34+00:00,557.5714285714286,0.4758064516129032,0.1478831246273106,2.32737030411449,1677,133.15,4.037219646010129,high,low,GitHubActions,Java,4,open_issue_ratio=high | project_age_days=low | ci_type=GitHubActions | mainLanguage=Java,JGaI
acesseonline/pyreportjasper,master,398056.0,14.0,137.0,15.0,126.0,8.0,2016-11-20 03:33:44+00:00,122.0,19.0,Python,2024-08-21T07:11:22,38.0,TravisCI,2020-11-13 19:51:32+00:00,17.125,0.1557377049180328,0.0376892184121099,0.0423231387086808,3237,171.36,18.316135084427767,low,low,TravisCI,Python,15,open_issue_ratio=low | project_age_days=low | ci_type=TravisCI | mainLanguage=Python,PTai
killme2008/aviatorscript,master,13142.0,52.0,850.0,171.0,4395.0,23.0,2011-03-29 12:48:47+00:00,531.0,48.0,Java,2024-07-30T09:45:10,107.0,TravisCI,2016-10-19 03:39:04+00:00,36.95652173913044,0.0903954802259887,0.100188679245283,0.160377358490566,5300,52.91,34.161447459986086,low,high,TravisCI,Java,10,open_issue_ratio=low | project_age_days=high | ci_type=TravisCI | mainLanguage=Java,JTAi
sissbruecker/linkding,master,5694.0,80.0,686.0,35.0,7987.0,91.0,2019-06-28 05:34:23+00:00,610.0,116.0,Python,2025-04-13T07:43:11,429.0,GitHubActions,2021-01-02 10:50:16+00:00,7.538461538461538,0.1901639344262295,0.2667249672059466,0.29995627459554,2287,71.57,45.916163013665376,low,low,GitHubActions,Python,13,open_issue_ratio=low | project_age_days=low | ci_type=GitHubActions | mainLanguage=Python,PGai
teamlapen/vampirism,1.21,178576.0,55.0,3480.0,18.0,199.0,23.0,2014-08-11 03:00:25+00:00,1218.0,99.0,Java,2025-04-22T06:47:32,267.0,TravisCI,2017-01-17 17:20:18+00:00,151.30434782608697,0.0812807881773399,0.2993364463013025,0.8552469894322929,4069,92.87,0.5138566944962975,low,high,TravisCI,Java,10,open_issue_ratio=low | project_age_days=high | ci_type=TravisCI | mainLanguage=Java,JTAi
thulab/iot-benchmark,master,12416.0,124.0,1533.0,18.0,189.0,76.0,2017-09-12 06:15:01+00:00,61.0,6.0,Java,2025-04-24T01:46:15,425.0,GitHubActions,2022-10-24 03:12:01+00:00,20.17105263157895,0.0983606557377049,0.0207412444746684,0.5212512750765046,2941,112.43,4.0278390124078856,low,low,GitHubActions,Java,12,open_issue_ratio=low | project_age_days=low | ci_type=GitHubActions | mainLanguage=Java,JGai
d2l-ai/d2l-en,master,317904.0,15.0,6491.0,411.0,22877.0,334.0,2018-10-09 01:04:37+00:00,291.0,95.0,Python,2024-03-16T10:46:02,2197.0,GitHubActions,2023-05-05 19:19:22+00:00,19.434131736526947,0.3264604810996563,0.1141624166339741,2.5464888191447628,2549,54.2,0.0,low,low,GitHubActions,Python,13,open_issue_ratio=low | project_age_days=low | ci_type=GitHubActions | mainLanguage=Python,PGai
owasp/crapi,develop,4630.0,15.0,272.0,24.0,1212.0,24.0,2021-02-03 09:11:44+00:00,101.0,35.0,Java,2025-02-19T05:00:34,188.0,GitHubActions,2022-04-05 03:05:00+00:00,11.333333333333334,0.3465346534653465,0.0593768371546149,0.1599059376837154,1701,77.22,1.87078193369756,low,low,GitHubActions,Java,12,open_issue_ratio=low | project_age_days=low | ci_type=GitHubActions | mainLanguage=Java,JGai
catch-up-tv-and-more/plugin.video.catchuptvandmore,dev,53857.0,59.0,3380.0,22.0,301.0,69.0,2017-02-14 06:29:55+00:00,916.0,78.0,Python,2025-04-26T04:06:45,553.0,TravisCI,2019-04-08 20:55:23+00:00,48.98550724637681,0.0851528384279476,0.2907013646461441,1.072675341161536,3151,49.24,0.0,low,low,TravisCI,Python,15,open_issue_ratio=low | project_age_days=low | ci_type=TravisCI | mainLanguage=Python,PTai
mkuczera/react-native-haptic-feedback,main,3023.0,28.0,251.0,11.0,863.0,53.0,2018-01-03 09:05:31+00:00,60.0,11.0,Java,2024-09-18T01:48:54,79.0,GitHubActions,2024-08-02 10:25:49+00:00,4.735849056603773,0.1833333333333333,0.0212164073550212,0.0887553041018387,2828,217.1,0.0,low,low,GitHubActions,Java,12,open_issue_ratio=low | project_age_days=low | ci_type=GitHubActions | mainLanguage=Java,JGai
thehive-project/thehive4py,main,2505.0,35.0,273.0,30.0,220.0,10.0,2016-12-16 10:53:47+00:00,232.0,11.0,Python,2025-03-05T06:29:21,177.0,GitHubActions,2022-10-26 18:05:55+00:00,27.3,0.0474137931034482,0.0722516350046714,0.0850202429149797,3211,230.17,34.340836012861736,low,low,GitHubActions,Python,13,open_issue_ratio=low | project_age_days=low | ci_type=GitHubActions | mainLanguage=Python,PGai
pyfixate/fixate,main,2248.0,31.0,791.0,8.0,22.0,19.0,2017-09-26 06:50:01+00:00,80.0,38.0,Python,2025-01-14T01:47:14,140.0,GitHubActions,2021-07-16 06:44:16+00:00,41.63157894736842,0.475,0.0273317389818927,0.2702425691834643,2927,206.4,55.5691759068368,high,low,GitHubActions,Python,5,open_issue_ratio=high | project_age_days=low | ci_type=GitHubActions | mainLanguage=Python,PGaI
eclipse-wildwebdeveloper/wildwebdeveloper,master,5601.0,26.0,1108.0,14.0,190.0,51.0,2017-04-04 08:52:08+00:00,656.0,120.0,Java,2025-04-17T03:38:14,1149.0,GitHubActions,2020-06-10 19:29:09+00:00,21.725490196078432,0.1829268292682926,0.2114764667956157,0.3571889103803997,3102,153.27,12.953816385763025,low,low,GitHubActions,Java,12,open_issue_ratio=low | project_age_days=low | ci_type=GitHubActions | mainLanguage=Java,JGai
johnmaguire/cardinal,master,800.0,32.0,671.0,18.0,100.0,19.0,2013-02-06 09:55:21+00:00,163.0,16.0,Python,2025-02-10T10:02:45,47.0,TravisCI,2015-12-05 02:17:15+00:00,35.31578947368421,0.0981595092024539,0.0352813852813852,0.1452380952380952,4620,359.13,48.80968038932,low,high,TravisCI,Python,11,open_issue_ratio=low | project_age_days=high | ci_type=TravisCI | mainLanguage=Python,PTAi
smallrye/smallrye-open-api,main,15299.0,124.0,2771.0,12.0,124.0,75.0,2018-05-25 08:20:58+00:00,448.0,23.0,Java,2025-04-24T12:35:51,1747.0,GitHubActions,2020-03-18 11:58:54+00:00,36.946666666666665,0.0513392857142857,0.1667907669396872,1.0316455696202531,2686,46.5,36.80221438160067,low,low,GitHubActions,Java,12,open_issue_ratio=low | project_age_days=low | ci_type=GitHubActions | mainLanguage=Java,JGai
nasa-impact/pyquarc,master,26343.0,15.0,1091.0,7.0,21.0,26.0,2018-10-19 01:22:04+00:00,163.0,17.0,Python,2024-07-31T07:42:07,149.0,GitHubActions,2020-08-27 21:45:23+00:00,41.96153846153846,0.1042944785276073,0.0641985033477747,0.4296967309964553,2539,217.84,4.7891809668679,low,low,GitHubActions,Python,13,open_issue_ratio=low | project_age_days=low | ci_type=GitHubActions | mainLanguage=Python,PGai
francescoceruti/linux-show-player,master,9341.0,20.0,729.0,28.0,229.0,,2015-01-08 11:14:12+00:00,225.0,62.0,Python,2025-04-09T10:49:38,104.0,TravisCI,2017-02-17 13:58:32+00:00,,0.2755555555555555,0.0574126052564429,0.1860168410308752,3919,306.65,0.0,low,high,TravisCI,Python,11,open_issue_ratio=low | project_age_days=high | ci_type=TravisCI | mainLanguage=Python,PTAi
datadog/dd-trace-java,master,265244.0,259.0,15163.0,647.0,636.0,243.0,2017-04-24 09:24:40+00:00,768.0,217.0,Java,2025-04-25T08:44:04,7959.0,GitHubActions,2020-03-18 21:36:14+00:00,62.39917695473251,0.2825520833333333,0.2491888384166126,4.919857235561324,3082,123.23,12.864333122840112,low,low,GitHubActions,Java,12,open_issue_ratio=low | project_age_days=low | ci_type=GitHubActions | mainLanguage=Java,JGai
deepmodeling/deepmd-kit,r3.0,66289.0,55.0,3180.0,45.0,1626.0,76.0,2017-12-12 03:23:44+00:00,885.0,84.0,Python,2025-03-02T03:04:28,2354.0,TravisCI,2019-07-25 12:01:49+00:00,41.8421052631579,0.0949152542372881,0.3105263157894737,1.1157894736842104,2850,48.28,31.56466962317336,low,low,TravisCI,Python,15,open_issue_ratio=low | project_age_days=low | ci_type=TravisCI | mainLanguage=Python,PTai
jenkinsci/plugin-pom,master,1735.0,125.0,1923.0,102.0,71.0,46.0,2016-01-20 10:12:42+00:00,25.0,7.0,Java,2025-04-25T09:26:44,1104.0,GitHubActions,2022-03-09 15:56:15+00:00,41.80434782608695,0.28,0.0070581592320722,0.5429136081309994,3542,76.91,6.981818181818182,low,high,GitHubActions,Java,8,open_issue_ratio=low | project_age_days=high | ci_type=GitHubActions | mainLanguage=Java,JGAi
renyuneyun/easer,master,7971.0,20.0,1477.0,31.0,843.0,123.0,2016-03-06 11:34:36+00:00,408.0,231.0,Java,2025-04-09T11:01:42,68.0,TravisCI,2017-10-27 11:51:58+00:00,12.008130081300813,0.5661764705882353,0.1167048054919908,0.4224828375286041,3496,87.94,5.267997394735834,high,low,TravisCI,Java,6,open_issue_ratio=high | project_age_days=low | ci_type=TravisCI | mainLanguage=Java,JTaI
phac-nml/mob-suite,master,45240.0,24.0,331.0,12.0,119.0,9.0,2018-02-09 10:08:53+00:00,144.0,12.0,Python,2024-10-09T03:25:58,28.0,GitHubActions,2024-06-03 22:00:57+00:00,36.77777777777778,0.0833333333333333,0.0515944106055177,0.118595485489072,2791,91.29,0.7642907723487901,low,low,GitHubActions,Python,13,open_issue_ratio=low | project_age_days=low | ci_type=GitHubActions | mainLanguage=Python,PGai
jnikula/hawkmoth,master,640.0,14.0,746.0,5.0,78.0,7.0,2017-08-15 07:38:48+00:00,70.0,6.0,Python,2025-04-13T07:44:36,199.0,GitHubActions,2022-10-22 16:03:06+00:00,106.57142857142856,0.0857142857142857,0.0235769619400471,0.2512630515325025,2969,142.36,15.141821283855831,low,low,GitHubActions,Python,13,open_issue_ratio=low | project_age_days=low | ci_type=GitHubActions | mainLanguage=Python,PGai
aimhubio/aim,main,68356.0,70.0,2260.0,42.0,5534.0,87.0,2019-05-31 06:25:07+00:00,1057.0,383.0,Python,2025-04-08T02:28:52,2248.0,GitHubActions,2021-07-19 18:56:02+00:00,25.977011494252874,0.3623462630085147,0.4565874730021598,0.976241900647948,2315,64.62,1.6601185586905105,high,low,GitHubActions,Python,5,open_issue_ratio=high | project_age_days=low | ci_type=GitHubActions | mainLanguage=Python,PGaI
jyrkioraskari/ifctolbd,master,836108.0,28.0,901.0,16.0,84.0,6.0,2017-12-21 05:15:16+00:00,40.0,19.0,Java,2025-04-10T01:11:57,66.0,GitHubActions,2021-08-26 11:44:39+00:00,150.16666666666666,0.475,0.0140795494544174,0.3171418514607532,2841,248.91,0.2594012902645861,high,low,GitHubActions,Java,4,open_issue_ratio=high | project_age_days=low | ci_type=GitHubActions | mainLanguage=Java,JGaI
bentoboxworld/challenges,develop,1972.0,23.0,804.0,5.0,13.0,15.0,2017-11-26 02:06:14+00:00,269.0,24.0,Java,2025-04-22T04:22:54,105.0,TravisCI,2019-10-30 06:44:26+00:00,53.6,0.0892193308550185,0.0938590369853454,0.2805303558967201,2866,86.12,9.538182109564891,low,low,TravisCI,Java,14,open_issue_ratio=low | project_age_days=low | ci_type=TravisCI | mainLanguage=Java,JTai
pymzml/pymzml,dev,34526.0,23.0,798.0,8.0,169.0,52.0,2012-01-11 07:45:43+00:00,113.0,17.0,Python,2025-03-28T01:18:43,263.0,TravisCI,2018-01-05 15:21:25+00:00,15.346153846153848,0.1504424778761062,0.0225458898643256,0.159217877094972,5012,117.02,25.21709518133833,low,high,TravisCI,Python,11,open_issue_ratio=low | project_age_days=high | ci_type=TravisCI | mainLanguage=Python,PTAi
mikedeejay2/simplestackplugin,master/dev,1417.0,25.0,687.0,3.0,12.0,3.0,2020-08-11 11:53:32+00:00,102.0,10.0,Java,2025-01-07T02:34:26,8.0,GitHubActions,2022-10-19 17:26:24+00:00,229.0,0.0980392156862745,0.0543420351624933,0.366009589770911,1877,93.67,3.628394009497139,low,low,GitHubActions,Java,12,open_issue_ratio=low | project_age_days=low | ci_type=GitHubActions | mainLanguage=Java,JGai
jctools/jctools,master,7891.0,18.0,1043.0,190.0,3497.0,56.0,2013-11-10 06:04:40+00:00,237.0,41.0,Java,2024-05-30T01:23:59,155.0,TravisCI,2015-04-15 14:27:02+00:00,18.625,0.1729957805907173,0.0545705733364034,0.2401565737969145,4343,147.97,33.21658327376697,low,high,TravisCI,Java,10,open_issue_ratio=low | project_age_days=high | ci_type=TravisCI | mainLanguage=Java,JTAi
buildfarm/buildfarm,main,41143.0,46.0,2157.0,42.0,703.0,104.0,2017-07-06 01:42:14+00:00,536.0,122.0,Java,2025-04-26T12:28:39,1696.0,GitHubActions,2021-09-23 03:04:38+00:00,20.740384615384617,0.2276119402985074,0.1781322698570953,0.7168494516450648,3009,86.82,31.07980460421558,low,low,GitHubActions,Java,12,open_issue_ratio=low | project_age_days=low | ci_type=GitHubActions | mainLanguage=Java,JGai
uf-mil/mil,master,662566.0,18.0,7863.0,9.0,47.0,135.0,2019-07-09 02:45:40+00:00,728.0,183.0,Python,2025-01-08T02:54:02,592.0,GitHubActions,2022-03-25 01:42:51+00:00,58.24444444444445,0.2513736263736263,0.3198594024604569,3.454745166959578,2276,223.23,1.8977912251072755,low,low,GitHubActions,Python,13,open_issue_ratio=low | project_age_days=low | ci_type=GitHubActions | mainLanguage=Python,PGai
salesforce/bazel-eclipse,main,204458.0,18.0,928.0,15.0,149.0,18.0,2019-08-28 05:15:47+00:00,192.0,0.0,Java,2025-04-08T01:48:42,321.0,GitHubActions,2021-05-01 14:26:36+00:00,51.55555555555556,0.0,0.0862533692722372,0.4168912848158131,2226,402.25,0.9969456741823672,low,low,GitHubActions,Java,12,open_issue_ratio=low | project_age_days=low | ci_type=GitHubActions | mainLanguage=Java,JGai
seart-group/ghs,master,43364.0,45.0,3254.0,3.0,154.0,11.0,2021-01-28 10:34:55+00:00,92.0,3.0,Java,2025-04-25T12:19:46,523.0,GitHubActions,2023-05-23 10:27:54+00:00,295.8181818181818,0.0326086956521739,0.0538957234915055,1.906268306971295,1707,30.44,0.5497165968839899,low,low,GitHubActions,Java,12,open_issue_ratio=low | project_age_days=low | ci_type=GitHubActions | mainLanguage=Java,JGai
docile-alligator/infinity-for-reddit,master,29507.0,175.0,2584.0,60.0,4602.0,68.0,2018-07-26 03:02:51+00:00,990.0,120.0,Java,2025-04-25T01:39:33,307.0,GitHubActions,2021-07-12 21:36:00+00:00,38.0,0.1212121212121212,0.3772865853658536,0.9847560975609756,2624,150.81,0.0,low,low,GitHubActions,Java,12,open_issue_ratio=low | project_age_days=low | ci_type=GitHubActions | mainLanguage=Java,JGai
instituutnederlandsetaal/blacklab,dev,27995.0,31.0,2882.0,18.0,111.0,19.0,2012-10-04 10:59:42+00:00,351.0,58.0,Java,2025-04-24T10:47:31,193.0,TravisCI,2014-08-15 08:30:21+00:00,151.68421052631578,0.1652421652421652,0.073972602739726,0.6073761854583772,4745,196.74,6.974573987789731,low,high,TravisCI,Java,10,open_issue_ratio=low | project_age_days=high | ci_type=TravisCI | mainLanguage=Java,JTAi
nucleic/enaml,main,41592.0,17.0,2804.0,52.0,1549.0,45.0,2013-03-06 09:29:01+00:00,248.0,45.0,Python,2025-03-24T12:15:21,324.0,TravisCI,2017-09-03 13:16:10+00:00,62.31111111111111,0.1814516129032258,0.0540069686411149,0.6106271777003485,4592,124.67,16.705548427232785,low,high,TravisCI,Python,11,open_issue_ratio=low | project_age_days=high | ci_type=TravisCI | mainLanguage=Python,PTAi
ncas-cms/cfdm,main,73930.0,20.0,3337.0,4.0,30.0,8.0,2018-10-22 02:07:21+00:00,144.0,37.0,Python,2025-04-03T04:37:07,186.0,GitHubActions,2020-04-17 22:57:20+00:00,417.125,0.2569444444444444,0.056782334384858,1.3158517350157728,2536,44.74,3.4559503471623594,low,low,GitHubActions,Python,13,open_issue_ratio=low | project_age_days=low | ci_type=GitHubActions | mainLanguage=Python,PGai
wildfirechat/app-server,master,22912.0,41.0,250.0,14.0,267.0,7.0,2019-01-17 04:13:09+00:00,31.0,0.0,Java,2025-04-15T04:40:04,14.0,GitHubActions,2020-04-22 13:57:27+00:00,35.714285714285715,0.0,0.0126582278481012,0.1020824826459779,2449,34.89,0.2720625743921102,low,low,GitHubActions,Java,12,open_issue_ratio=low | project_age_days=low | ci_type=GitHubActions | mainLanguage=Java,JGai
marcuswolschon/osmeditor4android,master,362020.0,208.0,8178.0,20.0,402.0,46.0,2015-03-21 07:25:43+00:00,2118.0,181.0,Java,2025-04-26T12:30:22,752.0,GitHubActions,2019-11-18 13:54:12+00:00,177.7826086956522,0.0854579792256846,0.5505588770470496,2.1258123212893163,3847,99.79,2.3530611968102204,low,high,GitHubActions,Java,8,open_issue_ratio=low | project_age_days=high | ci_type=GitHubActions | mainLanguage=Java,JGAi
pypa/hatch,master,36704.0,133.0,996.0,48.0,6474.0,79.0,2017-05-31 11:37:53+00:00,878.0,360.0,Python,2025-04-07T04:19:44,776.0,GitHubActions,2021-12-29 02:47:40+00:00,12.60759493670886,0.4100227790432801,0.2883415435139573,0.3270935960591133,3045,68.87,84.77853769744341,high,low,GitHubActions,Python,5,open_issue_ratio=high | project_age_days=low | ci_type=GitHubActions | mainLanguage=Python,PGaI
jenkinsci/acceptance-test-harness,master,13865.0,152.0,6203.0,115.0,130.0,166.0,2014-02-28 05:39:55+00:00,84.0,17.0,Java,2025-04-26T10:04:07,1895.0,GitHubActions,2022-03-09 16:10:31+00:00,37.36746987951807,0.2023809523809523,0.0198440822111977,1.4653909756673753,4233,90.01,128.51954898228144,low,high,GitHubActions,Java,8,open_issue_ratio=low | project_age_days=high | ci_type=GitHubActions | mainLanguage=Java,JGAi
phax/ph-css,master,6368.0,32.0,778.0,12.0,160.0,9.0,2014-08-25 06:40:21+00:00,90.0,9.0,Java,2025-04-11T07:55:38,19.0,TravisCI,2015-11-10 12:58:41+00:00,86.44444444444444,0.1,0.0221948212083847,0.1918618988902589,4055,47.63,15.314820701014243,low,high,TravisCI,Java,10,open_issue_ratio=low | project_age_days=high | ci_type=TravisCI | mainLanguage=Java,JTAi
chinmayamission/cff,master,19905.0,62.0,2724.0,10.0,12.0,78.0,2017-08-25 06:50:14+00:00,164.0,68.0,Python,2025-02-09T08:03:32,183.0,GitHubActions,2020-11-08 21:14:58+00:00,34.92307692307692,0.4146341463414634,0.0554241297735721,0.9205812774586009,2959,45.28,11.534538175799218,high,low,GitHubActions,Python,5,open_issue_ratio=high | project_age_days=low | ci_type=GitHubActions | mainLanguage=Python,PGaI
deltarcm/pydeltarcm,develop,56536.0,13.0,894.0,3.0,19.0,13.0,2019-02-15 04:46:19+00:00,110.0,26.0,Python,2025-03-19T06:11:39,177.0,TravisCI,2020-03-29 20:12:21+00:00,68.76923076923077,0.2363636363636363,0.0454545454545454,0.3694214876033058,2420,152.97,59.22091148264449,low,low,TravisCI,Python,15,open_issue_ratio=low | project_age_days=low | ci_type=TravisCI | mainLanguage=Python,PTai
decathlon/ara,main,24671.0,149.0,717.0,5.0,78.0,28.0,2019-04-04 01:27:58+00:00,259.0,143.0,Java,2025-03-11T10:39:11,568.0,GitHubActions,2020-08-19 14:54:59+00:00,25.607142857142858,0.5521235521235521,0.1091905564924114,0.3022765598650928,2372,146.09,34.65758541903761,high,low,GitHubActions,Java,4,open_issue_ratio=high | project_age_days=low | ci_type=GitHubActions | mainLanguage=Java,JGaI
zandero/rest.vertx,master,1576.0,31.0,534.0,10.0,161.0,9.0,2017-04-07 02:01:48+00:00,82.0,1.0,Java,2025-01-13T01:31:17,80.0,GitHubActions,2020-02-05 08:54:59+00:00,59.333333333333336,0.0121951219512195,0.026460148434979,0.1723136495643756,3099,44.06,87.8633754841118,low,low,GitHubActions,Java,12,open_issue_ratio=low | project_age_days=low | ci_type=GitHubActions | mainLanguage=Java,JGai
cruciblemc/crucible,staging,20313.0,50.0,166.0,23.0,185.0,12.0,2019-11-16 05:39:28+00:00,143.0,39.0,Java,2024-12-18T07:44:20,25.0,GitHubActions,2021-10-07 18:31:39+00:00,13.833333333333334,0.2727272727272727,0.0666356011183597,0.0773532152842497,2146,84.61,2.690402088658996,low,low,GitHubActions,Java,12,open_issue_ratio=low | project_age_days=low | ci_type=GitHubActions | mainLanguage=Java,JGai
snowflakedb/snowflake-jdbc,master,67909.0,99.0,1897.0,22.0,185.0,123.0,2016-06-30 12:59:41+00:00,737.0,35.0,Java,2025-04-25T09:22:01,1402.0,TravisCI,2018-06-14 19:24:31+00:00,15.422764227642276,0.0474898236092265,0.2180473372781065,0.5612426035502959,3380,149.13,53.97124918516485,low,low,TravisCI,Java,14,open_issue_ratio=low | project_age_days=low | ci_type=TravisCI | mainLanguage=Java,JTai
torchbox/wagtailmedia,main,623.0,29.0,476.0,18.0,233.0,47.0,2016-04-20 01:20:38+00:00,105.0,16.0,Python,2025-01-29T04:52:42,147.0,TravisCI,2017-06-21 11:09:41+00:00,10.127659574468083,0.1523809523809524,0.0304259634888438,0.1379310344827586,3451,195.58,45.773967640666505,low,low,TravisCI,Python,15,open_issue_ratio=low | project_age_days=low | ci_type=TravisCI | mainLanguage=Python,PTai
cityofzion/neo3-boa,master,37476.0,32.0,1873.0,11.0,38.0,18.0,2020-04-21 02:03:07+00:00,433.0,3.0,Python,2024-11-12T07:39:57,839.0,GitHubActions,2024-03-18 19:35:37+00:00,104.05555555555556,0.0069284064665127,0.2176973353443941,0.9416792357968828,1989,138.83,82.9603549045842,low,low,GitHubActions,Python,13,open_issue_ratio=low | project_age_days=low | ci_type=GitHubActions | mainLanguage=Python,PGai
apiman/apiman,master,123557.0,34.0,5005.0,62.0,823.0,82.0,2013-08-23 09:29:20+00:00,609.0,211.0,Java,2024-03-13T03:41:05,1884.0,TravisCI,2015-08-14 19:21:11+00:00,61.03658536585366,0.3464696223316913,0.1377204884667571,1.1318407960199004,4422,88.49,15.889038634321654,low,high,TravisCI,Java,10,open_issue_ratio=low | project_age_days=high | ci_type=TravisCI | mainLanguage=Java,JTAi
erlang/erlide_eclipse,master,140063.0,36.0,7672.0,29.0,202.0,21.0,2009-10-25 09:03:07+00:00,316.0,85.0,Java,2024-11-04T11:01:16,43.0,TravisCI,2018-09-04 07:54:52+00:00,365.3333333333333,0.2689873417721519,0.0542955326460481,1.318213058419244,5820,114.13,8.992586319498768,low,high,TravisCI,Java,10,open_issue_ratio=low | project_age_days=high | ci_type=TravisCI | mainLanguage=Java,JTAi
chaoss/grimoirelab-sigils,main,34139.0,20.0,1108.0,18.0,35.0,30.0,2016-06-23 11:05:30+00:00,85.0,17.0,Python,2025-01-15T11:52:02,428.0,GitHubActions,2022-03-16 10:44:49+00:00,36.93333333333333,0.2,0.0250959551225273,0.3271331561854148,3387,100.14,0.3677629505096144,low,low,GitHubActions,Python,13,open_issue_ratio=low | project_age_days=low | ci_type=GitHubActions | mainLanguage=Python,PGai
kratosmultiphysics/gidinterface,master,10695.0,18.0,5176.0,23.0,34.0,87.0,2017-02-14 10:51:38+00:00,388.0,60.0,Python,2025-02-06T09:46:56,614.0,GitHubActions,2021-06-21 21:19:08+00:00,59.49425287356322,0.1546391752577319,0.1231355125357029,1.6426531259917487,3151,93.62,0.0,low,low,GitHubActions,Python,13,open_issue_ratio=low | project_age_days=low | ci_type=GitHubActions | mainLanguage=Python,PGai
delta-icons/android,master,311747.0,174.0,6418.0,16.0,673.0,138.0,2016-11-23 04:14:17+00:00,56.0,1.0,Java,2025-04-25T03:24:22,1107.0,GitHubActions,2022-05-07 14:14:50+00:00,46.5072463768116,0.0178571428571428,0.0173160173160173,1.984539270253556,3234,29.74,0.0,low,low,GitHubActions,Java,12,open_issue_ratio=low | project_age_days=low | ci_type=GitHubActions | mainLanguage=Java,JGai
dajudge/kindcontainer,master,671.0,24.0,302.0,6.0,112.0,12.0,2020-01-09 08:51:24+00:00,29.0,6.0,Java,2025-02-25T08:37:15,335.0,GitHubActions,2021-07-09 06:39:27+00:00,25.166666666666668,0.2068965517241379,0.0138623326959847,0.144359464627151,2092,76.37,30.908616868726373,low,low,GitHubActions,Java,12,open_issue_ratio=low | project_age_days=low | ci_type=GitHubActions | mainLanguage=Java,JGai
hotswapprojects/hotswapagent,master,5316.0,16.0,1146.0,130.0,2441.0,95.0,2013-11-20 04:15:13+00:00,439.0,139.0,Java,2025-04-24T06:05:21,200.0,TravisCI,2016-04-10 06:11:23+00:00,12.06315789473684,0.316628701594533,0.1013154858066005,0.2644818832217863,4333,136.25,23.68395094203137,low,high,TravisCI,Java,10,open_issue_ratio=low | project_age_days=high | ci_type=TravisCI | mainLanguage=Java,JTAi
michel-kraemer/bson4jackson,master,995.0,18.0,349.0,23.0,295.0,22.0,2010-09-08 05:46:47+00:00,73.0,0.0,Java,2025-04-17T06:14:35,58.0,TravisCI,2012-04-23 11:14:11+00:00,15.863636363636363,0.0,0.0132679025808796,0.0634314794620138,5502,80.07,52.096627164995446,low,high,TravisCI,Java,10,open_issue_ratio=low | project_age_days=high | ci_type=TravisCI | mainLanguage=Java,JTAi
smallrye/smallrye-reactive-messaging,main,62906.0,112.0,4783.0,12.0,248.0,111.0,2018-10-15 05:36:05+00:00,615.0,85.0,Java,2025-04-25T02:55:17,2311.0,GitHubActions,2019-11-13 17:57:36+00:00,43.090090090090094,0.1382113821138211,0.2418403460479748,1.8808493904836807,2543,114.77,78.33192064016549,low,low,GitHubActions,Java,12,open_issue_ratio=low | project_age_days=low | ci_type=GitHubActions | mainLanguage=Java,JGai
itning/yunshu-nas,master,32244.0,27.0,1302.0,7.0,176.0,1.0,2019-07-15 07:34:36+00:00,14.0,1.0,Java,2025-04-18T01:02:15,1624.0,GitHubActions,2021-02-28 08:08:15+00:00,1302.0,0.0714285714285714,0.0061674008810572,0.573568281938326,2270,74.54,0.0756624029237094,low,low,GitHubActions,Java,12,open_issue_ratio=low | project_age_days=low | ci_type=GitHubActions | mainLanguage=Java,JGai
solid-energy-systems/newarenda,master,42944.0,27.0,329.0,4.0,22.0,8.0,2022-05-04 03:27:02+00:00,56.0,5.0,Python,2025-02-13T08:23:18,51.0,GitHubActions,2024-03-06 20:23:57+00:00,41.125,0.0892857142857142,0.0449438202247191,0.2640449438202247,1246,70.92,7.239819004524888,low,low,GitHubActions,Python,13,open_issue_ratio=low | project_age_days=low | ci_type=GitHubActions | mainLanguage=Python,PGai
broadinstitute/strainge,master,1320.0,21.0,856.0,13.0,33.0,12.0,2016-10-19 12:54:00+00:00,34.0,13.0,Python,2024-10-21T09:41:22,4.0,GitHubActions,2021-02-10 22:59:37+00:00,71.33333333333333,0.3823529411764705,0.0104007341694707,0.2618537779137351,3269,67.19,6.755418637913962,high,low,GitHubActions,Python,5,open_issue_ratio=high | project_age_days=low | ci_type=GitHubActions | mainLanguage=Python,PGaI
he0119/coolqbot,main,9192.0,60.0,832.0,1.0,89.0,8.0,2018-08-12 11:09:19+00:00,29.0,1.0,Python,2025-04-27T12:38:28,652.0,GitHubActions,2020-11-22 14:52:07+00:00,104.0,0.0344827586206896,0.0111238971998465,0.3191407748369774,2607,87.24,26.307804345187524,low,low,GitHubActions,Python,13,open_issue_ratio=low | project_age_days=low | ci_type=GitHubActions | mainLanguage=Python,PGai
innovativeonlineindustries/emojiful,1.20,2195.0,17.0,150.0,4.0,29.0,10.0,2020-03-11 10:20:29+00:00,84.0,28.0,Java,2024-06-12T07:12:54,18.0,GitHubActions,2022-06-11 12:22:23+00:00,15.0,0.3333333333333333,0.0413793103448275,0.0738916256157635,2030,174.55,0.0,low,low,GitHubActions,Java,12,open_issue_ratio=low | project_age_days=low | ci_type=GitHubActions | mainLanguage=Java,JGai
merginmaps/python-api-client,master,6438.0,43.0,480.0,11.0,17.0,28.0,2019-04-18 02:06:57+00:00,97.0,24.0,Python,2025-04-08T06:16:07,137.0,GitHubActions,2020-08-11 14:03:05+00:00,17.142857142857142,0.2474226804123711,0.0411365564037319,0.2035623409669211,2358,173.63,52.96523517382413,low,low,GitHubActions,Python,13,open_issue_ratio=low | project_age_days=low | ci_type=GitHubActions | mainLanguage=Python,PGai
googleapis/python-pubsub,main,6140.0,129.0,1193.0,52.0,401.0,82.0,2019-12-10 12:09:52+00:00,509.0,34.0,Python,2025-04-14T03:29:17,863.0,GitHubActions,2022-01-20 18:14:19+00:00,14.548780487804878,0.0667976424361493,0.2398680490103675,0.562205466540999,2122,68.38,110.28730573312744,low,low,GitHubActions,Python,13,open_issue_ratio=low | project_age_days=low | ci_type=GitHubActions | mainLanguage=Python,PGai
diadoc/diadocsdk-java,master,108236.0,175.0,404.0,13.0,19.0,72.0,2016-05-31 11:17:06+00:00,139.0,36.0,Java,2025-04-02T10:33:26,249.0,GitHubActions,2024-08-14 13:58:16+00:00,5.611111111111111,0.2589928057553957,0.0407624633431085,0.1184750733137829,3410,56.74,0.0,low,low,GitHubActions,Java,12,open_issue_ratio=low | project_age_days=low | ci_type=GitHubActions | mainLanguage=Java,JGai
konsoletyper/teavm,master,128101.0,15.0,3431.0,98.0,2800.0,81.0,2013-09-23 08:04:15+00:00,622.0,164.0,Java,2025-04-26T06:40:40,347.0,TravisCI,2015-10-10 05:21:08+00:00,42.358024691358025,0.2636655948553054,0.1416533819175586,0.7813709861079481,4391,165.59,26.531789453707333,low,high,TravisCI,Java,10,open_issue_ratio=low | project_age_days=high | ci_type=TravisCI | mainLanguage=Java,JTAi
finos/symphony-bdk-python,main,41922.0,33.0,518.0,13.0,32.0,29.0,2018-07-24 06:41:20+00:00,36.0,3.0,Python,2025-02-28T04:13:29,317.0,GitHubActions,2021-02-17 10:46:47+00:00,17.862068965517242,0.0833333333333333,0.0137090632140137,0.1972581873571972,2626,49.81,9.850274026781172,low,low,GitHubActions,Python,13,open_issue_ratio=low | project_age_days=low | ci_type=GitHubActions | mainLanguage=Python,PGai
quasars/orange-spectroscopy,master,8887.0,35.0,2442.0,16.0,57.0,34.0,2016-03-07 03:19:39+00:00,289.0,135.0,Python,2025-04-18T07:22:23,503.0,TravisCI,2017-10-05 11:14:06+00:00,71.82352941176471,0.4671280276816609,0.082689556509299,0.6987124463519313,3495,186.72,28.98457365655196,high,low,TravisCI,Python,7,open_issue_ratio=high | project_age_days=low | ci_type=TravisCI | mainLanguage=Python,PTaI
target/strelka,master,30529.0,30.0,1559.0,40.0,920.0,45.0,2018-09-20 06:38:12+00:00,97.0,10.0,Python,2025-04-08T02:27:02,388.0,GitHubActions,2021-02-23 01:07:27+00:00,34.644444444444446,0.1030927835051546,0.0377725856697819,0.6070872274143302,2568,55.9,36.90207581227437,low,low,GitHubActions,Python,13,open_issue_ratio=low | project_age_days=low | ci_type=GitHubActions | mainLanguage=Python,PGai
containerbuildsystem/koji-containerbuild,master,712.0,51.0,510.0,7.0,30.0,35.0,2015-05-18 08:06:46+00:00,46.0,3.0,Python,2025-03-26T01:54:46,223.0,TravisCI,2017-09-25 17:00:47+00:00,14.571428571428571,0.0652173913043478,0.0121404064396938,0.1346001583531274,3789,428.13,71.3998996487707,low,high,TravisCI,Python,11,open_issue_ratio=low | project_age_days=high | ci_type=TravisCI | mainLanguage=Python,PTAi
devnatan/inventory-framework,main,3996.0,45.0,879.0,6.0,145.0,20.0,2020-03-22 05:19:08+00:00,307.0,32.0,Java,2025-04-25T06:54:35,426.0,GitHubActions,2021-09-02 00:49:43+00:00,43.95,0.1042345276872964,0.1520554730064388,0.4353640416047548,2019,110.59,13.8860906625339,low,low,GitHubActions,Java,12,open_issue_ratio=low | project_age_days=low | ci_type=GitHubActions | mainLanguage=Java,JGai
tinkermill/tinkeraccess,master,19022.0,14.0,314.0,17.0,24.0,,2015-07-12 06:56:09+00:00,22.0,3.0,Python,2024-12-23T06:48:56,35.0,TravisCI,2016-12-01 05:08:09+00:00,,0.1363636363636363,0.0058918050348152,0.0840921264059989,3734,0.0,0.826607599018934,low,high,TravisCI,Python,11,open_issue_ratio=low | project_age_days=high | ci_type=TravisCI | mainLanguage=Python,PTAi
palantir/conjure-python,develop,1954.0,56.0,861.0,269.0,21.0,28.0,2018-06-21 03:51:20+00:00,28.0,9.0,Java,2025-04-25T05:54:50,998.0,GitHubActions,2020-02-13 14:03:31+00:00,30.75,0.3214285714285714,0.0105302745393004,0.32380594208349,2659,232.56,41.92731277533039,low,low,GitHubActions,Java,12,open_issue_ratio=low | project_age_days=low | ci_type=GitHubActions | mainLanguage=Java,JGai
mapillary/mapillary_tools,main,34698.0,63.0,1727.0,49.0,282.0,77.0,2014-04-16 09:05:12+00:00,314.0,20.0,Python,2025-04-11T08:26:55,425.0,TravisCI,2017-11-01 13:40:50+00:00,22.428571428571427,0.0636942675159235,0.0750119445771619,0.4125656951743908,4186,302.21,38.469815990530506,low,high,TravisCI,Python,11,open_issue_ratio=low | project_age_days=high | ci_type=TravisCI | mainLanguage=Python,PTAi
klauer/blark,master,6884.0,13.0,457.0,6.0,48.0,3.0,2020-02-09 12:35:54+00:00,47.0,6.0,Python,2025-01-31T04:43:33,56.0,GitHubActions,2022-04-18 23:50:49+00:00,152.33333333333334,0.1276595744680851,0.0228044638524987,0.2217370208636584,2061,132.99,25.413459963975765,low,low,GitHubActions,Python,13,open_issue_ratio=low | project_age_days=low | ci_type=GitHubActions | mainLanguage=Python,PGai
anysoftkeyboard/anysoftkeyboard,main,284807.0,44.0,8094.0,101.0,2970.0,171.0,2012-04-18 12:38:01+00:00,2327.0,890.0,Java,2025-04-26T04:48:38,1659.0,TravisCI,2014-02-06 17:27:24+00:00,47.333333333333336,0.3824666953158573,0.4735449735449735,1.647130647130647,4914,262.02,2.091443613229899,high,high,TravisCI,Java,2,open_issue_ratio=high | project_age_days=high | ci_type=TravisCI | mainLanguage=Java,JTAI
desht/modularrouters,MC1.21-master,5998.0,22.0,832.0,3.0,24.0,11.0,2016-07-28 04:46:53+00:00,243.0,55.0,Java,2025-03-14T01:48:27,29.0,GitHubActions,2022-03-04 16:46:26+00:00,75.63636363636364,0.2263374485596707,0.0724940334128878,0.2482100238663484,3352,41.7,2.774371551195585,low,low,GitHubActions,Java,12,open_issue_ratio=low | project_age_days=low | ci_type=GitHubActions | mainLanguage=Java,JGai
clowder-framework/pyclowder,master,864.0,22.0,589.0,9.0,10.0,26.0,2019-07-12 07:36:47+00:00,45.0,18.0,Python,2024-11-15T05:56:24,69.0,GitHubActions,2020-09-15 20:00:48+00:00,22.65384615384616,0.4,0.0197976242850857,0.2591289045314562,2273,70.65,4.024363715466609,high,low,GitHubActions,Python,5,open_issue_ratio=high | project_age_days=low | ci_type=GitHubActions | mainLanguage=Python,PGaI
red5/red5-server,master,119986.0,104.0,650.0,284.0,3392.0,,2013-11-19 05:04:10+00:00,262.0,42.0,Java,2024-10-23T03:19:45,106.0,TravisCI,2016-02-12 17:47:48+00:00,,0.1603053435114503,0.0604522381172127,0.1499769266266728,4334,0.0,14.183679054238956,low,high,TravisCI,Java,10,open_issue_ratio=low | project_age_days=high | ci_type=TravisCI | mainLanguage=Java,JTAi
ansible-community/ansible-test-gh-action,main,265.0,22.0,223.0,6.0,27.0,5.0,2020-11-17 07:06:36+00:00,18.0,7.0,Python,2024-09-20T06:12:10,55.0,GitHubActions,2022-07-30 15:40:54+00:00,44.6,0.3888888888888889,0.0101180438448566,0.1253513209668353,1779,56.0,7.507288629737609,high,low,GitHubActions,Python,5,open_issue_ratio=high | project_age_days=low | ci_type=GitHubActions | mainLanguage=Python,PGaI
tidev/ti.map,master,78077.0,94.0,1037.0,23.0,49.0,71.0,2013-07-26 03:15:01+00:00,92.0,16.0,Java,2024-03-06T05:17:14,589.0,TravisCI,2014-09-23 16:37:24+00:00,14.605633802816902,0.1739130434782608,0.0206741573033707,0.2330337078651685,4450,236.44,0.0,low,high,TravisCI,Java,10,open_issue_ratio=low | project_age_days=high | ci_type=TravisCI | mainLanguage=Java,JTAi
shayaantx/botdarr,development,2823.0,80.0,255.0,8.0,162.0,5.0,2019-09-08 02:57:20+00:00,55.0,11.0,Java,2025-01-11T01:08:25,70.0,GitHubActions,2021-01-26 02:55:17+00:00,51.0,0.2,0.0248306997742663,0.1151241534988713,2215,62.52,22.78013660697804,low,low,GitHubActions,Java,12,open_issue_ratio=low | project_age_days=low | ci_type=GitHubActions | mainLanguage=Java,JGai
uhafner/codingstyle,main,5364.0,96.0,3413.0,5.0,25.0,10.0,2014-10-16 09:56:27+00:00,14.0,8.0,Java,2025-04-11T03:18:30,1389.0,TravisCI,2017-10-20 21:44:32+00:00,341.3,0.5714285714285714,0.0034973769672745,0.8526105420934299,4003,145.85,25.56020156534792,high,high,TravisCI,Java,2,open_issue_ratio=high | project_age_days=high | ci_type=TravisCI | mainLanguage=Java,JTAI
huaweicloud/huaweicloud-sdk-java-v3,master,115069.0,251.0,308.0,15.0,112.0,6.0,2020-05-08 02:27:00+00:00,62.0,4.0,Java,2025-04-24T08:40:49,16.0,GitHubActions,2023-06-15 03:19:47+00:00,51.333333333333336,0.064516129032258,0.0314401622718052,0.1561866125760649,1972,92.96,3.9748479038066753,low,low,GitHubActions,Java,12,open_issue_ratio=low | project_age_days=low | ci_type=GitHubActions | mainLanguage=Java,JGai
vivo-project/vivo,main,122922.0,17.0,5357.0,42.0,215.0,87.0,2012-10-29 10:39:41+00:00,2230.0,403.0,Java,2025-04-01T01:28:16,387.0,TravisCI,2016-05-27 11:02:20+00:00,61.57471264367816,0.1807174887892376,0.4724576271186441,1.134957627118644,4720,1186.5,3.419091429153573,low,high,TravisCI,Java,10,open_issue_ratio=low | project_age_days=high | ci_type=TravisCI | mainLanguage=Java,JTAi
jenkinsci/azure-storage-plugin,master,807.0,25.0,481.0,102.0,22.0,41.0,2013-04-03 05:35:44+00:00,93.0,5.0,Java,2025-04-21T01:35:16,262.0,GitHubActions,2021-04-13 07:38:55+00:00,11.731707317073171,0.053763440860215,0.0203768624014022,0.1053900087642419,4564,198.03,29.929735386455373,low,high,GitHubActions,Java,8,open_issue_ratio=low | project_age_days=high | ci_type=GitHubActions | mainLanguage=Java,JGAi
siku2/hass-dingz,main,133.0,16.0,81.0,10.0,13.0,4.0,2020-11-15 07:57:10+00:00,22.0,1.0,Python,2024-07-20T10:48:20,46.0,GitHubActions,2023-08-14 21:07:27+00:00,20.25,0.0454545454545454,0.0123526108927568,0.0454800673778775,1781,184.49,0.0,low,low,GitHubActions,Python,13,open_issue_ratio=low | project_age_days=low | ci_type=GitHubActions | mainLanguage=Python,PGai
dentsusoken/iplass,master,18802.0,131.0,1404.0,12.0,71.0,29.0,2018-08-22 08:19:16+00:00,1163.0,68.0,Java,2025-04-25T05:12:33,579.0,GitHubActions,2021-10-08 03:34:43+00:00,48.41379310344828,0.058469475494411,0.4478244127839815,0.5406237966884867,2597,26.91,0.4400559927165879,low,low,GitHubActions,Java,12,open_issue_ratio=low | project_age_days=low | ci_type=GitHubActions | mainLanguage=Java,JGai
llnl/pydv,master,16820.0,15.0,630.0,6.0,13.0,12.0,2019-04-03 09:29:48+00:00,122.0,28.0,Python,2025-04-14T05:44:37,159.0,GitHubActions,2021-05-07 01:46:24+00:00,52.5,0.2295081967213114,0.0514117151285292,0.2654867256637168,2373,492.12,9.0125510358385,low,low,GitHubActions,Python,13,open_issue_ratio=low | project_age_days=low | ci_type=GitHubActions | mainLanguage=Python,PGai
vlsida/openram,stable,75543.0,47.0,4867.0,55.0,729.0,47.0,2016-11-02 05:07:54+00:00,162.0,28.0,Python,2024-01-21T05:32:32,69.0,GitHubActions,2021-02-06 01:20:08+00:00,103.55319148936172,0.1728395061728395,0.0497695852534562,1.4952380952380953,3255,86.65,4.112868317904297,low,low,GitHubActions,Python,13,open_issue_ratio=low | project_age_days=low | ci_type=GitHubActions | mainLanguage=Python,PGai
arcticons-team/arcticons,main,3400833.0,98.0,10956.0,11.0,1123.0,312.0,2020-10-23 11:38:17+00:00,1019.0,10.0,Java,2025-04-19T03:03:01,1642.0,GitHubActions,2024-02-13 16:09:36+00:00,35.11538461538461,0.0098135426889106,0.5648558758314856,6.073170731707317,1804,40.26,0.0,low,low,GitHubActions,Java,12,open_issue_ratio=low | project_age_days=low | ci_type=GitHubActions | mainLanguage=Java,JGai
modmail-dev/modmail,master,7284.0,147.0,2368.0,56.0,1598.0,80.0,2017-10-08 06:24:54+00:00,765.0,30.0,Python,2025-03-14T11:20:24,501.0,TravisCI,2019-01-26 07:31:09+00:00,29.6,0.0392156862745098,0.2624356775300172,0.8123499142367067,2915,65.06,0.0,low,low,TravisCI,Python,15,open_issue_ratio=low | project_age_days=low | ci_type=TravisCI | mainLanguage=Python,PTai
universite-gustave-eiffel/noisemodelling,main,93941.0,31.0,2957.0,43.0,169.0,34.0,2012-07-12 11:21:06+00:00,293.0,81.0,Java,2025-04-15T08:47:29,377.0,TravisCI,2016-01-21 09:34:54+00:00,86.97058823529412,0.2764505119453925,0.0606750880099399,0.612342099813626,4829,198.5,4.28689380131171,low,high,TravisCI,Java,10,open_issue_ratio=low | project_age_days=high | ci_type=TravisCI | mainLanguage=Java,JTAi
minicraftplus/minicraft-plus-revived,main,11809.0,81.0,3317.0,28.0,511.0,39.0,2017-02-25 11:03:33+00:00,278.0,75.0,Java,2025-04-06T08:23:09,435.0,GitHubActions,2022-02-04 16:21:43+00:00,85.05128205128206,0.2697841726618705,0.0885350318471337,1.0563694267515924,3140,157.36,0.0,low,low,GitHubActions,Java,12,open_issue_ratio=low | project_age_days=low | ci_type=GitHubActions | mainLanguage=Java,JGai
grycap/im,master,29893.0,73.0,9484.0,13.0,65.0,19.0,2014-09-05 07:33:47+00:00,495.0,29.0,Python,2025-04-02T02:49:13,1183.0,GitHubActions,2024-02-14 12:24:58+00:00,499.1578947368421,0.0585858585858585,0.1224035608308605,2.345202769535114,4044,25.34,30.559705208644555,low,high,GitHubActions,Python,9,open_issue_ratio=low | project_age_days=high | ci_type=GitHubActions | mainLanguage=Python,PGAi
pykickstart/pykickstart,master,4661.0,25.0,2381.0,17.0,239.0,220.0,2014-10-13 06:09:33+00:00,97.0,4.0,Python,2025-04-25T05:45:20,444.0,TravisCI,2016-07-05 14:24:06+00:00,10.822727272727272,0.0412371134020618,0.0242136794807788,0.5943584623065402,4006,167.93,57.89364353967594,low,high,TravisCI,Python,11,open_issue_ratio=low | project_age_days=high | ci_type=TravisCI | mainLanguage=Python,PTAi
familysearch/gedcom,main,3644.0,17.0,576.0,26.0,190.0,11.0,2021-04-27 10:58:49+00:00,248.0,89.0,Python,2025-04-22T04:28:00,284.0,GitHubActions,2023-11-21 00:51:17+00:00,52.36363636363637,0.3588709677419355,0.1532756489493201,0.3559950556242274,1618,47.46,0.0,high,low,GitHubActions,Python,5,open_issue_ratio=high | project_age_days=low | ci_type=GitHubActions | mainLanguage=Python,PGaI
wisdem/landbosse,master,19740.0,13.0,658.0,18.0,16.0,16.0,2014-10-06 08:54:57+00:00,98.0,21.0,Python,2025-02-20T06:39:25,101.0,TravisCI,2020-04-23 03:45:46+00:00,41.125,0.2142857142857142,0.0244206329429354,0.1639671069025666,4013,65.76,17.99163179916318,low,high,TravisCI,Python,11,open_issue_ratio=low | project_age_days=high | ci_type=TravisCI | mainLanguage=Python,PTAi
cmd-ntrf/jupyter-lmod,main,1291.0,19.0,282.0,3.0,28.0,7.0,2017-01-26 06:41:03+00:00,41.0,6.0,Python,2024-11-07T03:25:13,37.0,GitHubActions,2020-07-13 17:56:54+00:00,40.285714285714285,0.1463414634146341,0.0129337539432176,0.0889589905362776,3170,252.1,0.0,low,low,GitHubActions,Python,13,open_issue_ratio=low | project_age_days=low | ci_type=GitHubActions | mainLanguage=Python,PGai
augerai/a2ml,master,20005.0,118.0,1825.0,7.0,41.0,18.0,2019-04-16 11:23:19+00:00,216.0,38.0,Python,2024-12-21T03:13:13,409.0,GitHubActions,2022-05-09 20:41:48+00:00,101.38888888888889,0.1759259259259259,0.0915254237288135,0.7733050847457628,2360,39.76,19.16143406927284,low,low,GitHubActions,Python,13,open_issue_ratio=low | project_age_days=low | ci_type=GitHubActions | mainLanguage=Python,PGai
cmkobel/assemblycomparator2,master,88239.0,18.0,1625.0,2.0,27.0,9.0,2019-12-10 07:46:41+00:00,91.0,12.0,Python,2024-06-12T01:52:44,4.0,GitHubActions,2024-05-03 13:14:05+00:00,180.5555555555556,0.1318681318681318,0.0428840716305372,0.7657869934024505,2122,211.84,0.0,low,low,GitHubActions,Python,13,open_issue_ratio=low | project_age_days=low | ci_type=GitHubActions | mainLanguage=Python,PGai
smallrye/smallrye-config,main,9746.0,110.0,1563.0,9.0,170.0,68.0,2018-05-20 03:07:04+00:00,282.0,35.0,Java,2025-04-17T10:55:47,1062.0,GitHubActions,2020-02-10 16:14:57+00:00,22.98529411764705,0.1241134751773049,0.10479375696767,0.5808249721293199,2691,84.35,65.0333069888224,low,low,GitHubActions,Java,12,open_issue_ratio=low | project_age_days=low | ci_type=GitHubActions | mainLanguage=Java,JGai
liquibase/liquibase-redshift,main,561.0,66.0,577.0,21.0,17.0,31.0,2013-11-14 04:27:54+00:00,17.0,7.0,Java,2025-04-16T03:14:19,281.0,TravisCI,2020-04-21 16:36:54+00:00,18.61290322580645,0.4117647058823529,0.0039179534454943,0.132979949297073,4339,291.16,1.1368605159597729,high,high,TravisCI,Java,2,open_issue_ratio=high | project_age_days=high | ci_type=TravisCI | mainLanguage=Java,JTAI
azavea/raster-vision,master,94752.0,23.0,3637.0,70.0,2126.0,42.0,2017-02-02 02:31:54+00:00,703.0,17.0,Python,2025-04-04T04:56:35,1462.0,TravisCI,2018-04-03 17:50:24+00:00,86.5952380952381,0.0241820768136557,0.2222573506165033,1.1498577300031616,3163,171.71,23.21326164874552,low,low,TravisCI,Python,15,open_issue_ratio=low | project_age_days=low | ci_type=TravisCI | mainLanguage=Python,PTai
optyfr/jrommanager,master,6980.0,64.0,1402.0,5.0,204.0,9.0,2018-03-23 08:03:00+00:00,109.0,14.0,Java,2024-08-15T01:16:58,169.0,GitHubActions,2021-03-27 15:49:02+00:00,155.77777777777777,0.128440366972477,0.0396507821025827,0.5100036376864314,2749,69.86,0.3601816568356214,low,low,GitHubActions,Java,12,open_issue_ratio=low | project_age_days=low | ci_type=GitHubActions | mainLanguage=Java,JGai
awslabs/aws-java-nio-spi-for-s3,main,17063.0,15.0,477.0,6.0,76.0,15.0,2022-04-01 05:13:50+00:00,88.0,3.0,Java,2025-04-16T03:51:24,553.0,GitHubActions,2023-05-10 14:22:40+00:00,31.8,0.034090909090909,0.0688037529319781,0.3729476153244722,1279,36.69,64.87625634929212,low,low,GitHubActions,Java,12,open_issue_ratio=low | project_age_days=low | ci_type=GitHubActions | mainLanguage=Java,JGai
obiba/mica2,master,62017.0,162.0,5726.0,8.0,11.0,,2014-03-27 02:29:14+00:00,2136.0,80.0,Java,2025-04-18T11:41:17,2359.0,TravisCI,2015-10-05 16:15:34+00:00,,0.0374531835205992,0.5078459343794579,1.3613884926295767,4206,0.0,2.788728281500949,low,high,TravisCI,Java,10,open_issue_ratio=low | project_age_days=high | ci_type=TravisCI | mainLanguage=Java,JTAi
waffle/waffle,master,190608.0,23.0,6705.0,24.0,481.0,69.0,2012-04-05 11:18:03+00:00,245.0,58.0,Java,2025-04-24T05:35:10,2580.0,TravisCI,2014-08-10 19:46:32+00:00,97.17391304347828,0.236734693877551,0.0497259995940734,1.3608686827684189,4927,198.18,66.88087544065804,low,high,TravisCI,Java,10,open_issue_ratio=low | project_age_days=high | ci_type=TravisCI | mainLanguage=Java,JTAi
unidata/metpy,main,1031377.0,41.0,6756.0,57.0,1308.0,106.0,2011-02-25 04:20:25+00:00,1196.0,313.0,Python,2025-04-21T08:30:16,2345.0,TravisCI,2014-03-31 15:04:47+00:00,63.735849056603776,0.2617056856187291,0.2243060765191298,1.2670667666916728,5332,153.2,11.04506472347054,low,high,TravisCI,Python,11,open_issue_ratio=low | project_age_days=high | ci_type=TravisCI | mainLanguage=Python,PTAi
jenkinsci/stapler,master,46560.0,73.0,1971.0,18.0,166.0,67.0,2011-03-30 10:39:45+00:00,69.0,32.0,Java,2025-04-23T10:39:45,591.0,GitHubActions,2021-05-04 21:21:01+00:00,29.417910447761194,0.463768115942029,0.01302132477826,0.3719569730137761,5299,468.8,18.6923027949322,high,high,GitHubActions,Java,0,open_issue_ratio=high | project_age_days=high | ci_type=GitHubActions | mainLanguage=Java,JGAI
lebigot/uncertainties,master,3115.0,16.0,2609.0,12.0,513.0,27.0,2010-06-11 07:50:15+00:00,135.0,50.0,Python,2024-02-06T06:54:04,49.0,TravisCI,2012-11-15 21:01:52+00:00,96.62962962962963,0.3703703703703703,0.0241459488463602,0.4666428188159542,5591,106.54,36.39312747807281,high,high,TravisCI,Python,3,open_issue_ratio=high | project_age_days=high | ci_type=TravisCI | mainLanguage=Python,PTAI
oracle/opengrok,master,493874.0,288.0,7618.0,166.0,4496.0,152.0,2013-01-07 11:49:18+00:00,2538.0,517.0,Java,2025-04-24T07:03:56,1998.0,TravisCI,2014-03-05 10:26:48+00:00,50.11842105263158,0.2037037037037037,0.5458064516129032,1.638279569892473,4650,233.25,36.76508649333026,low,high,TravisCI,Java,10,open_issue_ratio=low | project_age_days=high | ci_type=TravisCI | mainLanguage=Java,JTAi
gluufederation/oxtrust,master,45991.0,20.0,4674.0,29.0,134.0,64.0,2014-03-28 06:53:26+00:00,1574.0,38.0,Java,2024-10-14T10:15:11,848.0,GitHubActions,2021-03-26 15:56:04+00:00,73.03125,0.0241423125794155,0.3743162901307966,1.1115338882282997,4205,0.0,2.3081233168051383,low,high,GitHubActions,Java,8,open_issue_ratio=low | project_age_days=high | ci_type=GitHubActions | mainLanguage=Java,JGAi
dingo-gw/dingo,main,5075.0,27.0,1087.0,6.0,82.0,18.0,2021-06-16 04:43:45+00:00,109.0,43.0,Python,2025-04-14T10:32:23,197.0,GitHubActions,2023-03-22 22:43:15+00:00,60.388888888888886,0.3944954128440367,0.0695153061224489,0.6932397959183674,1568,136.86,19.65697853548321,high,low,GitHubActions,Python,5,open_issue_ratio=high | project_age_days=low | ci_type=GitHubActions | mainLanguage=Python,PGaI
buildcraft/buildcraft,8.0.x-1.12.2,75774.0,63.0,7374.0,191.0,1337.0,,2012-04-16 10:57:39+00:00,3677.0,374.0,Java,2025-04-01T10:32:23,1043.0,TravisCI,2014-05-04 04:20:44+00:00,,0.101713353277128,0.7479658258746948,1.5,4916,0.0,1.9980858011485192,low,high,TravisCI,Java,10,open_issue_ratio=low | project_age_days=high | ci_type=TravisCI | mainLanguage=Java,JTAi
axonframework/axonframework,master,55473.0,130.0,11442.0,188.0,3422.0,237.0,2011-12-02 04:04:42+00:00,1321.0,162.0,Java,2025-04-24T03:16:29,2085.0,TravisCI,2016-07-06 08:55:17+00:00,48.27848101265823,0.1226343679031037,0.2614806017418844,2.2648456057007125,5052,109.67,76.326152792492,low,high,TravisCI,Java,10,open_issue_ratio=low | project_age_days=high | ci_type=TravisCI | mainLanguage=Java,JTAi
pallets-eco/flask-sqlalchemy,main,1617.0,22.0,1140.0,112.0,4227.0,120.0,2010-06-01 03:01:50+00:00,666.0,15.0,Python,2024-10-24T09:36:01,629.0,TravisCI,2013-06-13 21:49:15+00:00,9.5,0.0225225225225225,0.1189073379753615,0.2035350830208891,5601,236.53,40.94950213371266,low,high,TravisCI,Python,11,open_issue_ratio=low | project_age_days=high | ci_type=TravisCI | mainLanguage=Python,PTAi
freedomofpress/securedrop,develop,109570.0,56.0,13643.0,141.0,3677.0,249.0,2012-01-11 07:57:55+00:00,3258.0,455.0,Python,2025-04-25T07:53:39,4174.0,TravisCI,2014-01-12 08:10:33+00:00,54.791164658634536,0.1396562308164518,0.6500399042298484,2.722067039106145,5012,192.02,18.322185141154733,low,high,TravisCI,Python,11,open_issue_ratio=low | project_age_days=high | ci_type=TravisCI | mainLanguage=Python,PTAi
desy-ml/cheetah,master,63896.0,14.0,1845.0,6.0,44.0,17.0,2021-11-05 10:40:17+00:00,212.0,65.0,Python,2025-04-25T04:59:08,207.0,GitHubActions,2023-03-15 12:26:49+00:00,108.52941176470588,0.3066037735849056,0.1486676016830294,1.29382889200561,1426,63.51,48.763044588776175,low,low,GitHubActions,Python,13,open_issue_ratio=low | project_age_days=low | ci_type=GitHubActions | mainLanguage=Python,PGai
xx-net/xx-net,master,60574.0,388.0,2587.0,1633.0,33208.0,97.0,2015-01-15 09:35:51+00:00,13323.0,7907.0,Python,2025-04-08T10:17:05,486.0,GitHubActions,2020-05-25 08:30:09+00:00,26.670103092783503,0.5934849508368986,3.4056748466257667,0.6612985685071575,3912,106.01,8.269129577708142,high,high,GitHubActions,Python,1,open_issue_ratio=high | project_age_days=high | ci_type=GitHubActions | mainLanguage=Python,PGAI
chstaiger/ibridges-gui,develop,10783.0,13.0,1030.0,6.0,15.0,20.0,2021-11-17 09:54:10+00:00,98.0,6.0,Python,2024-09-30T05:55:03,173.0,GitHubActions,2023-01-24 15:10:13+00:00,51.5,0.0612244897959183,0.0693069306930693,0.7284299858557284,1414,106.81,0.0,low,low,GitHubActions,Python,13,open_issue_ratio=low | project_age_days=low | ci_type=GitHubActions | mainLanguage=Python,PGai
betacraftuk/betacraft-launcher,v1,15879.0,46.0,99.0,12.0,348.0,7.0,2018-11-11 10:28:26+00:00,325.0,60.0,Java,2025-02-19T03:05:14,46.0,GitHubActions,2022-03-12 17:40:22+00:00,14.142857142857142,0.1846153846153846,0.1291732909379968,0.0393481717011128,2516,263.08,0.0,low,low,GitHubActions,Java,12,open_issue_ratio=low | project_age_days=low | ci_type=GitHubActions | mainLanguage=Java,JGai
glotaran/pyglotaran,main,31511.0,16.0,1651.0,6.0,54.0,13.0,2016-05-09 07:16:34+00:00,380.0,5.0,Python,2024-12-29T10:26:09,1176.0,TravisCI,2018-07-20 17:44:30+00:00,127.0,0.0131578947368421,0.1107226107226107,0.4810606060606061,3432,273.05,53.78101254234184,low,low,TravisCI,Python,15,open_issue_ratio=low | project_age_days=low | ci_type=TravisCI | mainLanguage=Python,PTai
mewx/light-novel-library_wenku8_android,master,60311.0,27.0,326.0,49.0,1956.0,5.0,2014-10-10 05:07:14+00:00,114.0,45.0,Java,2024-12-16T07:52:40,16.0,TravisCI,2018-07-11 06:44:27+00:00,65.2,0.3947368421052631,0.0284360189573459,0.0813170366674981,4009,169.8,7.300684843002972,high,high,TravisCI,Java,2,open_issue_ratio=high | project_age_days=high | ci_type=TravisCI | mainLanguage=Java,JTAI
descartesresearch/teastore,master,107367.0,19.0,1766.0,10.0,125.0,31.0,2017-08-18 06:22:29+00:00,150.0,18.0,Java,2025-01-08T04:29:45,128.0,GitHubActions,2020-03-03 10:08:33+00:00,56.96774193548387,0.12,0.0505731625084288,0.5954146999325691,2966,50.79,12.491187592129718,low,low,GitHubActions,Java,12,open_issue_ratio=low | project_age_days=low | ci_type=GitHubActions | mainLanguage=Java,JGai
woodser/monero-java,master,173359.0,71.0,2879.0,9.0,106.0,10.0,2017-04-11 04:55:17+00:00,40.0,5.0,Java,2025-04-24T02:12:35,81.0,GitHubActions,2024-02-24 16:43:14+00:00,287.9,0.125,0.0129240710823909,0.9302100161550888,3095,243.83,15.214908523862864,low,low,GitHubActions,Java,12,open_issue_ratio=low | project_age_days=low | ci_type=GitHubActions | mainLanguage=Java,JGai
frefrik/ark-invest-api,main,2259.0,18.0,240.0,4.0,59.0,2.0,2021-01-16 12:53:47+00:00,23.0,6.0,Python,2025-03-28T03:25:12,282.0,GitHubActions,2024-09-12 09:26:38+00:00,120.0,0.2608695652173913,0.0133798720186154,0.1396160558464223,1719,31.63,8.488805970149253,low,low,GitHubActions,Python,13,open_issue_ratio=low | project_age_days=low | ci_type=GitHubActions | mainLanguage=Python,PGai
iver56/audiomentations,main,11111.0,42.0,1347.0,19.0,2019.0,32.0,2019-02-12 04:36:24+00:00,197.0,50.0,Python,2025-04-25T01:02:36,194.0,GitHubActions,2022-08-26 08:35:45+00:00,42.09375,0.2538071065989847,0.0813041683862979,0.5559224102352456,2423,151.84,46.30808950086058,low,low,GitHubActions,Python,13,open_issue_ratio=low | project_age_days=low | ci_type=GitHubActions | mainLanguage=Python,PGai
cometd/cometd,8.0.x,27770.0,15.0,5546.0,51.0,571.0,31.0,2011-05-18 11:55:11+00:00,1014.0,57.0,Java,2025-04-02T09:14:02,1045.0,TravisCI,2013-04-11 13:34:18+00:00,178.90322580645162,0.0562130177514792,0.1931428571428571,1.0563809523809524,5250,758.0,57.42172922752249,low,high,TravisCI,Java,10,open_issue_ratio=low | project_age_days=high | ci_type=TravisCI | mainLanguage=Java,JTAi
tl-its-umich-edu/my-learning-analytics,master,3159.0,29.0,812.0,9.0,36.0,30.0,2018-07-11 11:55:57+00:00,813.0,91.0,Python,2025-03-17T01:57:19,817.0,GitHubActions,2023-08-25 14:32:05+00:00,27.066666666666663,0.1119311193111931,0.3080712391057219,0.3076923076923077,2639,136.85,0.0,low,low,GitHubActions,Python,13,open_issue_ratio=low | project_age_days=low | ci_type=GitHubActions | mainLanguage=Python,PGai
pytorch/xla,master,80149.0,19.0,5564.0,55.0,2592.0,243.0,2018-11-05 10:42:04+00:00,2568.0,619.0,Python,2025-04-26T01:49:24,6454.0,GitHubActions,2023-05-19 22:59:16+00:00,22.897119341563787,0.2410436137071651,1.0182394924662963,2.206185567010309,2522,68.88,33.56318482581947,low,low,GitHubActions,Python,13,open_issue_ratio=low | project_age_days=low | ci_type=GitHubActions | mainLanguage=Python,PGai
uploadcare/pyuploadcare,main,3397.0,41.0,1134.0,14.0,129.0,36.0,2011-08-13 09:16:31+00:00,59.0,4.0,Python,2025-03-26T07:38:20,248.0,TravisCI,2013-02-12 09:17:42+00:00,31.5,0.0677966101694915,0.0114274646523339,0.2196397443346891,5163,234.93,19.08656399362719,low,high,TravisCI,Python,11,open_issue_ratio=low | project_age_days=high | ci_type=TravisCI | mainLanguage=Python,PTAi
archivebox/archivebox,dev,11466.0,31.0,4643.0,176.0,23463.0,141.0,2017-05-05 08:50:14+00:00,997.0,213.0,Python,2025-03-20T11:09:40,432.0,GitHubActions,2020-07-03 20:52:28+00:00,32.9290780141844,0.2136409227683049,0.3246499511559752,1.511885379355259,3071,116.49,7.772833498735474,low,low,GitHubActions,Python,13,open_issue_ratio=low | project_age_days=low | ci_type=GitHubActions | mainLanguage=Python,PGai
geospatialpython/pyshp,master,3285.0,16.0,564.0,65.0,1102.0,49.0,2014-03-04 05:31:17+00:00,175.0,24.0,Python,2024-10-18T09:47:01,132.0,TravisCI,2016-08-19 02:56:25+00:00,11.510204081632653,0.1371428571428571,0.0413809411208323,0.1333648616694254,4229,268.63,99.9572192513369,low,high,TravisCI,Python,11,open_issue_ratio=low | project_age_days=high | ci_type=TravisCI | mainLanguage=Python,PTAi
onecodex/onecodex,master,5375.0,72.0,571.0,15.0,24.0,25.0,2014-10-16 10:04:56+00:00,224.0,28.0,Python,2025-04-18T10:03:03,294.0,GitHubActions,2020-03-26 04:42:28+00:00,22.84,0.125,0.0559580314763927,0.1426430177366974,4003,68.48,13.389826594934078,low,high,GitHubActions,Python,9,open_issue_ratio=low | project_age_days=high | ci_type=GitHubActions | mainLanguage=Python,PGAi
openergy/opyplus,master,11180.0,15.0,766.0,11.0,38.0,21.0,2015-01-23 06:38:28+00:00,40.0,12.0,Python,2024-08-09T12:10:12,43.0,GitHubActions,2024-01-29 09:02:42+00:00,36.47619047619048,0.3,0.0102459016393442,0.1962090163934426,3904,614.34,14.846005774783446,low,high,GitHubActions,Python,9,open_issue_ratio=low | project_age_days=high | ci_type=GitHubActions | mainLanguage=Python,PGAi
metomi/isodatetime,master,1130.0,16.0,565.0,13.0,37.0,20.0,2013-07-16 02:01:22+00:00,77.0,21.0,Python,2025-01-17T10:19:56,186.0,TravisCI,2016-09-23 13:17:05+00:00,28.25,0.2727272727272727,0.0172645739910313,0.1266816143497758,4460,606.7,49.26946829341768,low,high,TravisCI,Python,11,open_issue_ratio=low | project_age_days=high | ci_type=TravisCI | mainLanguage=Python,PTAi
computerlyrik/dymoprint,master,2581.0,13.0,285.0,10.0,150.0,22.0,2014-06-17 03:16:04+00:00,43.0,18.0,Python,2024-09-02T03:48:20,82.0,TravisCI,2018-09-16 13:03:52+00:00,12.954545454545457,0.4186046511627907,0.0104267701260911,0.0691076624636275,4124,184.17,0.0,high,high,TravisCI,Python,3,open_issue_ratio=high | project_age_days=high | ci_type=TravisCI | mainLanguage=Python,PTAI
dice-group/iguana,main,722370.0,28.0,572.0,6.0,25.0,20.0,2014-06-11 10:39:25+00:00,179.0,16.0,Java,2024-10-29T07:58:09,110.0,TravisCI,2017-10-10 15:03:36+00:00,28.6,0.0893854748603352,0.0433414043583535,0.138498789346247,4130,221.89,31.665891112145182,low,high,TravisCI,Java,10,open_issue_ratio=low | project_age_days=high | ci_type=TravisCI | mainLanguage=Java,JTAi
electronstudio/raylib-python-cffi,master,95667.0,39.0,453.0,6.0,185.0,28.0,2019-05-21 09:53:58+00:00,88.0,11.0,Python,2025-04-07T10:02:38,52.0,GitHubActions,2021-06-28 10:17:56+00:00,16.178571428571427,0.125,0.0378494623655914,0.1948387096774193,2325,130.85,1.2878464818763324,low,low,GitHubActions,Python,13,open_issue_ratio=low | project_age_days=low | ci_type=GitHubActions | mainLanguage=Python,PGai
ibm-messaging/kafka-connect-mq-source,main,294.0,14.0,149.0,27.0,95.0,22.0,2017-08-09 10:48:49+00:00,78.0,3.0,Java,2024-12-12T09:44:58,63.0,GitHubActions,2020-09-24 10:03:29+00:00,6.7727272727272725,0.0384615384615384,0.0262184873949579,0.0500840336134453,2975,160.14,64.37252892077903,low,low,GitHubActions,Java,12,open_issue_ratio=low | project_age_days=low | ci_type=GitHubActions | mainLanguage=Java,JGai
mediamath/t1-python,master,730.0,44.0,302.0,26.0,18.0,,2013-04-05 08:14:21+00:00,59.0,10.0,Python,2024-03-13T02:19:12,152.0,TravisCI,2015-08-26 19:43:24+00:00,,0.1694915254237288,0.0129329241560718,0.0661990355107409,4562,0.0,18.458915059149525,low,high,TravisCI,Python,11,open_issue_ratio=low | project_age_days=high | ci_type=TravisCI | mainLanguage=Python,PTAi
deltachat/deltachat-android,main,175553.0,19.0,6524.0,51.0,1221.0,74.0,2016-07-03 07:32:36+00:00,1693.0,19.0,Java,2025-04-24T12:46:41,1942.0,GitHubActions,2021-01-22 21:02:04+00:00,88.16216216216216,0.0112226816302421,0.5013325436778205,1.9318922120225053,3377,84.31,0.6451149812028388,low,low,GitHubActions,Java,12,open_issue_ratio=low | project_age_days=low | ci_type=GitHubActions | mainLanguage=Java,JGai
natashabatalha/picaso,master,795051.0,13.0,1264.0,7.0,72.0,,2017-12-07 04:34:06+00:00,84.0,21.0,Python,2025-03-29T03:08:37,177.0,TravisCI,2019-04-19 17:02:23+00:00,,0.25,0.0294220665499124,0.4427320490367776,2855,0.0,0.4938022775370351,low,low,TravisCI,Python,15,open_issue_ratio=low | project_age_days=low | ci_type=TravisCI | mainLanguage=Python,PTai
smallrye/smallrye-fault-tolerance,main,3223.0,45.0,1813.0,4.0,96.0,17.0,2018-05-25 08:19:12+00:00,169.0,16.0,Java,2025-04-23T07:50:14,951.0,GitHubActions,2020-05-20 21:22:21+00:00,106.6470588235294,0.0946745562130177,0.0629188384214445,0.6749813849590469,2686,110.03,75.59156251543743,low,low,GitHubActions,Java,12,open_issue_ratio=low | project_age_days=low | ci_type=GitHubActions | mainLanguage=Java,JGai
digitalcampus/oppia-mobile-android,master,92950.0,38.0,3840.0,10.0,28.0,9.0,2012-10-30 01:04:39+00:00,773.0,6.0,Java,2024-08-27T04:15:03,586.0,GitHubActions,2019-11-27 18:35:30+00:00,426.6666666666667,0.0077619663648124,0.1638058910786183,0.813731722822632,4719,211.26,34.12939274470318,low,high,GitHubActions,Java,8,open_issue_ratio=low | project_age_days=high | ci_type=GitHubActions | mainLanguage=Java,JGAi
basement-renovator/basement-renovator,main,96643.0,43.0,594.0,8.0,69.0,29.0,2014-12-09 08:58:53+00:00,167.0,21.0,Python,2025-04-19T02:53:27,158.0,GitHubActions,2021-05-14 06:02:25+00:00,20.48275862068965,0.1257485029940119,0.0422891871359837,0.1504178272980501,3949,146.74,43.96018994340727,low,high,GitHubActions,Python,9,open_issue_ratio=low | project_age_days=high | ci_type=GitHubActions | mainLanguage=Python,PGAi
marvinkweyu/colordetect,master,7770.0,29.0,179.0,3.0,20.0,7.0,2019-05-04 11:40:29+00:00,18.0,5.0,Python,2024-08-21T06:09:30,55.0,GitHubActions,2020-09-26 08:12:53+00:00,25.571428571428573,0.2777777777777778,0.0076857386848847,0.0764304013663535,2342,121.6,25.21534847298356,low,low,GitHubActions,Python,13,open_issue_ratio=low | project_age_days=low | ci_type=GitHubActions | mainLanguage=Python,PGai
merenlab/anvio,master,780516.0,29.0,19530.0,27.0,466.0,98.0,2014-02-26 12:35:29+00:00,1710.0,166.0,Python,2025-04-24T08:35:40,717.0,GitHubActions,2022-04-08 12:40:52+00:00,199.28571428571428,0.0970760233918128,0.4037780401416765,4.6115702479338845,4235,74.64,11.46312733732838,low,high,GitHubActions,Python,9,open_issue_ratio=low | project_age_days=high | ci_type=GitHubActions | mainLanguage=Python,PGAi
razorpay/razorpay-android-sample-app,master,5259.0,30.0,151.0,43.0,90.0,21.0,2015-11-02 02:52:41+00:00,208.0,20.0,Java,2025-04-25T04:29:19,171.0,GitHubActions,2021-09-27 11:08:00+00:00,7.190476190476191,0.0961538461538461,0.0574426953880143,0.0417011875172604,3621,101.06,0.0,low,high,GitHubActions,Java,8,open_issue_ratio=low | project_age_days=high | ci_type=GitHubActions | mainLanguage=Java,JGAi
dpkp/kafka-python,master,5640.0,44.0,2406.0,145.0,5735.0,223.0,2012-09-24 01:00:26+00:00,1488.0,42.0,Python,2025-04-23T11:37:29,1105.0,TravisCI,2013-10-02 01:10:19+00:00,10.789237668161435,0.0282258064516129,0.3129337539432176,0.5059936908517351,4755,326.91,28.71689072274724,low,high,TravisCI,Python,11,open_issue_ratio=low | project_age_days=high | ci_type=TravisCI | mainLanguage=Python,PTAi
parzivail-modding-team/galaxiesparzisstarwarsmod,develop,604939.0,126.0,3633.0,11.0,51.0,24.0,2017-09-11 01:47:28+00:00,55.0,5.0,Java,2024-12-05T11:34:44,52.0,GitHubActions,2022-10-16 00:28:40+00:00,151.375,0.0909090909090909,0.0186947654656696,1.23487423521414,2942,35.81,9.417091545544478,low,low,GitHubActions,Java,12,open_issue_ratio=low | project_age_days=low | ci_type=GitHubActions | mainLanguage=Java,JGai
monkeywie/proxyee,master,484.0,36.0,219.0,59.0,1578.0,16.0,2017-09-04 01:50:06+00:00,235.0,109.0,Java,2025-04-07T03:39:30,71.0,GitHubActions,2020-11-02 03:06:24+00:00,13.6875,0.4638297872340425,0.0796880298406239,0.074262461851475,2949,29.22,21.132516053706947,high,low,GitHubActions,Java,4,open_issue_ratio=high | project_age_days=low | ci_type=GitHubActions | mainLanguage=Java,JGaI
rdflib/pyshacl,master,4489.0,52.0,590.0,23.0,266.0,29.0,2018-09-05 11:13:51+00:00,186.0,31.0,Python,2025-03-14T11:39:51,102.0,TravisCI,2019-10-16 15:12:40+00:00,20.344827586206897,0.1666666666666666,0.0720092915214866,0.2284165698799845,2583,46.29,45.22707902106416,low,low,TravisCI,Python,15,open_issue_ratio=low | project_age_days=low | ci_type=TravisCI | mainLanguage=Python,PTai
xuexiangjys/xupdate,master,41645.0,33.0,251.0,37.0,2243.0,2.0,2018-06-29 01:39:08+00:00,153.0,2.0,Java,2024-03-24T03:26:07,2.0,GitHubActions,2020-09-04 12:01:02+00:00,125.5,0.0130718954248366,0.0577140701622029,0.0946812523576009,2651,9.04,1.4712199312714775,low,low,GitHubActions,Java,12,open_issue_ratio=low | project_age_days=low | ci_type=GitHubActions | mainLanguage=Java,JGai
octoprint/octoprint,master,56955.0,154.0,9462.0,335.0,8531.0,313.0,2012-12-31 12:20:57+00:00,4058.0,248.0,Python,2025-04-23T01:04:48,1058.0,TravisCI,2014-02-11 05:23:49+00:00,30.230031948881788,0.0611138491867915,0.87137642258965,2.031780115954477,4657,127.11,5.386317694444305,low,high,TravisCI,Python,11,open_issue_ratio=low | project_age_days=high | ci_type=TravisCI | mainLanguage=Python,PTAi
hfaran/piazza-api,develop,153.0,20.0,180.0,12.0,186.0,26.0,2013-12-12 08:20:26+00:00,24.0,12.0,Python,2024-10-22T01:52:03,49.0,GitHubActions,2023-10-22 01:05:19+00:00,6.923076923076923,0.5,0.0055671537926235,0.0417536534446764,4311,51.35,0.0,high,high,GitHubActions,Python,1,open_issue_ratio=high | project_age_days=high | ci_type=GitHubActions | mainLanguage=Python,PGAI
gocd-contrib/gocd-build-status-notifier,master,6487.0,209.0,419.0,10.0,47.0,21.0,2015-03-19 02:23:06+00:00,43.0,10.0,Java,2025-03-21T06:28:28,270.0,GitHubActions,2020-11-13 10:25:36+00:00,19.95238095238096,0.2325581395348837,0.0111717329176409,0.1088594440114315,3849,663.21,41.784989858012175,low,high,GitHubActions,Java,8,open_issue_ratio=low | project_age_days=high | ci_type=GitHubActions | mainLanguage=Java,JGAi
eclipse-jnosql/jnosql,main,12834.0,28.0,6441.0,33.0,233.0,36.0,2016-07-14 09:58:40+00:00,209.0,7.0,Java,2025-03-30T07:06:21,380.0,GitHubActions,2020-10-25 09:43:18+00:00,178.91666666666666,0.0334928229665071,0.0620915032679738,1.9135472370766489,3366,137.64,95.19376899696049,low,low,GitHubActions,Java,12,open_issue_ratio=low | project_age_days=low | ci_type=GitHubActions | mainLanguage=Java,JGai
validator/validator,main,24707.0,28.0,4272.0,65.0,1767.0,94.0,2010-12-03 02:00:23+00:00,1367.0,281.0,Java,2025-04-04T11:29:07,327.0,TravisCI,2014-10-07 04:26:40+00:00,45.4468085106383,0.2055596196049744,0.2524002954209748,0.7887740029542097,5416,75.87,1.5153893351978425,low,high,TravisCI,Java,10,open_issue_ratio=low | project_age_days=high | ci_type=TravisCI | mainLanguage=Java,JTAi
tenpy/tenpy,main,14258.0,21.0,3190.0,20.0,415.0,53.0,2018-02-19 01:17:11+00:00,247.0,52.0,Python,2025-04-23T02:30:10,253.0,TravisCI,2019-04-25 21:41:59+00:00,60.18867924528302,0.2105263157894736,0.0888169723121179,1.147069399496584,2781,223.97,55.89260863446594,low,low,TravisCI,Python,15,open_issue_ratio=low | project_age_days=low | ci_type=TravisCI | mainLanguage=Python,PTai
tikv/client-java,master,365747.0,23.0,295.0,29.0,115.0,39.0,2018-11-15 08:52:53+00:00,231.0,76.0,Java,2025-03-29T10:39:33,557.0,GitHubActions,2021-11-29 09:06:41+00:00,7.564102564102564,0.329004329004329,0.0919585987261146,0.117436305732484,2512,50.7,18.34601471872272,low,low,GitHubActions,Java,12,open_issue_ratio=low | project_age_days=low | ci_type=GitHubActions | mainLanguage=Java,JGai
openjml/openjml,master-21,282861.0,84.0,6654.0,12.0,149.0,76.0,2015-06-30 08:40:28+00:00,804.0,128.0,Java,2025-01-29T02:06:53,35.0,GitHubActions,2021-05-20 16:18:44+00:00,87.55263157894737,0.1592039800995024,0.2146289375333689,1.776294714361986,3746,2477.62,56.48616170838551,low,high,GitHubActions,Java,8,open_issue_ratio=low | project_age_days=high | ci_type=GitHubActions | mainLanguage=Java,JGAi
aeron-io/aeron,master,70240.0,116.0,17961.0,352.0,7709.0,143.0,2014-02-07 05:16:58+00:00,827.0,19.0,Java,2025-04-22T04:59:31,953.0,TravisCI,2018-10-26 00:41:52+00:00,125.6013986013986,0.022974607013301,0.194405265632346,4.222143864598025,4254,67.97,29.51596266252372,low,high,TravisCI,Java,10,open_issue_ratio=low | project_age_days=high | ci_type=TravisCI | mainLanguage=Java,JTAi
ukanth/afwall,beta,29926.0,52.0,1885.0,157.0,2810.0,39.0,2012-10-27 01:20:30+00:00,1110.0,290.0,Java,2024-11-12T04:34:24,139.0,TravisCI,2013-10-27 05:48:08+00:00,48.333333333333336,0.2612612612612612,0.2350698856416772,0.3991952562473528,4722,349.46,0.0,low,high,TravisCI,Java,10,open_issue_ratio=low | project_age_days=high | ci_type=TravisCI | mainLanguage=Java,JTAi
websocket-client/websocket-client,master,1415.0,28.0,1281.0,86.0,3581.0,227.0,2010-12-28 06:35:25+00:00,659.0,24.0,Python,2024-11-05T11:11:59,335.0,TravisCI,2015-05-05 05:22:30+00:00,5.643171806167401,0.0364188163884673,0.1222407716564644,0.2376182526432944,5391,325.33,18.318945933666512,low,high,TravisCI,Python,11,open_issue_ratio=low | project_age_days=high | ci_type=TravisCI | mainLanguage=Python,PTAi
federicoiosue/omni-notes,develop,55750.0,50.0,3403.0,146.0,2689.0,47.0,2013-12-11 09:59:18+00:00,815.0,164.0,Java,2024-10-07T06:14:07,141.0,TravisCI,2015-02-02 11:35:50+00:00,72.40425531914893,0.2012269938650306,0.1890074211502783,0.7891929499072357,4312,111.26,9.009357857373343,low,high,TravisCI,Java,10,open_issue_ratio=low | project_age_days=high | ci_type=TravisCI | mainLanguage=Java,JTAi
ome/bioformats,develop,279504.0,15.0,22305.0,28.0,394.0,136.0,2011-10-04 08:06:14+00:00,513.0,191.0,Java,2025-04-26T05:45:42,3783.0,TravisCI,2012-12-20 10:03:17+00:00,164.00735294117646,0.3723196881091618,0.1003717472118959,4.364116611230679,5111,247.2,18.81715059492097,high,high,TravisCI,Java,2,open_issue_ratio=high | project_age_days=high | ci_type=TravisCI | mainLanguage=Java,JTAI
skytubeteam/skytube,master,28220.0,55.0,4699.0,85.0,2511.0,252.0,2015-11-20 11:48:20+00:00,693.0,234.0,Java,2025-03-09T10:15:51,622.0,TravisCI,2019-07-08 21:54:47+00:00,18.646825396825395,0.3376623376623376,0.1923397169025811,1.3041909519844574,3603,117.06,0.9841125278283748,low,high,TravisCI,Java,10,open_issue_ratio=low | project_age_days=high | ci_type=TravisCI | mainLanguage=Java,JTAi
portfolio-performance/portfolio,master,56355.0,227.0,6986.0,68.0,3178.0,237.0,2012-03-24 09:43:08+00:00,2032.0,720.0,Java,2025-04-26T06:22:56,2639.0,TravisCI,2014-10-24 15:02:44+00:00,29.476793248945143,0.3543307086614173,0.4114193156509415,1.4144563676857664,4939,656.11,32.09622140066046,high,high,TravisCI,Java,2,open_issue_ratio=high | project_age_days=high | ci_type=TravisCI | mainLanguage=Java,JTAI
mtedone/podam,develop,40118.0,40.0,1179.0,23.0,320.0,,2011-05-01 09:43:22+00:00,136.0,4.0,Java,2024-06-24T05:15:25,188.0,TravisCI,2013-11-15 21:40:04+00:00,,0.0294117647058823,0.0258211505600911,0.2238465919878488,5267,0.0,120.25876295465048,low,high,TravisCI,Java,10,open_issue_ratio=low | project_age_days=high | ci_type=TravisCI | mainLanguage=Java,JTAi
provectus/kafka-ui,master,30382.0,25.0,1918.0,69.0,9155.0,191.0,2019-11-26 03:55:55+00:00,1733.0,339.0,Java,2024-04-08T06:46:54,2397.0,GitHubActions,2021-02-10 09:12:59+00:00,10.041884816753926,0.1956145412579342,0.8113295880149812,0.8979400749063671,2136,102.05,16.272518437915608,low,low,GitHubActions,Java,12,open_issue_ratio=low | project_age_days=low | ci_type=GitHubActions | mainLanguage=Java,JGai
softwareag/cumulocity-lora,master,485648.0,13.0,524.0,6.0,10.0,8.0,2020-04-01 09:25:15+00:00,40.0,15.0,Java,2024-10-14T03:51:45,77.0,GitHubActions,2021-08-13 13:13:53+00:00,65.5,0.375,0.0199104031856645,0.260826281732205,2009,224.12,1.211941719946807,high,low,GitHubActions,Java,4,open_issue_ratio=high | project_age_days=low | ci_type=GitHubActions | mainLanguage=Java,JGaI
redhat-developer/rsp-server-community,master,1066.0,15.0,355.0,8.0,32.0,14.0,2019-10-29 03:40:42+00:00,111.0,19.0,Java,2024-11-26T04:43:57,117.0,GitHubActions,2020-11-13 09:07:40+00:00,25.357142857142858,0.1711711711711711,0.0512939001848428,0.1640480591497227,2164,73.3,0.0,low,low,GitHubActions,Java,12,open_issue_ratio=low | project_age_days=low | ci_type=GitHubActions | mainLanguage=Java,JGai
lagolunatic/wwrando,master,5910.0,14.0,2775.0,38.0,393.0,16.0,2018-07-05 02:18:12+00:00,304.0,50.0,Python,2025-04-17T05:41:15,100.0,GitHubActions,2021-07-04 01:22:09+00:00,173.4375,0.1644736842105263,0.1149338374291115,1.0491493383742911,2645,41.41,5.684278497360125,low,low,GitHubActions,Python,13,open_issue_ratio=low | project_age_days=low | ci_type=GitHubActions | mainLanguage=Python,PGai
3liz/qgis-atlasprint,master,388.0,15.0,201.0,8.0,13.0,12.0,2017-09-26 03:53:35+00:00,35.0,10.0,Python,2025-03-25T11:16:13,44.0,TravisCI,2020-03-24 12:10:25+00:00,16.75,0.2857142857142857,0.011957635804578,0.0686709941920054,2927,180.84,39.19325707405177,low,low,TravisCI,Python,15,open_issue_ratio=low | project_age_days=low | ci_type=TravisCI | mainLanguage=Python,PTai
manatools/dnfdragora,master,6631.0,19.0,1233.0,14.0,155.0,30.0,2016-03-28 08:05:49+00:00,175.0,39.0,Python,2025-04-27T03:57:42,69.0,GitHubActions,2024-09-08 19:31:30+00:00,41.1,0.2228571428571428,0.0503742084052964,0.3549222797927461,3474,153.11,0.0,low,low,GitHubActions,Python,13,open_issue_ratio=low | project_age_days=low | ci_type=GitHubActions | mainLanguage=Python,PGai
tonivade/claudb,master,3448.0,17.0,1028.0,9.0,175.0,3.0,2015-05-15 06:03:07+00:00,36.0,9.0,Java,2025-04-14T06:27:03,169.0,TravisCI,2016-12-09 13:37:47+00:00,342.6666666666667,0.25,0.0094936708860759,0.2710970464135021,3792,221.36,49.14133608105787,low,high,TravisCI,Java,10,open_issue_ratio=low | project_age_days=high | ci_type=TravisCI | mainLanguage=Java,JTAi
thelimeglass/skellett,master,4123.0,33.0,126.0,8.0,52.0,4.0,2016-06-21 07:58:11+00:00,176.0,13.0,Java,2025-03-26T03:58:34,83.0,GitHubActions,2021-09-20 15:50:50+00:00,31.5,0.0738636363636363,0.0519327235172617,0.037179108881676,3389,143.37,0.0,low,low,GitHubActions,Java,12,open_issue_ratio=low | project_age_days=low | ci_type=GitHubActions | mainLanguage=Java,JGai
synfron/reshaperforburp,release,1263.0,32.0,80.0,2.0,92.0,4.0,2020-11-26 11:11:50+00:00,38.0,5.0,Java,2024-11-10T05:56:56,3.0,GitHubActions,2023-04-07 06:33:58+00:00,20.0,0.131578947368421,0.0214689265536723,0.0451977401129943,1770,33.3,0.0,low,low,GitHubActions,Java,12,open_issue_ratio=low | project_age_days=low | ci_type=GitHubActions | mainLanguage=Java,JGai
fabianonline/octoprint-telegram,master,7153.0,25.0,437.0,16.0,306.0,33.0,2016-02-16 09:13:28+00:00,346.0,139.0,Python,2024-05-08T10:14:50,83.0,GitHubActions,2020-08-08 16:15:46+00:00,13.242424242424242,0.4017341040462427,0.0984352773826458,0.1243243243243243,3515,190.64,44.1937984496124,high,low,GitHubActions,Python,5,open_issue_ratio=high | project_age_days=low | ci_type=GitHubActions | mainLanguage=Python,PGaI
dell/ansible-powermax,main,2029.0,17.0,96.0,19.0,37.0,20.0,2019-05-28 01:25:15+00:00,20.0,4.0,Python,2025-02-19T02:38:11,47.0,GitHubActions,2021-12-09 15:56:36+00:00,4.8,0.2,0.0086281276962899,0.0414150129421915,2318,101.35,35.94788620047859,low,low,GitHubActions,Python,13,open_issue_ratio=low | project_age_days=low | ci_type=GitHubActions | mainLanguage=Python,PGai
scikit-image/scikit-image,main,81702.0,39.0,14322.0,183.0,6233.0,691.0,2011-07-07 10:07:20+00:00,2748.0,587.0,Python,2025-04-25T07:45:47,4642.0,TravisCI,2012-09-05 14:57:08+00:00,20.726483357452967,0.2136098981077147,0.5284615384615384,2.754230769230769,5200,213.34,51.51753366600588,low,high,TravisCI,Python,11,open_issue_ratio=low | project_age_days=high | ci_type=TravisCI | mainLanguage=Python,PTAi
eclipse-ee4j/yasson,master,3528.0,20.0,554.0,19.0,205.0,52.0,2016-11-18 02:46:19+00:00,329.0,98.0,Java,2025-03-13T02:46:40,335.0,TravisCI,2018-04-05 21:35:04+00:00,10.653846153846152,0.2978723404255319,0.1015745600493979,0.171040444581661,3239,75.04,90.3894941053574,low,low,TravisCI,Java,14,open_issue_ratio=low | project_age_days=low | ci_type=TravisCI | mainLanguage=Java,JTai
allure-framework/allure-bamboo,master,906.0,24.0,157.0,15.0,28.0,17.0,2014-08-07 03:51:24+00:00,74.0,0.0,Java,2025-02-18T06:04:36,287.0,GitHubActions,2020-12-03 16:32:05+00:00,9.235294117647058,0.0,0.0181684262214583,0.0385465259022833,4073,503.64,12.62699564586357,low,high,GitHubActions,Java,8,open_issue_ratio=low | project_age_days=high | ci_type=GitHubActions | mainLanguage=Java,JGAi
huobirdcenter/huobi_java,master,797.0,20.0,167.0,23.0,269.0,,2019-03-06 03:34:15+00:00,56.0,19.0,Java,2024-10-25T08:24:09,40.0,TravisCI,2020-10-28 02:34:43+00:00,,0.3392857142857143,0.0233236151603498,0.0695543523531861,2401,0.0,18.67845993756504,low,low,TravisCI,Java,14,open_issue_ratio=low | project_age_days=low | ci_type=TravisCI | mainLanguage=Java,JTai
python-caldav/caldav,master,1565.0,14.0,931.0,11.0,349.0,81.0,2017-01-23 04:41:54+00:00,273.0,64.0,Python,2025-04-25T11:20:53,200.0,TravisCI,2019-05-28 16:17:01+00:00,11.493827160493828,0.2344322344322344,0.0860384494169555,0.2934131736526946,3173,187.44,78.39895013123359,low,low,TravisCI,Python,15,open_issue_ratio=low | project_age_days=low | ci_type=TravisCI | mainLanguage=Python,PTai
jboss-javassist/javassist,master,30583.0,24.0,1036.0,165.0,4098.0,68.0,2013-05-24 08:31:32+00:00,375.0,223.0,Java,2024-10-03T03:32:22,114.0,GitHubActions,2021-05-06 03:52:43+00:00,15.235294117647058,0.5946666666666667,0.0830932860624861,0.2295590516286284,4513,79.59,54.81598022138563,high,high,GitHubActions,Java,0,open_issue_ratio=high | project_age_days=high | ci_type=GitHubActions | mainLanguage=Java,JGAI
vertigo-io/vertigo-core,master,35104.0,50.0,5301.0,10.0,33.0,28.0,2013-12-02 03:03:46+00:00,99.0,6.0,Java,2025-03-28T02:58:28,75.0,GitHubActions,2022-02-21 13:17:45+00:00,189.32142857142856,0.0606060606060606,0.0229113631103911,1.2267993520018514,4321,94.03,52.07709971470322,low,high,GitHubActions,Java,8,open_issue_ratio=low | project_age_days=high | ci_type=GitHubActions | mainLanguage=Java,JGAi
waikato/meka,master,41882.0,14.0,1014.0,26.0,201.0,9.0,2015-11-04 01:56:13+00:00,72.0,29.0,Java,2024-10-31T08:30:11,12.0,GitHubActions,2022-05-11 02:33:16+00:00,112.66666666666669,0.4027777777777778,0.0198949986184028,0.2801878972091738,3619,195.5,14.754656519126778,high,high,GitHubActions,Java,0,open_issue_ratio=high | project_age_days=high | ci_type=GitHubActions | mainLanguage=Java,JGAI
cherrypy/cheroot,main,33168.0,68.0,8017.0,15.0,190.0,170.0,2014-02-07 04:38:27+00:00,214.0,68.0,Python,2025-04-25T11:51:08,509.0,TravisCI,2015-12-20 03:29:56+00:00,47.15882352941176,0.3177570093457944,0.0503055947343676,1.884579219558063,4254,143.1,26.8699276157052,low,high,TravisCI,Python,11,open_issue_ratio=low | project_age_days=high | ci_type=TravisCI | mainLanguage=Python,PTAi
dbeatty10/dbt-mysql,main,2574.0,25.0,193.0,8.0,70.0,8.0,2020-11-15 03:44:46+00:00,82.0,22.0,Python,2024-04-26T04:27:27,89.0,GitHubActions,2024-01-08 23:46:53+00:00,24.125,0.2682926829268293,0.0460415496911847,0.1083660864682762,1781,95.01,26.385483079941142,low,low,GitHubActions,Python,13,open_issue_ratio=low | project_age_days=low | ci_type=GitHubActions | mainLanguage=Python,PGai
globocom/m3u8,master,634.0,50.0,570.0,147.0,2101.0,102.0,2012-04-27 08:56:32+00:00,167.0,17.0,Python,2025-01-31T09:13:33,227.0,TravisCI,2014-08-20 13:19:42+00:00,5.588235294117647,0.1017964071856287,0.0340468909276248,0.1162079510703364,4905,195.14,110.51070141979234,low,high,TravisCI,Python,11,open_issue_ratio=low | project_age_days=high | ci_type=TravisCI | mainLanguage=Python,PTAi
permutatriangle/comb_spec_searcher,develop,67450.0,24.0,1822.0,10.0,12.0,22.0,2018-02-14 02:30:56+00:00,29.0,3.0,Python,2025-04-11T03:05:51,336.0,TravisCI,2019-06-05 11:15:05+00:00,82.81818181818181,0.1034482758620689,0.0104091888011486,0.6539842067480258,2786,23.66,8.375378405650856,low,low,TravisCI,Python,15,open_issue_ratio=low | project_age_days=low | ci_type=TravisCI | mainLanguage=Python,PTai
eclipse/microprofile-starter,main,1372.0,17.0,564.0,24.0,71.0,32.0,2018-08-29 05:08:37+00:00,241.0,24.0,Java,2024-10-17T05:31:33,257.0,GitHubActions,2020-12-01 10:38:50+00:00,17.625,0.0995850622406639,0.093050193050193,0.2177606177606177,2590,144.87,13.053080496534916,low,low,GitHubActions,Java,12,open_issue_ratio=low | project_age_days=low | ci_type=GitHubActions | mainLanguage=Java,JGai
jfrog/bamboo-artifactory-plugin,master,3146.0,25.0,619.0,51.0,41.0,50.0,2011-11-09 09:50:58+00:00,109.0,66.0,Java,2024-12-29T09:26:07,113.0,GitHubActions,2020-10-05 15:01:23+00:00,12.38,0.6055045871559633,0.0214778325123152,0.1219704433497537,5075,1256.3,4.727484698338677,high,high,GitHubActions,Java,0,open_issue_ratio=high | project_age_days=high | ci_type=GitHubActions | mainLanguage=Java,JGAI
authzforce/server,develop,1517.0,20.0,453.0,7.0,55.0,8.0,2016-01-13 11:35:03+00:00,49.0,2.0,Java,2024-06-08T05:49:01,23.0,TravisCI,2018-02-15 17:59:27+00:00,56.625,0.0408163265306122,0.0138067061143984,0.1276415891800507,3549,32.55,40.61593247164337,low,high,TravisCI,Java,10,open_issue_ratio=low | project_age_days=high | ci_type=TravisCI | mainLanguage=Java,JTAi
paxapos/fiscalberry,main,9902.0,22.0,792.0,13.0,57.0,23.0,2015-03-10 01:23:43+00:00,85.0,16.0,Python,2025-01-15T09:52:09,42.0,GitHubActions,2024-08-18 23:42:02+00:00,34.43478260869565,0.188235294117647,0.0220321410057024,0.2052877138413686,3858,216.54,1.871502990546016,low,high,GitHubActions,Python,9,open_issue_ratio=low | project_age_days=high | ci_type=GitHubActions | mainLanguage=Python,PGAi
tethysplatform/tethys,main,68600.0,45.0,1823.0,21.0,103.0,54.0,2014-09-25 04:20:13+00:00,548.0,90.0,Python,2025-04-22T05:51:09,539.0,TravisCI,2018-04-14 07:55:50+00:00,33.75925925925926,0.1642335766423357,0.136182902584493,0.4530318091451292,4024,260.02,36.07946038800372,low,high,TravisCI,Python,11,open_issue_ratio=low | project_age_days=high | ci_type=TravisCI | mainLanguage=Python,PTAi
openremote/openremote,master,303895.0,13.0,4470.0,66.0,1389.0,49.0,2016-02-03 11:14:02+00:00,1146.0,310.0,Java,2025-04-25T01:05:38,674.0,GitHubActions,2020-10-19 08:01:03+00:00,91.22448979591836,0.2705061082024433,0.3248299319727891,1.2670068027210883,3528,293.52,0.7725805972870633,low,low,GitHubActions,Java,12,open_issue_ratio=low | project_age_days=low | ci_type=GitHubActions | mainLanguage=Java,JGai
parashardhapola/scarf,master,34365.0,75.0,1032.0,5.0,100.0,10.0,2020-05-07 05:03:52+00:00,64.0,14.0,Python,2025-04-15T03:20:32,59.0,GitHubActions,2021-07-03 23:50:04+00:00,103.2,0.21875,0.0324379118094272,0.5230613279270147,1973,59.56,2.448930832636483,low,low,GitHubActions,Python,13,open_issue_ratio=low | project_age_days=low | ci_type=GitHubActions | mainLanguage=Python,PGai
jenkinsci/plugin-compat-tester,master,2423.0,95.0,1576.0,99.0,47.0,42.0,2011-04-04 08:59:01+00:00,36.0,2.0,Java,2025-04-24T06:20:06,733.0,GitHubActions,2021-11-23 16:21:00+00:00,37.523809523809526,0.0555555555555555,0.0068001511144692,0.297695504344541,5294,73.15,108.19079739821728,low,high,GitHubActions,Java,8,open_issue_ratio=low | project_age_days=high | ci_type=GitHubActions | mainLanguage=Java,JGAi
steveplays28/stevesrealisticsleep,1.20.3-1.20.4,18567.0,45.0,178.0,1.0,13.0,7.0,2022-04-23 12:38:52+00:00,54.0,12.0,Java,2024-01-05T07:00:42,13.0,GitHubActions,2023-05-07 17:40:17+00:00,25.428571428571427,0.2222222222222222,0.0429594272076372,0.1416070007955449,1257,60.74,0.0,low,low,GitHubActions,Java,12,open_issue_ratio=low | project_age_days=low | ci_type=GitHubActions | mainLanguage=Java,JGai
chr5tphr/zennit,master,2389.0,16.0,232.0,14.0,174.0,14.0,2020-11-10 04:17:38+00:00,47.0,18.0,Python,2024-04-08T02:15:33,156.0,GitHubActions,2022-01-17 15:02:32+00:00,16.571428571428573,0.3829787234042553,0.0263157894736842,0.1298992161254199,1786,59.83,42.88915704188933,high,low,GitHubActions,Python,5,open_issue_ratio=high | project_age_days=low | ci_type=GitHubActions | mainLanguage=Python,PGaI
usgs/shakecast,master,172757.0,22.0,1660.0,20.0,10.0,14.0,2016-03-01 07:15:42+00:00,348.0,68.0,Python,2024-06-10T04:25:43,226.0,TravisCI,2017-06-27 14:03:51+00:00,118.57142857142856,0.1954022988505747,0.0994001713796058,0.4741502427877749,3501,78.78,0.62393303596013,low,low,TravisCI,Python,15,open_issue_ratio=low | project_age_days=low | ci_type=TravisCI | mainLanguage=Python,PTai
regro/regolith,main,13340.0,20.0,3634.0,4.0,16.0,45.0,2015-08-19 07:58:10+00:00,434.0,255.0,Python,2025-04-19T01:04:40,811.0,TravisCI,2017-09-20 16:22:33+00:00,80.75555555555556,0.5875576036866359,0.1174242424242424,0.9832251082251082,3696,84.98,19.261831478704657,high,high,TravisCI,Python,3,open_issue_ratio=high | project_age_days=high | ci_type=TravisCI | mainLanguage=Python,PTAI
pappasam/toml-sort,main,471.0,35.0,214.0,4.0,90.0,14.0,2019-08-05 01:12:29+00:00,34.0,14.0,Python,2024-11-19T02:00:21,43.0,GitHubActions,2021-04-01 22:30:27+00:00,15.285714285714286,0.4117647058823529,0.0151178301467318,0.095153401511783,2249,76.02,25.96964586846543,high,low,GitHubActions,Python,5,open_issue_ratio=high | project_age_days=low | ci_type=GitHubActions | mainLanguage=Python,PGaI
netflix/evcache,master,3078.0,317.0,773.0,496.0,2102.0,50.0,2013-02-08 10:52:57+00:00,36.0,7.0,Java,2025-04-08T08:44:37,125.0,TravisCI,2016-04-21 18:30:11+00:00,15.46,0.1944444444444444,0.0077955825032481,0.1673884798614118,4618,201.86,12.680448088693844,low,high,TravisCI,Java,10,open_issue_ratio=low | project_age_days=high | ci_type=TravisCI | mainLanguage=Java,JTAi
redisson/redisson,master,30553.0,167.0,10354.0,872.0,23735.0,246.0,2014-01-11 02:06:25+00:00,5487.0,262.0,Java,2025-04-18T11:28:58,922.0,TravisCI,2016-03-18 21:42:39+00:00,42.08943089430894,0.0477492254419537,1.2817098808689558,2.418593786498481,4281,85.53,44.18502723118495,low,high,TravisCI,Java,10,open_issue_ratio=low | project_age_days=high | ci_type=TravisCI | mainLanguage=Java,JTAi
julow/unexpected-keyboard,master,4697.0,35.0,1111.0,33.0,2126.0,116.0,2015-07-31 09:59:15+00:00,657.0,206.0,Java,2025-04-20T06:05:02,310.0,GitHubActions,2022-02-13 23:42:41+00:00,9.577586206896552,0.3135464231354642,0.1768506056527591,0.2990578734858681,3715,57.97,1.1591904546141067,low,high,GitHubActions,Java,8,open_issue_ratio=low | project_age_days=high | ci_type=GitHubActions | mainLanguage=Java,JGAi
smtg-bham/galore,master,3076.0,16.0,331.0,7.0,34.0,8.0,2016-07-22 09:43:09+00:00,23.0,4.0,Python,2024-10-08T04:23:36,34.0,TravisCI,2018-04-17 15:05:48+00:00,41.375,0.1739130434782608,0.0068493150684931,0.0985705777248362,3358,262.07,10.28898062877104,low,low,TravisCI,Python,15,open_issue_ratio=low | project_age_days=low | ci_type=TravisCI | mainLanguage=Python,PTai
eclipse-kura/kura,develop,426854.0,21.0,6098.0,60.0,528.0,84.0,2013-12-16 09:07:20+00:00,1721.0,7.0,Java,2025-04-22T09:09:47,3997.0,TravisCI,2016-08-19 13:30:19+00:00,72.5952380952381,0.0040674026728646,0.399582075690736,1.4158346877176688,4307,283.41,36.17360100497917,low,high,TravisCI,Java,10,open_issue_ratio=low | project_age_days=high | ci_type=TravisCI | mainLanguage=Java,JTAi
facebookresearch/pytorch3d,main,52174.0,19.0,1209.0,150.0,9152.0,159.0,2019-10-25 02:23:45+00:00,1646.0,264.0,Python,2025-03-28T03:16:54,186.0,GitHubActions,2021-06-22 23:30:00+00:00,7.60377358490566,0.1603888213851761,0.7592250922509225,0.5576568265682657,2168,42.57,48.858346930399705,low,low,GitHubActions,Python,13,open_issue_ratio=low | project_age_days=low | ci_type=GitHubActions | mainLanguage=Python,PGai
docusign/docusign-esign-java-client,master,52802.0,99.0,520.0,37.0,110.0,,2013-09-19 02:11:36+00:00,132.0,20.0,Java,2025-04-15T07:32:43,160.0,TravisCI,2017-01-31 01:05:39+00:00,,0.1515151515151515,0.0300341296928327,0.1183162684869169,4395,0.0,0.93522126257255,low,high,TravisCI,Java,10,open_issue_ratio=low | project_age_days=high | ci_type=TravisCI | mainLanguage=Java,JTAi
jenkinsci/hashicorp-vault-plugin,master,2069.0,34.0,376.0,16.0,217.0,51.0,2016-07-26 07:07:44+00:00,143.0,89.0,Java,2025-04-05T04:10:23,201.0,TravisCI,2019-08-15 23:57:47+00:00,7.372549019607843,0.6223776223776224,0.0426356589147286,0.1121049493142516,3354,96.32,46.86088527551942,high,low,TravisCI,Java,6,open_issue_ratio=high | project_age_days=low | ci_type=TravisCI | mainLanguage=Java,JTaI
logfellow/logstash-logback-encoder,main,3620.0,32.0,1257.0,64.0,2465.0,90.0,2013-03-04 04:19:08+00:00,512.0,31.0,Java,2025-04-05T05:15:35,463.0,TravisCI,2014-08-04 14:06:28+00:00,13.966666666666669,0.060546875,0.1114497170222028,0.2736177622986504,4594,70.95,58.03377908641066,low,high,TravisCI,Java,10,open_issue_ratio=low | project_age_days=high | ci_type=TravisCI | mainLanguage=Java,JTAi
mikf/gallery-dl,master,13833.0,172.0,6536.0,153.0,13438.0,177.0,2014-10-12 07:38:05+00:00,5923.0,1161.0,Python,2025-04-26T03:32:07,553.0,TravisCI,2017-01-09 11:29:04+00:00,36.92655367231639,0.1960155326692554,1.478163214374844,1.6311454953830795,4007,55.14,41.849605127618176,low,high,TravisCI,Python,11,open_issue_ratio=low | project_age_days=high | ci_type=TravisCI | mainLanguage=Python,PTAi
rongronggg9/rss-to-telegram-bot,dev,10421.0,15.0,1482.0,5.0,1732.0,55.0,2020-08-18 02:20:15+00:00,121.0,38.0,Python,2025-04-13T06:12:38,536.0,GitHubActions,2021-09-05 23:49:24+00:00,26.945454545454545,0.3140495867768595,0.0647058823529411,0.7925133689839572,1870,47.59,1.1172584197239082,low,low,GitHubActions,Python,13,open_issue_ratio=low | project_age_days=low | ci_type=GitHubActions | mainLanguage=Python,PGai
plantuml/plantuml-server,master,12729.0,74.0,486.0,42.0,1768.0,65.0,2011-01-28 10:07:53+00:00,214.0,45.0,Java,2025-03-05T10:17:34,146.0,TravisCI,2013-10-16 21:52:22+00:00,7.476923076923077,0.2102803738317757,0.0399253731343283,0.0906716417910447,5360,673.19,25.690834473324216,low,high,TravisCI,Java,10,open_issue_ratio=low | project_age_days=high | ci_type=TravisCI | mainLanguage=Java,JTAi
qiniu/android-sdk,master,4890.0,85.0,1708.0,50.0,625.0,44.0,2012-08-06 01:34:03+00:00,173.0,4.0,Java,2024-07-02T06:32:36,337.0,TravisCI,2014-04-15 07:00:38+00:00,38.81818181818182,0.0231213872832369,0.0360116569525395,0.3555370524562864,4804,91.66,34.747947298071416,low,high,TravisCI,Java,10,open_issue_ratio=low | project_age_days=high | ci_type=TravisCI | mainLanguage=Java,JTAi
jlegewie/zotfile,master,10517.0,33.0,1119.0,55.0,3714.0,,2011-12-30 02:47:42+00:00,544.0,274.0,Java,2024-04-16T02:14:43,123.0,TravisCI,2017-10-01 19:09:20+00:00,,0.5036764705882353,0.10828025477707,0.2227308917197452,5024,0.0,0.0,high,high,TravisCI,Java,2,open_issue_ratio=high | project_age_days=high | ci_type=TravisCI | mainLanguage=Java,JTAI
irrdnet/irrd,main,4232.0,65.0,927.0,17.0,161.0,23.0,2018-03-08 01:03:38+00:00,364.0,31.0,Python,2025-03-21T02:48:16,595.0,GitHubActions,2024-04-08 18:02:17+00:00,40.30434782608695,0.0851648351648351,0.1316931982633864,0.335383502170767,2764,99.33,42.46185496314075,low,low,GitHubActions,Python,13,open_issue_ratio=low | project_age_days=low | ci_type=GitHubActions | mainLanguage=Python,PGai
eclipse-hawkbit/hawkbit,master,34213.0,18.0,3422.0,38.0,492.0,93.0,2015-11-09 07:19:06+00:00,460.0,40.0,Java,2025-04-25T01:21:54,1913.0,GitHubActions,2021-01-11 14:50:06+00:00,36.795698924731184,0.0869565217391304,0.1272827891532927,0.9468732706142778,3614,292.71,48.05124919923126,low,high,GitHubActions,Java,8,open_issue_ratio=low | project_age_days=high | ci_type=GitHubActions | mainLanguage=Java,JGAi
swagger-api/swagger-core,master,22145.0,113.0,4364.0,308.0,7419.0,336.0,2011-07-05 11:44:11+00:00,2980.0,772.0,Java,2025-04-08T11:36:04,1879.0,TravisCI,2013-04-09 04:55:49+00:00,12.988095238095235,0.2590604026845637,0.5728565936178392,0.8389081122645137,5202,109.01,56.77117327991718,low,high,TravisCI,Java,10,open_issue_ratio=low | project_age_days=high | ci_type=TravisCI | mainLanguage=Java,JTAi
westpa/westpa,westpa2,48965.0,25.0,2035.0,21.0,199.0,51.0,2014-09-29 02:04:49+00:00,72.0,17.0,Python,2025-03-03T09:14:34,399.0,GitHubActions,2020-07-08 19:30:46+00:00,39.90196078431372,0.2361111111111111,0.017910447761194,0.5062189054726368,4020,496.84,13.622828066726417,low,high,GitHubActions,Python,9,open_issue_ratio=low | project_age_days=high | ci_type=GitHubActions | mainLanguage=Python,PGAi
astrazeneca-ngs/vardictjava,master,97545.0,32.0,512.0,40.0,125.0,,2014-11-19 08:52:27+00:00,285.0,60.0,Java,2024-01-05T02:03:51,102.0,TravisCI,2018-06-18 14:02:59+00:00,,0.2105263157894736,0.0718065003779289,0.1289997480473671,3969,0.0,8.808359122824532,low,high,TravisCI,Java,10,open_issue_ratio=low | project_age_days=high | ci_type=TravisCI | mainLanguage=Java,JTAi
jenkinsci/build-monitor-plugin,master,20015.0,60.0,983.0,41.0,726.0,48.0,2013-07-06 11:39:57+00:00,349.0,131.0,Java,2025-04-21T11:38:10,748.0,TravisCI,2018-06-12 20:08:15+00:00,20.479166666666668,0.3753581661891118,0.078076062639821,0.219910514541387,4470,201.68,8.905293304365001,high,high,TravisCI,Java,2,open_issue_ratio=high | project_age_days=high | ci_type=TravisCI | mainLanguage=Java,JTAI
mcmi460/nso-rpc,main,1127.0,15.0,168.0,14.0,334.0,6.0,2022-03-26 04:57:09+00:00,118.0,39.0,Python,2024-12-27T10:31:36,50.0,GitHubActions,2023-04-28 12:53:51+00:00,28.0,0.3305084745762712,0.091828793774319,0.1307392996108949,1285,104.13,0.0,low,low,GitHubActions,Python,13,open_issue_ratio=low | project_age_days=low | ci_type=GitHubActions | mainLanguage=Python,PGai
asamk/signal-cli,master,6507.0,98.0,1973.0,64.0,3474.0,64.0,2015-05-11 10:49:42+00:00,1199.0,72.0,Java,2025-04-26T07:04:05,200.0,TravisCI,2018-05-08 20:43:18+00:00,30.828125,0.0600500417014178,0.315858798735511,0.5197576396206534,3796,76.8,0.5429314103639108,low,high,TravisCI,Java,10,open_issue_ratio=low | project_age_days=high | ci_type=TravisCI | mainLanguage=Java,JTAi
playframework/play1,master,986608.0,23.0,4452.0,105.0,1580.0,272.0,2010-08-13 10:08:50+00:00,204.0,85.0,Java,2024-09-08T09:20:58,1285.0,TravisCI,2013-05-14 07:32:56+00:00,16.36764705882353,0.4166666666666667,0.036903039073806,0.8053545586107091,5528,107.7,22.89399336690824,high,high,TravisCI,Java,2,open_issue_ratio=high | project_age_days=high | ci_type=TravisCI | mainLanguage=Java,JTAI
3rd-party-integrations/github-team-sync,main,797.0,16.0,422.0,229.0,201.0,28.0,2018-11-12 05:51:40+00:00,78.0,14.0,Python,2025-03-19T11:04:21,130.0,GitHubActions,2020-08-12 22:16:49+00:00,15.071428571428571,0.1794871794871795,0.031013916500994,0.16779324055666,2515,135.17,0.0,low,low,GitHubActions,Python,13,open_issue_ratio=low | project_age_days=low | ci_type=GitHubActions | mainLanguage=Python,PGai
farama-foundation/microrts-py,master,47170.0,17.0,576.0,11.0,214.0,10.0,2019-04-03 09:26:51+00:00,38.0,13.0,Python,2024-07-01T09:50:56,102.0,GitHubActions,2020-11-13 19:52:14+00:00,57.6,0.3421052631578947,0.0160134850400337,0.2427307206068268,2373,65.4,5.766035227650383,low,low,GitHubActions,Python,13,open_issue_ratio=low | project_age_days=low | ci_type=GitHubActions | mainLanguage=Python,PGai
elastic/eland,main,21905.0,35.0,598.0,206.0,670.0,44.0,2019-06-11 07:24:06+00:00,277.0,73.0,Python,2025-04-25T12:19:23,508.0,GitHubActions,2020-10-27 16:28:55+00:00,13.590909090909092,0.2635379061371841,0.1202256944444444,0.2595486111111111,2304,122.18,51.27378435517971,low,low,GitHubActions,Python,13,open_issue_ratio=low | project_age_days=low | ci_type=GitHubActions | mainLanguage=Python,PGai
thingsboard/thingsboard-python-client-sdk,master,340.0,37.0,329.0,11.0,125.0,18.0,2019-03-07 01:29:42+00:00,49.0,24.0,Python,2025-04-24T09:02:10,41.0,GitHubActions,2023-06-23 09:38:58+00:00,18.27777777777778,0.4897959183673469,0.0204166666666666,0.1370833333333333,2400,376.16,33.977992664221404,high,low,GitHubActions,Python,5,open_issue_ratio=high | project_age_days=low | ci_type=GitHubActions | mainLanguage=Python,PGaI
circleguard/circlecore,master,31040.0,59.0,2040.0,3.0,40.0,16.0,2018-11-10 09:38:21+00:00,38.0,9.0,Python,2025-03-04T01:30:55,146.0,GitHubActions,2024-02-19 01:46:59+00:00,127.5,0.2368421052631578,0.0150973381009137,0.8104886769964244,2517,78.9,24.430176565008026,low,low,GitHubActions,Python,13,open_issue_ratio=low | project_age_days=low | ci_type=GitHubActions | mainLanguage=Python,PGai
wagtail/django-modelcluster,main,403.0,31.0,408.0,22.0,493.0,31.0,2014-01-30 03:26:05+00:00,78.0,18.0,Python,2025-01-20T02:21:18,120.0,TravisCI,2015-04-02 11:02:05+00:00,13.161290322580646,0.2307692307692307,0.018301267010793,0.0957297043641483,4262,378.74,98.20900712919492,low,high,TravisCI,Python,11,open_issue_ratio=low | project_age_days=high | ci_type=TravisCI | mainLanguage=Python,PTAi
streamthoughts/kafka-connect-file-pulse,master,17270.0,45.0,807.0,6.0,326.0,28.0,2019-02-15 03:11:40+00:00,321.0,28.0,Java,2025-03-19T11:53:43,390.0,GitHubActions,2021-01-05 16:12:06+00:00,28.821428571428573,0.087227414330218,0.1326446280991735,0.3334710743801652,2420,81.18,8.344714010282777,low,low,GitHubActions,Java,12,open_issue_ratio=low | project_age_days=low | ci_type=GitHubActions | mainLanguage=Java,JGai
radarlabs/react-native-radar,master,15271.0,156.0,257.0,11.0,181.0,17.0,2017-03-19 09:40:04+00:00,88.0,6.0,Java,2025-04-11T04:24:40,297.0,GitHubActions,2022-01-04 23:42:07+00:00,15.117647058823527,0.0681818181818181,0.0282232200128287,0.0824246311738293,3118,157.29,0.0,low,low,GitHubActions,Java,12,open_issue_ratio=low | project_age_days=low | ci_type=GitHubActions | mainLanguage=Java,JGai
eiiches/jackson-jq,develop/1.x,951.0,16.0,517.0,17.0,284.0,16.0,2015-11-09 11:01:54+00:00,81.0,14.0,Java,2024-12-15T12:04:06,337.0,GitHubActions,2019-09-17 17:52:42+00:00,32.3125,0.1728395061728395,0.0224128389596015,0.143054786939679,3614,260.03,10.301198074123835,low,high,GitHubActions,Java,8,open_issue_ratio=low | project_age_days=high | ci_type=GitHubActions | mainLanguage=Java,JGAi
movingblocks/terasologylauncher,master,10877.0,36.0,1141.0,43.0,153.0,63.0,2013-02-16 02:40:00+00:00,291.0,42.0,Java,2024-06-29T04:47:37,424.0,GitHubActions,2019-11-22 22:14:22+00:00,18.11111111111111,0.1443298969072164,0.0631236442516268,0.2475054229934924,4610,344.84,16.142370682665803,low,high,GitHubActions,Java,8,open_issue_ratio=low | project_age_days=high | ci_type=GitHubActions | mainLanguage=Java,JGAi
aehmttw/tanks,master,232176.0,46.0,456.0,5.0,47.0,18.0,2018-04-13 05:14:10+00:00,18.0,8.0,Java,2025-03-15T07:20:17,51.0,GitHubActions,2023-04-14 01:54:47+00:00,25.33333333333333,0.4444444444444444,0.0065982404692082,0.1671554252199413,2728,9.99,0.7682472746848504,high,low,GitHubActions,Java,4,open_issue_ratio=high | project_age_days=low | ci_type=GitHubActions | mainLanguage=Java,JGaI
openml/automlbenchmark,master,120256.0,14.0,1374.0,14.0,429.0,42.0,2018-08-06 05:45:16+00:00,252.0,99.0,Python,2025-04-19T03:23:36,441.0,TravisCI,2020-10-05 17:04:15+00:00,32.714285714285715,0.3928571428571428,0.0964408725602755,0.5258323765786452,2613,198.85,6.068918223898509,high,low,TravisCI,Python,7,open_issue_ratio=high | project_age_days=low | ci_type=TravisCI | mainLanguage=Python,PTaI
certcc/ssvc,main,8166.0,20.0,679.0,12.0,146.0,23.0,2020-01-23 02:16:42+00:00,339.0,79.0,Python,2025-04-03T05:43:06,403.0,GitHubActions,2023-05-03 15:07:51+00:00,29.52173913043478,0.2330383480825958,0.1631376323387873,0.3267564966313763,2078,121.62,6.262303984793973,low,low,GitHubActions,Python,13,open_issue_ratio=low | project_age_days=low | ci_type=GitHubActions | mainLanguage=Python,PGai
sentry-demos/android,main,269150.0,54.0,408.0,0.0,17.0,21.0,2018-01-04 06:31:30+00:00,52.0,14.0,Java,2025-04-22T03:01:47,117.0,GitHubActions,2024-01-30 00:03:41+00:00,19.428571428571427,0.2692307692307692,0.0183940573045631,0.1443226034665723,2827,87.12,2.537878787878788,low,low,GitHubActions,Java,12,open_issue_ratio=low | project_age_days=low | ci_type=GitHubActions | mainLanguage=Java,JGai
btrplace/scheduler,master,92829.0,39.0,3213.0,8.0,54.0,11.0,2013-02-25 10:14:20+00:00,219.0,27.0,Java,2024-06-27T11:31:38,284.0,TravisCI,2014-10-06 06:14:52+00:00,292.09090909090907,0.1232876712328767,0.0475983481851771,0.6983264507715714,4601,82.71,55.07742167806986,low,high,TravisCI,Java,10,open_issue_ratio=low | project_age_days=high | ci_type=TravisCI | mainLanguage=Java,JTAi
halestudio/hale,master,368925.0,18.0,9691.0,14.0,146.0,58.0,2013-09-02 01:38:58+00:00,454.0,99.0,Java,2025-04-24T09:47:04,895.0,TravisCI,2018-05-16 11:05:02+00:00,167.08620689655172,0.2180616740088105,0.1029011786038077,2.196509519492294,4412,764.68,6.310322024392489,low,high,TravisCI,Java,10,open_issue_ratio=low | project_age_days=high | ci_type=TravisCI | mainLanguage=Java,JTAi
ladysnake/effective,1.21.1,78644.0,27.0,349.0,8.0,219.0,23.0,2021-12-14 03:04:13+00:00,258.0,26.0,Java,2025-02-20T09:16:20,50.0,GitHubActions,2024-01-02 12:39:17+00:00,15.173913043478262,0.1007751937984496,0.1860129776496034,0.2516222062004326,1387,78.88,0.0,low,low,GitHubActions,Java,12,open_issue_ratio=low | project_age_days=low | ci_type=GitHubActions | mainLanguage=Java,JGai
guardsquare/proguard,master,7051.0,32.0,537.0,70.0,3066.0,56.0,2019-03-27 04:35:35+00:00,362.0,166.0,Java,2025-03-24T12:28:56,101.0,GitHubActions,2020-05-28 13:37:40+00:00,9.589285714285714,0.4585635359116022,0.1521008403361344,0.2256302521008403,2380,67.79,1.2386122128517862,high,low,GitHubActions,Java,4,open_issue_ratio=high | project_age_days=low | ci_type=GitHubActions | mainLanguage=Java,JGaI
gocd/docker-registry-artifact-plugin,master,2104.0,444.0,879.0,10.0,22.0,17.0,2018-03-29 11:21:47+00:00,24.0,5.0,Java,2025-04-01T10:58:50,1131.0,GitHubActions,2020-11-04 06:17:24+00:00,51.70588235294117,0.2083333333333333,0.0087495442945679,0.3204520597885527,2743,48.77,50.95729013254786,low,low,GitHubActions,Java,12,open_issue_ratio=low | project_age_days=low | ci_type=GitHubActions | mainLanguage=Java,JGai
bram-hub/legup,master,377764.0,22.0,2195.0,3.0,34.0,106.0,2018-02-14 10:28:14+00:00,299.0,50.0,Java,2025-02-07T05:50:24,586.0,GitHubActions,2020-09-19 01:04:38+00:00,20.70754716981132,0.1672240802675585,0.1073223259152907,0.7878679109834889,2786,126.13,25.820292781423525,low,low,GitHubActions,Java,12,open_issue_ratio=low | project_age_days=low | ci_type=GitHubActions | mainLanguage=Java,JGai
adobe/aem-core-cif-components,master,19610.0,49.0,892.0,32.0,105.0,37.0,2019-05-01 07:40:37+00:00,126.0,45.0,Java,2025-04-22T12:39:50,910.0,GitHubActions,2020-11-03 10:47:19+00:00,24.10810810810811,0.3571428571428571,0.053731343283582,0.3803837953091684,2345,78.26,8.498444458948324,high,low,GitHubActions,Java,4,open_issue_ratio=high | project_age_days=low | ci_type=GitHubActions | mainLanguage=Java,JGaI
tohojo/flent,main,7919.0,25.0,2498.0,27.0,458.0,23.0,2012-10-09 01:43:29+00:00,240.0,55.0,Python,2025-03-28T11:23:34,78.0,TravisCI,2017-05-31 14:02:23+00:00,108.6086956521739,0.2291666666666666,0.050632911392405,0.5270042194092827,4740,111.86,12.881877130824254,low,high,TravisCI,Python,11,open_issue_ratio=low | project_age_days=high | ci_type=TravisCI | mainLanguage=Python,PTAi
barneygale/quarry,master,566.0,13.0,420.0,20.0,534.0,22.0,2014-07-02 07:10:31+00:00,159.0,48.0,Python,2025-01-15T09:23:41,46.0,TravisCI,2017-02-17 17:39:59+00:00,19.09090909090909,0.3018867924528302,0.0386955463616451,0.1022146507666098,4109,104.44,6.291091916978213,low,high,TravisCI,Python,11,open_issue_ratio=low | project_age_days=high | ci_type=TravisCI | mainLanguage=Python,PTAi
semanticarts/ontology-toolkit,develop,25826.0,13.0,191.0,12.0,34.0,11.0,2019-12-31 12:49:54+00:00,78.0,28.0,Python,2024-12-30T09:26:36,64.0,GitHubActions,2021-06-28 14:02:18+00:00,17.363636363636363,0.358974358974359,0.037125178486435,0.0909090909090909,2101,127.32,19.31464174454829,high,low,GitHubActions,Python,5,open_issue_ratio=high | project_age_days=low | ci_type=GitHubActions | mainLanguage=Python,PGaI
hyperspy/hyperspy,RELEASE_next_minor,315273.0,44.0,16453.0,23.0,539.0,114.0,2011-08-19 01:14:36+00:00,1259.0,251.0,Python,2025-03-02T02:02:32,2183.0,TravisCI,2015-06-02 12:46:00+00:00,144.32456140350877,0.1993645750595711,0.2441341865425635,3.190420787279426,5157,261.88,50.46520657472785,low,high,TravisCI,Python,11,open_issue_ratio=low | project_age_days=high | ci_type=TravisCI | mainLanguage=Python,PTAi
zowe/api-layer,v3.x.x,53662.0,45.0,2419.0,19.0,57.0,77.0,2018-10-30 12:42:00+00:00,1575.0,129.0,Java,2025-04-25T12:37:39,2460.0,GitHubActions,2021-03-08 09:30:33+00:00,31.415584415584416,0.0819047619047619,0.6230221518987342,0.9568829113924052,2528,152.86,36.04023808695047,low,low,GitHubActions,Java,12,open_issue_ratio=low | project_age_days=low | ci_type=GitHubActions | mainLanguage=Java,JGai
nautechsystems/nautilus_trader,develop,139075.0,123.0,14337.0,92.0,5742.0,81.0,2018-06-25 06:26:16+00:00,664.0,64.0,Python,2025-04-26T10:24:53,1700.0,GitHubActions,2020-07-18 01:12:27+00:00,177.0,0.0963855421686747,0.2500941619585687,5.4,2655,38.0,13.511634281741053,low,low,GitHubActions,Python,13,open_issue_ratio=low | project_age_days=low | ci_type=GitHubActions | mainLanguage=Python,PGai
palantir/dialogue,develop,9635.0,444.0,2557.0,255.0,28.0,31.0,2019-01-09 09:49:50+00:00,65.0,17.0,Java,2025-04-25T05:52:36,2498.0,GitHubActions,2020-02-13 00:45:43+00:00,82.48387096774194,0.2615384615384615,0.0264550264550264,1.0407000407000406,2457,65.01,52.65300796032886,low,low,GitHubActions,Java,12,open_issue_ratio=low | project_age_days=low | ci_type=GitHubActions | mainLanguage=Java,JGai
felixbaensch/mortar,main,47862.0,16.0,901.0,3.0,20.0,11.0,2019-11-07 10:10:49+00:00,80.0,29.0,Java,2025-02-24T01:45:47,67.0,GitHubActions,2023-07-06 14:49:16+00:00,81.9090909090909,0.3625,0.037122969837587,0.4180974477958236,2155,47.14,7.210791322185616,high,low,GitHubActions,Java,4,open_issue_ratio=high | project_age_days=low | ci_type=GitHubActions | mainLanguage=Java,JGaI
folio-fse/folioclient,master,154.0,56.0,166.0,3.0,10.0,6.0,2019-07-06 09:16:41+00:00,43.0,6.0,Python,2025-04-24T06:32:20,47.0,GitHubActions,2021-07-28 08:21:56+00:00,27.666666666666668,0.1395348837209302,0.0188679245283018,0.0728389644580956,2279,34.57,30.32440056417489,low,low,GitHubActions,Python,13,open_issue_ratio=low | project_age_days=low | ci_type=GitHubActions | mainLanguage=Python,PGai
erikzimmermann/tradesystem,develop,1457.0,60.0,974.0,4.0,89.0,31.0,2018-07-05 08:52:03+00:00,437.0,17.0,Java,2025-03-30T02:25:44,141.0,GitHubActions,2020-09-21 09:52:52+00:00,31.41935483870968,0.0389016018306636,0.1652173913043478,0.368241965973535,2645,68.14,0.0,low,low,GitHubActions,Java,12,open_issue_ratio=low | project_age_days=low | ci_type=GitHubActions | mainLanguage=Java,JGai
systems-modeling/sysml-v2-pilot-implementation,master,565397.0,73.0,4246.0,30.0,148.0,24.0,2018-01-09 06:34:23+00:00,58.0,13.0,Java,2025-04-21T09:22:02,582.0,TravisCI,2020-12-18 22:00:39+00:00,176.91666666666666,0.2241379310344827,0.0205527994330262,1.5046066619418852,2822,47.47,0.250439336757958,low,low,TravisCI,Java,14,open_issue_ratio=low | project_age_days=low | ci_type=TravisCI | mainLanguage=Java,JTai
opentsdb/opentsdb,master,41493.0,27.0,1712.0,334.0,5007.0,,2010-08-27 02:05:20+00:00,1109.0,522.0,Java,2024-12-12T08:01:51,1190.0,TravisCI,2014-07-02 19:44:59+00:00,,0.4706943192064923,0.2011244105912223,0.3104824084149438,5514,0.0,69.13663714420932,high,high,TravisCI,Java,2,open_issue_ratio=high | project_age_days=high | ci_type=TravisCI | mainLanguage=Java,JTAI
openenergyplatform/oeplatform,develop,161363.0,76.0,6876.0,12.0,62.0,64.0,2015-11-20 02:21:02+00:00,1133.0,136.0,Python,2025-04-16T11:05:41,798.0,TravisCI,2017-09-11 13:25:30+00:00,107.4375,0.1200353045013239,0.3144601720788232,1.9084096586178183,3603,534.56,1.279852069801655,low,high,TravisCI,Python,11,open_issue_ratio=low | project_age_days=high | ci_type=TravisCI | mainLanguage=Python,PTAi
jacksund/simmate,main,129623.0,31.0,1402.0,2.0,30.0,10.0,2020-12-10 02:01:36+00:00,192.0,38.0,Python,2025-04-20T05:01:40,524.0,GitHubActions,2021-12-13 19:47:47+00:00,140.2,0.1979166666666666,0.1093394077448747,0.7984054669703873,1756,57.95,7.327218892178811,low,low,GitHubActions,Python,13,open_issue_ratio=low | project_age_days=low | ci_type=GitHubActions | mainLanguage=Python,PGai
getsimpl/cloudlift,master,642.0,19.0,439.0,13.0,25.0,20.0,2019-03-01 02:01:29+00:00,18.0,11.0,Python,2024-10-07T09:57:40,143.0,GitHubActions,2024-05-28 11:45:59+00:00,21.95,0.6111111111111112,0.0074812967581047,0.1824605153782211,2406,253.63,16.144182223787716,high,low,GitHubActions,Python,5,open_issue_ratio=high | project_age_days=low | ci_type=GitHubActions | mainLanguage=Python,PGaI
jdemetra/jdemetra-app,develop,7180.0,28.0,1205.0,28.0,77.0,11.0,2014-12-18 10:01:36+00:00,304.0,101.0,Java,2025-04-05T12:57:22,672.0,TravisCI,2016-06-24 13:55:44+00:00,109.54545454545456,0.3322368421052631,0.0771573604060913,0.3058375634517766,3940,121.54,6.064380930205483,low,high,TravisCI,Java,10,open_issue_ratio=low | project_age_days=high | ci_type=TravisCI | mainLanguage=Java,JTAi
jdholtz/auto-southwest-check-in,master,793.0,22.0,434.0,15.0,498.0,21.0,2021-09-10 10:56:24+00:00,173.0,10.0,Python,2025-03-10T05:57:59,71.0,GitHubActions,2022-10-10 12:29:12+00:00,20.666666666666668,0.0578034682080924,0.1167341430499325,0.2928475033738191,1482,19.55,25.567518484887792,low,low,GitHubActions,Python,13,open_issue_ratio=low | project_age_days=low | ci_type=GitHubActions | mainLanguage=Python,PGai
pingidentity/scim2,master,2450.0,18.0,522.0,28.0,190.0,30.0,2015-03-21 01:38:42+00:00,96.0,16.0,Java,2025-04-22T11:24:03,152.0,TravisCI,2017-04-19 16:34:33+00:00,17.4,0.1666666666666666,0.0249545100077982,0.1356901481674031,3847,700.19,49.40999381770288,low,high,TravisCI,Java,10,open_issue_ratio=low | project_age_days=high | ci_type=TravisCI | mainLanguage=Java,JTAi
comictagger/comictagger,develop,21505.0,68.0,1655.0,27.0,640.0,27.0,2015-01-23 04:36:02+00:00,422.0,28.0,Python,2025-04-24T01:57:28,236.0,TravisCI,2019-09-24 22:30:23+00:00,61.2962962962963,0.0663507109004739,0.1080942622950819,0.4239241803278688,3904,241.51,7.525090940965069,low,high,TravisCI,Python,11,open_issue_ratio=low | project_age_days=high | ci_type=TravisCI | mainLanguage=Python,PTAi
countly/countly-sdk-android,master,12857.0,87.0,2413.0,64.0,685.0,31.0,2012-05-29 09:07:15+00:00,113.0,5.0,Java,2024-12-23T02:17:38,358.0,TravisCI,2014-12-12 17:31:46+00:00,77.83870967741936,0.0442477876106194,0.0231890006156371,0.4951775087215267,4873,101.09,55.27051471797402,low,high,TravisCI,Java,10,open_issue_ratio=low | project_age_days=high | ci_type=TravisCI | mainLanguage=Java,JTAi
internetarchive/heritrix3,master,11513.0,18.0,2688.0,187.0,2954.0,63.0,2011-10-21 10:00:17+00:00,163.0,34.0,Java,2025-04-24T02:02:17,432.0,TravisCI,2016-04-14 11:07:11+00:00,42.66666666666666,0.2085889570552147,0.0319984295249312,0.5276796230859835,5094,280.12,20.226356659759062,low,high,TravisCI,Java,10,open_issue_ratio=low | project_age_days=high | ci_type=TravisCI | mainLanguage=Java,JTAi
kdeyev/eyeonwater,master,1130.0,58.0,191.0,3.0,28.0,3.0,2021-12-15 05:08:16+00:00,58.0,8.0,Python,2025-01-07T11:27:46,54.0,GitHubActions,2023-08-19 21:24:29+00:00,63.66666666666666,0.1379310344827586,0.0418470418470418,0.1378066378066378,1386,28.55,0.0,low,low,GitHubActions,Python,13,open_issue_ratio=low | project_age_days=low | ci_type=GitHubActions | mainLanguage=Python,PGai
barend/java-iban,main,550.0,17.0,471.0,9.0,117.0,5.0,2013-04-07 08:46:56+00:00,18.0,1.0,Java,2025-04-02T07:35:05,167.0,TravisCI,2015-11-02 21:09:01+00:00,94.2,0.0555555555555555,0.0039473684210526,0.1032894736842105,4560,134.25,27.03592814371257,low,high,TravisCI,Java,10,open_issue_ratio=low | project_age_days=high | ci_type=TravisCI | mainLanguage=Java,JTAi
dgasmith/opt_einsum,main,4306.0,20.0,362.0,19.0,888.0,28.0,2014-12-12 05:31:24+00:00,136.0,29.0,Python,2025-03-16T09:36:21,112.0,TravisCI,2016-03-23 12:59:32+00:00,12.928571428571429,0.213235294117647,0.0344652812975164,0.0917384693360365,3946,158.14,36.99628252788104,low,high,TravisCI,Python,11,open_issue_ratio=low | project_age_days=high | ci_type=TravisCI | mainLanguage=Python,PTAi
javaparser/javaparser,master,45708.0,54.0,9689.0,143.0,5762.0,284.0,2011-10-30 02:03:44+00:00,2330.0,410.0,Java,2025-04-22T07:31:19,2404.0,TravisCI,2015-02-24 15:25:43+00:00,34.11619718309859,0.1759656652360515,0.4582104228121927,1.9054080629301868,5085,164.17,87.9773918700286,low,high,TravisCI,Java,10,open_issue_ratio=low | project_age_days=high | ci_type=TravisCI | mainLanguage=Java,JTAi
ai4os/deepaas,master,2971.0,22.0,373.0,8.0,35.0,17.0,2018-05-28 05:32:58+00:00,50.0,23.0,Python,2024-09-26T08:19:00,140.0,GitHubActions,2023-03-15 12:13:33+00:00,21.94117647058824,0.46,0.0186358553857622,0.139023481177786,2683,143.2,26.963425007088176,high,low,GitHubActions,Python,5,open_issue_ratio=high | project_age_days=low | ci_type=GitHubActions | mainLanguage=Python,PGaI
bbottema/simple-java-mail,master,29364.0,132.0,2104.0,37.0,1247.0,,2015-04-17 06:28:59+00:00,486.0,20.0,Java,2025-04-18T01:32:20,107.0,TravisCI,2016-05-07 16:50:52+00:00,,0.0411522633744856,0.1272251308900523,0.5507853403141362,3820,0.0,34.22418165502712,low,high,TravisCI,Java,10,open_issue_ratio=low | project_age_days=high | ci_type=TravisCI | mainLanguage=Java,JTAi
enthought/traits,main,55924.0,21.0,3379.0,63.0,448.0,107.0,2011-01-28 04:46:40+00:00,729.0,228.0,Python,2025-04-14T11:05:12,1106.0,TravisCI,2013-03-16 16:27:54+00:00,31.57943925233645,0.3127572016460905,0.1360074626865671,0.630410447761194,5360,209.08,74.29298154854284,low,high,TravisCI,Python,11,open_issue_ratio=low | project_age_days=high | ci_type=TravisCI | mainLanguage=Python,PTAi
snowflakedb/snowflake-ingest-java,master,49536.0,49.0,835.0,17.0,77.0,59.0,2016-10-05 10:08:01+00:00,323.0,38.0,Java,2025-04-17T05:30:53,674.0,TravisCI,2018-10-19 21:57:02+00:00,14.152542372881356,0.1176470588235294,0.0983856229058787,0.254340542187024,3283,36.57,61.29289319262998,low,low,TravisCI,Java,14,open_issue_ratio=low | project_age_days=low | ci_type=TravisCI | mainLanguage=Java,JTai
logzio/sawmill,master,113174.0,26.0,824.0,64.0,116.0,48.0,2016-09-26 05:10:59+00:00,23.0,5.0,Java,2024-08-22T11:31:42,296.0,TravisCI,2018-02-12 11:52:20+00:00,17.166666666666668,0.217391304347826,0.0069866342648845,0.2503037667071689,3292,152.21,55.83671693735499,low,low,TravisCI,Java,14,open_issue_ratio=low | project_age_days=low | ci_type=TravisCI | mainLanguage=Java,JTai
jaroslawhartman/withings-sync,master,524.0,22.0,289.0,33.0,497.0,32.0,2020-08-18 05:38:53+00:00,126.0,28.0,Python,2024-11-29T03:25:48,74.0,GitHubActions,2022-03-10 02:56:57+00:00,9.03125,0.2222222222222222,0.067379679144385,0.1545454545454545,1870,73.16,0.0,low,low,GitHubActions,Python,13,open_issue_ratio=low | project_age_days=low | ci_type=GitHubActions | mainLanguage=Python,PGai
rhayes777/pyautofit,main,27432.0,19.0,8048.0,7.0,63.0,13.0,2018-11-18 03:51:34+00:00,425.0,43.0,Python,2025-04-09T05:44:54,702.0,GitHubActions,2021-02-03 15:53:51+00:00,619.0769230769231,0.1011764705882353,0.169390195296931,3.207652451175768,2509,103.45,45.91808622985445,low,low,GitHubActions,Python,13,open_issue_ratio=low | project_age_days=low | ci_type=GitHubActions | mainLanguage=Python,PGai
bluesabre/mugshot,master,1561.0,14.0,504.0,3.0,76.0,6.0,2019-05-27 10:31:01+00:00,19.0,10.0,Python,2025-03-26T12:29:05,43.0,GitHubActions,2022-09-27 02:59:17+00:00,84.0,0.5263157894736842,0.0081931867184131,0.2173350582147477,2319,259.24,0.0,high,low,GitHubActions,Python,5,open_issue_ratio=high | project_age_days=low | ci_type=GitHubActions | mainLanguage=Python,PGaI
sage-bionetworks/synapsepythonclient,develop,20813.0,45.0,5164.0,27.0,72.0,67.0,2012-08-21 03:32:00+00:00,71.0,3.0,Python,2025-04-23T07:21:07,1121.0,TravisCI,2015-11-12 22:10:10+00:00,77.07462686567165,0.0422535211267605,0.014825642096471,1.078304447692629,4789,152.72,91.3337829425192,low,high,TravisCI,Python,11,open_issue_ratio=low | project_age_days=high | ci_type=TravisCI | mainLanguage=Python,PTAi
vazkiimods/quark,master,125478.0,38.0,7216.0,32.0,601.0,209.0,2016-03-17 06:21:36+00:00,4418.0,169.0,Java,2025-04-17T03:49:20,601.0,GitHubActions,2023-06-11 21:49:37+00:00,34.526315789473685,0.0382526029877772,1.2677187948350073,2.070588235294118,3485,39.31,0.0386069331617469,low,low,GitHubActions,Java,12,open_issue_ratio=low | project_age_days=low | ci_type=GitHubActions | mainLanguage=Java,JGai
mkorpela/pabot,main,1549.0,32.0,1277.0,43.0,493.0,46.0,2013-12-31 01:55:54+00:00,429.0,134.0,Python,2025-04-13T06:32:38,191.0,TravisCI,2016-05-07 19:26:16+00:00,27.76086956521739,0.3123543123543124,0.0999534016775396,0.2975302889095992,4292,134.35,47.75757575757576,low,high,TravisCI,Python,11,open_issue_ratio=low | project_age_days=high | ci_type=TravisCI | mainLanguage=Python,PTAi
pecos-packages/pecos,master,8357.0,24.0,101.0,3.0,39.0,4.0,2018-09-29 06:29:15+00:00,41.0,23.0,Python,2024-02-08T01:14:03,90.0,GitHubActions,2024-02-08 00:19:06+00:00,25.25,0.5609756097560976,0.016021883548261,0.0394685423993747,2559,341.55,11.66774926924326,high,low,GitHubActions,Python,5,open_issue_ratio=high | project_age_days=low | ci_type=GitHubActions | mainLanguage=Python,PGaI
hyphaapp/hypha,main,31346.0,242.0,7930.0,13.0,71.0,43.0,2015-11-05 01:13:25+00:00,1989.0,74.0,Python,2025-04-25T07:20:17,2468.0,TravisCI,2017-12-08 15:19:25+00:00,184.4186046511628,0.0372046254399195,0.5497512437810945,2.1918186843559977,3618,193.19,9.672897707984276,low,high,TravisCI,Python,11,open_issue_ratio=low | project_age_days=high | ci_type=TravisCI | mainLanguage=Python,PTAi
curent/andes,master,60675.0,18.0,4614.0,14.0,261.0,26.0,2016-11-07 01:04:50+00:00,72.0,9.0,Python,2025-04-18T09:59:39,285.0,TravisCI,2018-09-04 19:12:28+00:00,177.46153846153845,0.125,0.0221538461538461,1.4196923076923076,3250,59.81,5.218293196771788,low,low,TravisCI,Python,15,open_issue_ratio=low | project_age_days=low | ci_type=TravisCI | mainLanguage=Python,PTai
electricitymachine/scr-sgplus,master,1040.0,17.0,134.0,3.0,11.0,5.0,2022-04-25 10:45:41+00:00,49.0,27.0,Python,2024-04-30T01:14:22,31.0,GitHubActions,2023-11-05 02:37:42+00:00,26.8,0.5510204081632653,0.0390438247011952,0.1067729083665338,1255,24.04,0.0,high,low,GitHubActions,Python,5,open_issue_ratio=high | project_age_days=low | ci_type=GitHubActions | mainLanguage=Python,PGaI
cloudinary/cloudinary_java,master,2279.0,48.0,747.0,31.0,162.0,,2012-10-11 07:51:00+00:00,93.0,16.0,Java,2025-02-05T11:00:49,280.0,TravisCI,2017-04-27 11:17:34+00:00,,0.1720430107526881,0.0196285352469396,0.15766146053187,4738,0.0,31.842019770733742,low,high,TravisCI,Java,10,open_issue_ratio=low | project_age_days=high | ci_type=TravisCI | mainLanguage=Java,JTAi
restfb/restfb,master,19270.0,172.0,2418.0,62.0,754.0,75.0,2011-09-11 03:06:54+00:00,1314.0,23.0,Java,2025-04-21T03:39:34,246.0,TravisCI,2015-08-04 22:42:44+00:00,32.24,0.017503805175038,0.2559407869107908,0.4709777950915465,5134,38.81,42.04002622623248,low,high,TravisCI,Java,10,open_issue_ratio=low | project_age_days=high | ci_type=TravisCI | mainLanguage=Java,JTAi
alexdelorenzo/cast_control,master,3231.0,38.0,736.0,8.0,482.0,3.0,2020-04-20 10:19:12+00:00,24.0,9.0,Python,2024-11-18T05:32:06,5.0,GitHubActions,2024-09-30 04:36:30+00:00,245.3333333333333,0.375,0.0120603015075376,0.3698492462311558,1990,152.07,0.0,high,low,GitHubActions,Python,5,open_issue_ratio=high | project_age_days=low | ci_type=GitHubActions | mainLanguage=Python,PGaI
stefanfoulis/django-phonenumber-field,main,558.0,13.0,620.0,21.0,1510.0,112.0,2011-08-31 05:52:05+00:00,229.0,6.0,Python,2025-04-10T08:12:54,401.0,TravisCI,2014-04-29 15:20:05+00:00,5.535714285714286,0.0262008733624454,0.0445092322643343,0.1205053449951409,5145,379.62,49.97222222222222,low,high,TravisCI,Python,11,open_issue_ratio=low | project_age_days=high | ci_type=TravisCI | mainLanguage=Python,PTAi
majekdev/hexnicks,main,2419.0,27.0,228.0,1.0,27.0,11.0,2020-09-05 04:44:30+00:00,40.0,12.0,Java,2025-01-13T01:57:09,90.0,GitHubActions,2021-10-15 01:40:29+00:00,20.727272727272727,0.3,0.0215982721382289,0.1231101511879049,1852,48.26,0.4569952561905471,low,low,GitHubActions,Java,12,open_issue_ratio=low | project_age_days=low | ci_type=GitHubActions | mainLanguage=Java,JGai
telefonicaid/perseo-core,master,636.0,18.0,589.0,18.0,11.0,27.0,2015-01-20 10:07:16+00:00,43.0,11.0,Java,2025-04-10T01:37:15,193.0,TravisCI,2018-05-22 18:31:34+00:00,21.814814814814813,0.2558139534883721,0.011005886869721,0.1507550550294343,3907,71.8,53.536977491961416,low,high,TravisCI,Java,10,open_issue_ratio=low | project_age_days=high | ci_type=TravisCI | mainLanguage=Java,JTAi
ibm/ibmi-bob,master,4979.0,67.0,1364.0,15.0,50.0,30.0,2021-02-12 04:15:27+00:00,158.0,28.0,Python,2025-03-14T09:09:01,183.0,GitHubActions,2022-12-28 05:59:26+00:00,45.46666666666667,0.1772151898734177,0.0933806146572104,0.806146572104019,1692,75.93,28.20821423198436,low,low,GitHubActions,Python,13,open_issue_ratio=low | project_age_days=low | ci_type=GitHubActions | mainLanguage=Python,PGai
modlinltd/django-advanced-filters,develop,652.0,13.0,300.0,19.0,731.0,33.0,2013-11-09 07:54:45+00:00,91.0,40.0,Python,2024-03-28T11:39:19,100.0,TravisCI,2015-02-22 14:06:36+00:00,9.090909090909092,0.4395604395604395,0.0209484346224677,0.0690607734806629,4344,149.12,31.1623246492986,high,high,TravisCI,Python,3,open_issue_ratio=high | project_age_days=high | ci_type=TravisCI | mainLanguage=Python,PTAI
hiero-ledger/hiero-mirror-node,main,598443.0,472.0,6614.0,31.0,168.0,91.0,2019-07-17 10:04:38+00:00,3020.0,220.0,Java,2025-04-25T08:23:33,7826.0,GitHubActions,2020-08-11 18:58:04+00:00,72.68131868131869,0.0728476821192053,1.3315696649029982,2.916225749559083,2268,56.12,20.27704923922612,low,low,GitHubActions,Java,12,open_issue_ratio=low | project_age_days=low | ci_type=GitHubActions | mainLanguage=Java,JGai
piccolo-orm/piccolo_admin,master,9679.0,60.0,733.0,6.0,344.0,18.0,2019-06-25 07:24:31+00:00,173.0,43.0,Python,2025-04-09T05:31:59,241.0,GitHubActions,2021-03-23 23:08:53+00:00,40.72222222222222,0.2485549132947976,0.0755458515283842,0.3200873362445415,2290,47.6,10.180549233803672,low,low,GitHubActions,Python,13,open_issue_ratio=low | project_age_days=low | ci_type=GitHubActions | mainLanguage=Python,PGai
mhe/pynrrd,master,371.0,21.0,270.0,9.0,118.0,26.0,2010-07-12 07:46:35+00:00,58.0,6.0,Python,2025-01-23T05:12:40,112.0,TravisCI,2015-08-14 20:09:30+00:00,10.384615384615383,0.1034482758620689,0.0104316546762589,0.0485611510791366,5560,76.45,68.07033780657103,low,high,TravisCI,Python,11,open_issue_ratio=low | project_age_days=high | ci_type=TravisCI | mainLanguage=Python,PTAi
jeremylong/dependencycheck,main,291244.0,82.0,10456.0,177.0,6694.0,336.0,2012-09-03 08:43:30+00:00,4810.0,481.0,Java,2025-02-16T02:17:43,2590.0,TravisCI,2016-06-05 11:49:59+00:00,31.11904761904762,0.1,1.0071189279731994,2.1892797319933,4776,1.68,11.048173070555697,low,high,TravisCI,Java,10,open_issue_ratio=low | project_age_days=high | ci_type=TravisCI | mainLanguage=Java,JTAi
nortikin/sverchok,master,679699.0,29.0,12329.0,131.0,2320.0,64.0,2013-10-26 08:23:40+00:00,2733.0,175.0,Python,2025-04-20T04:39:13,2395.0,TravisCI,2018-01-06 09:13:45+00:00,192.640625,0.0640321990486644,0.6271225332721432,2.829050022946306,4358,49.02,1.690189245730064,low,high,TravisCI,Python,11,open_issue_ratio=low | project_age_days=high | ci_type=TravisCI | mainLanguage=Python,PTAi
cyr1en/commandprompter,master,9802.0,22.0,503.0,2.0,19.0,8.0,2017-10-09 06:02:25+00:00,22.0,1.0,Java,2024-12-24T10:12:51,37.0,GitHubActions,2020-01-15 10:26:44+00:00,62.875,0.0454545454545454,0.0075497597803706,0.1726149622512011,2914,261.22,0.0,low,low,GitHubActions,Java,12,open_issue_ratio=low | project_age_days=low | ci_type=GitHubActions | mainLanguage=Java,JGai
naver/ngrinder,develop,37927.0,18.0,4952.0,121.0,2002.0,56.0,2012-06-19 04:14:15+00:00,345.0,117.0,Java,2024-10-10T02:17:58,534.0,TravisCI,2016-04-19 08:08:15+00:00,88.42857142857143,0.3391304347826087,0.0711046990931574,1.0206100577081616,4852,80.12,20.05982235263344,low,high,TravisCI,Java,10,open_issue_ratio=low | project_age_days=high | ci_type=TravisCI | mainLanguage=Java,JTAi
real-logic/agrona,master,5511.0,91.0,2825.0,158.0,2922.0,64.0,2014-11-03 08:14:21+00:00,156.0,2.0,Java,2025-01-21T12:42:59,162.0,TravisCI,2018-09-25 11:40:52+00:00,44.140625,0.0128205128205128,0.039146800501882,0.7089084065244667,3985,28.91,59.58727240896359,low,high,TravisCI,Java,10,open_issue_ratio=low | project_age_days=high | ci_type=TravisCI | mainLanguage=Java,JTAi
mlcommons/logging,master,1036.0,41.0,437.0,20.0,34.0,55.0,2020-01-16 01:15:39+00:00,125.0,41.0,Python,2025-04-17T11:35:08,293.0,GitHubActions,2021-01-23 22:50:51+00:00,7.945454545454545,0.328,0.0599520383693045,0.2095923261390887,2085,147.68,0.704299936454141,low,low,GitHubActions,Python,13,open_issue_ratio=low | project_age_days=low | ci_type=GitHubActions | mainLanguage=Python,PGai
hubspot/prettier-maven-plugin,master,135466.0,22.0,284.0,120.0,109.0,18.0,2019-11-14 08:05:46+00:00,32.0,6.0,Java,2024-01-19T03:50:13,76.0,GitHubActions,2021-11-04 23:32:52+00:00,15.77777777777778,0.1875,0.0148975791433892,0.1322160148975791,2148,116.49,38.96276595744681,low,low,GitHubActions,Java,12,open_issue_ratio=low | project_age_days=low | ci_type=GitHubActions | mainLanguage=Java,JGai
terasolunaorg/terasoluna-gfw-functionaltest,master,13145.0,32.0,860.0,69.0,13.0,,2013-12-11 08:57:28+00:00,419.0,13.0,Java,2025-04-10T06:59:38,750.0,TravisCI,2015-09-29 17:08:31+00:00,,0.0310262529832935,0.0971706864564007,0.199443413729128,4312,0.0,79.31830192002819,low,high,TravisCI,Java,10,open_issue_ratio=low | project_age_days=high | ci_type=TravisCI | mainLanguage=Java,JTAi
pdreker/fritz_exporter,main,1446.0,32.0,605.0,5.0,167.0,20.0,2019-05-07 01:46:58+00:00,50.0,6.0,Python,2025-04-21T06:17:52,410.0,GitHubActions,2021-01-30 09:09:28+00:00,30.25,0.12,0.0213766566908935,0.2586575459598119,2339,69.83,45.039719194531685,low,low,GitHubActions,Python,13,open_issue_ratio=low | project_age_days=low | ci_type=GitHubActions | mainLanguage=Python,PGai
lsposed/corepatch,main,650.0,16.0,202.0,43.0,2069.0,25.0,2017-11-17 03:59:44+00:00,64.0,4.0,Java,2024-11-24T04:31:58,55.0,GitHubActions,2020-12-15 04:40:39+00:00,8.08,0.0625,0.0222608695652173,0.0702608695652173,2875,55.29,0.0,low,low,GitHubActions,Java,12,open_issue_ratio=low | project_age_days=low | ci_type=GitHubActions | mainLanguage=Java,JGai
dana-farber-aios/pathml,master,228257.0,18.0,1404.0,11.0,419.0,24.0,2019-07-31 02:30:22+00:00,206.0,43.0,Python,2025-04-25T05:38:55,242.0,GitHubActions,2020-11-05 16:59:05+00:00,58.5,0.2087378640776699,0.0913930789707187,0.6228926353149956,2254,48.69,43.282015395381386,low,low,GitHubActions,Python,13,open_issue_ratio=low | project_age_days=low | ci_type=GitHubActions | mainLanguage=Python,PGai
reservoirpy/reservoirpy,master,107500.0,27.0,751.0,18.0,514.0,26.0,2018-05-17 08:20:01+00:00,111.0,11.0,Python,2025-04-03T01:32:40,70.0,TravisCI,2020-11-23 14:22:25+00:00,28.884615384615383,0.0990990990990991,0.0412026726057906,0.2787676317743133,2694,100.53,33.90884394808331,low,low,TravisCI,Python,15,open_issue_ratio=low | project_age_days=low | ci_type=TravisCI | mainLanguage=Python,PTai
paul-nameless/tg,master,1910.0,21.0,515.0,18.0,978.0,21.0,2019-01-31 06:01:50+00:00,120.0,41.0,Python,2025-04-12T09:58:54,179.0,GitHubActions,2020-05-04 07:10:09+00:00,24.52380952380953,0.3416666666666667,0.0492813141683778,0.2114989733059548,2435,178.66,0.0,low,low,GitHubActions,Python,13,open_issue_ratio=low | project_age_days=low | ci_type=GitHubActions | mainLanguage=Python,PGai
veops/cmdb,master,32445.0,37.0,1037.0,39.0,1865.0,32.0,2015-12-29 02:32:49+00:00,202.0,82.0,Python,2025-04-25T08:33:21,492.0,GitHubActions,2020-11-22 02:45:45+00:00,32.40625,0.4059405940594059,0.0566778900112233,0.2909652076318743,3564,170.11,0.5145169498889041,high,high,GitHubActions,Python,1,open_issue_ratio=high | project_age_days=high | ci_type=GitHubActions | mainLanguage=Python,PGAI
theolind/pymysensors,master,1058.0,21.0,858.0,12.0,64.0,19.0,2015-03-11 07:24:23+00:00,43.0,2.0,Python,2025-04-24T04:31:14,766.0,TravisCI,2016-03-11 02:01:33+00:00,45.1578947368421,0.0465116279069767,0.0111485610578169,0.2224526834327197,3857,99.12,36.1642014292837,low,high,TravisCI,Python,11,open_issue_ratio=low | project_age_days=high | ci_type=TravisCI | mainLanguage=Python,PTAi
shuzijun/leetcode-editor,master,30927.0,55.0,404.0,34.0,3691.0,13.0,2019-03-19 04:32:17+00:00,581.0,102.0,Java,2024-08-12T12:55:40,126.0,GitHubActions,2020-08-02 08:19:19+00:00,31.07692307692308,0.1755593803786574,0.2432998324958123,0.169179229480737,2388,53.02,0.536636742063293,low,low,GitHubActions,Java,12,open_issue_ratio=low | project_age_days=low | ci_type=GitHubActions | mainLanguage=Java,JGai
saucelabs/saucerest-java,main,68172.0,19.0,1141.0,35.0,47.0,50.0,2011-05-06 10:42:29+00:00,87.0,2.0,Java,2025-01-20T10:59:35,505.0,TravisCI,2015-11-05 04:39:05+00:00,22.82,0.0229885057471264,0.016533637400228,0.2168377042949449,5262,296.81,42.93809938971229,low,high,TravisCI,Java,10,open_issue_ratio=low | project_age_days=high | ci_type=TravisCI | mainLanguage=Java,JTAi
usethesource/rascal,main,1096951.0,46.0,23148.0,25.0,420.0,78.0,2012-07-23 02:50:13+00:00,1967.0,460.0,Java,2025-04-24T01:20:01,260.0,GitHubActions,2021-05-31 12:23:32+00:00,296.7692307692308,0.2338586680223691,0.4082606890826069,4.804483188044832,4818,517.6,7.10369042780713,low,high,GitHubActions,Java,8,open_issue_ratio=low | project_age_days=high | ci_type=GitHubActions | mainLanguage=Java,JGAi
jaebradley/basketball_reference_web_scraper,v4,14918.0,37.0,261.0,23.0,439.0,12.0,2015-10-23 03:32:22+00:00,81.0,15.0,Python,2024-11-17T11:41:19,204.0,TravisCI,2018-11-02 15:51:18+00:00,21.75,0.1851851851851851,0.0223079041586339,0.0718810245111539,3631,112.41,0.7703178311094191,low,high,TravisCI,Python,11,open_issue_ratio=low | project_age_days=high | ci_type=TravisCI | mainLanguage=Python,PTAi
thehive-project/cortex-analyzers,master,207506.0,28.0,3186.0,46.0,454.0,233.0,2017-01-10 01:23:10+00:00,712.0,112.0,Python,2025-04-17T06:36:26,628.0,GitHubActions,2023-02-24 11:07:01+00:00,13.67381974248927,0.1573033707865168,0.2234777150031387,1.0,3186,161.25,0.2169537600961915,low,low,GitHubActions,Python,13,open_issue_ratio=low | project_age_days=low | ci_type=GitHubActions | mainLanguage=Python,PGai
imsejin/lezhin-comics-downloader,dev,287705.0,28.0,669.0,5.0,56.0,3.0,2020-05-17 01:45:10+00:00,64.0,12.0,Java,2024-06-28T09:42:24,190.0,GitHubActions,2021-08-19 08:23:04+00:00,223.0,0.1875,0.032603158430973,0.3408048904737646,1963,173.57,1.1240721102863205,low,low,GitHubActions,Java,12,open_issue_ratio=low | project_age_days=low | ci_type=GitHubActions | mainLanguage=Java,JGai
earthobservations/wetterdienst,main,24613.0,143.0,1805.0,9.0,380.0,27.0,2018-12-08 03:39:42+00:00,279.0,14.0,Python,2025-04-25T03:07:57,1111.0,GitHubActions,2020-06-20 11:04:18+00:00,66.85185185185185,0.050179211469534,0.112093210124548,0.7251908396946565,2489,73.83,36.29331097346569,low,low,GitHubActions,Python,13,open_issue_ratio=low | project_age_days=low | ci_type=GitHubActions | mainLanguage=Python,PGai
py-why/causal-learn,main,28339.0,15.0,617.0,19.0,1323.0,59.0,2020-10-11 04:18:35+00:00,118.0,51.0,Python,2025-04-10T02:30:01,114.0,GitHubActions,2023-07-06 17:29:10+00:00,10.457627118644067,0.4322033898305085,0.0649779735682819,0.3397577092511013,1816,44.51,0.9383231291796426,high,low,GitHubActions,Python,5,open_issue_ratio=high | project_age_days=low | ci_type=GitHubActions | mainLanguage=Python,PGaI
yukuku/androidbible,develop,73003.0,34.0,3917.0,40.0,325.0,20.0,2012-09-03 10:27:07+00:00,89.0,25.0,Java,2024-12-26T09:18:38,23.0,TravisCI,2016-07-01 07:56:54+00:00,195.85,0.2808988764044944,0.0186348408710217,0.820142378559464,4776,296.72,0.3323384432693496,low,high,TravisCI,Java,10,open_issue_ratio=low | project_age_days=high | ci_type=TravisCI | mainLanguage=Java,JTAi
genome-nexus/genome-nexus,master,17841.0,76.0,728.0,11.0,41.0,37.0,2015-09-16 02:16:27+00:00,460.0,204.0,Java,2025-04-16T02:35:17,332.0,TravisCI,2017-06-22 14:52:13+00:00,19.67567567567568,0.4434782608695652,0.1254089422028353,0.1984732824427481,3668,132.33,25.917739227756016,high,high,TravisCI,Java,2,open_issue_ratio=high | project_age_days=high | ci_type=TravisCI | mainLanguage=Java,JTAI
codeforkjeff/dbt-sqlite,main,177.0,29.0,162.0,4.0,77.0,7.0,2020-11-05 05:58:22+00:00,38.0,10.0,Python,2025-03-19T05:56:51,22.0,GitHubActions,2022-05-10 22:53:18+00:00,23.142857142857142,0.2631578947368421,0.021217197096594,0.0904522613065326,1791,134.9,35.07511430437623,low,low,GitHubActions,Python,13,open_issue_ratio=low | project_age_days=low | ci_type=GitHubActions | mainLanguage=Python,PGai
launchdarkly/react-native-client-sdk,main,4867.0,76.0,513.0,40.0,47.0,25.0,2019-02-28 07:56:50+00:00,125.0,8.0,Java,2024-10-25T09:56:07,146.0,GitHubActions,2023-02-24 17:50:16+00:00,20.52,0.064,0.0519318653926049,0.2131283755712505,2407,106.51,0.6404699990368872,low,low,GitHubActions,Java,12,open_issue_ratio=low | project_age_days=low | ci_type=GitHubActions | mainLanguage=Java,JGai
nucleoidmc/player-roles,main,417.0,31.0,128.0,0.0,39.0,15.0,2020-03-31 08:14:14+00:00,85.0,21.0,Java,2025-04-19T07:58:15,17.0,GitHubActions,2021-04-18 16:37:40+00:00,8.533333333333333,0.2470588235294117,0.0422885572139303,0.0636815920398009,2010,131.38,12.138415788050825,low,low,GitHubActions,Java,12,open_issue_ratio=low | project_age_days=low | ci_type=GitHubActions | mainLanguage=Java,JGai
jixxed/ed-odyssey-materials-helper,master,135870.0,259.0,1583.0,10.0,276.0,22.0,2021-06-02 11:44:45+00:00,214.0,21.0,Java,2025-04-10T10:54:07,367.0,GitHubActions,2023-06-22 18:25:52+00:00,71.95454545454545,0.0981308411214953,0.1352718078381795,1.0006321112515804,1582,19.6,2.4159716639871385,low,low,GitHubActions,Java,12,open_issue_ratio=low | project_age_days=low | ci_type=GitHubActions | mainLanguage=Java,JGai
etar-group/etar-calendar,master,41199.0,42.0,6934.0,51.0,2187.0,380.0,2015-09-04 07:33:25+00:00,997.0,403.0,Java,2025-04-03T08:30:27,810.0,GitHubActions,2021-02-06 13:57:13+00:00,18.24736842105263,0.4042126379137412,0.2709239130434782,1.8842391304347823,3680,219.5,1.9472554431156088,high,high,GitHubActions,Java,0,open_issue_ratio=high | project_age_days=high | ci_type=GitHubActions | mainLanguage=Java,JGAI
amitdev/pmd-intellij,master,491.0,22.0,281.0,7.0,71.0,22.0,2011-12-08 12:45:36+00:00,161.0,32.0,Java,2025-04-15T04:26:19,59.0,GitHubActions,2021-09-04 07:29:31+00:00,12.772727272727272,0.1987577639751552,0.031906460562822,0.0556876734046769,5046,161.85,0.0,low,high,GitHubActions,Java,8,open_issue_ratio=low | project_age_days=high | ci_type=GitHubActions | mainLanguage=Java,JGAi
magento/magento2-phpstorm-plugin,5.4.0-develop,20771.0,34.0,2951.0,374.0,445.0,67.0,2017-12-05 05:00:54+00:00,1819.0,64.0,Java,2025-04-06T07:55:38,690.0,GitHubActions,2020-04-01 15:44:03+00:00,44.04477611940298,0.0351841671247938,0.6366818340917045,1.032901645082254,2857,168.9,12.47736663726264,low,low,GitHubActions,Java,12,open_issue_ratio=low | project_age_days=low | ci_type=GitHubActions | mainLanguage=Java,JGai
jorelali/commandapi,master,102156.0,96.0,3398.0,9.0,542.0,35.0,2018-08-19 01:01:33+00:00,323.0,49.0,Java,2024-10-31T07:25:21,289.0,GitHubActions,2020-11-24 19:50:02+00:00,97.08571428571427,0.1517027863777089,0.1242307692307692,1.3069230769230769,2600,65.62,63.73275718796742,low,low,GitHubActions,Java,12,open_issue_ratio=low | project_age_days=low | ci_type=GitHubActions | mainLanguage=Java,JGai
earthcomputer/clientcommands,fabric,3110.0,100.0,669.0,26.0,1092.0,54.0,2018-02-08 09:42:32+00:00,490.0,100.0,Java,2025-04-18T02:30:41,236.0,GitHubActions,2022-06-20 20:12:33+00:00,12.38888888888889,0.2040816326530612,0.1755014326647564,0.2396131805157593,2792,101.9,5.567424371902239,low,low,GitHubActions,Java,12,open_issue_ratio=low | project_age_days=low | ci_type=GitHubActions | mainLanguage=Java,JGai
jessebot/onboardme,main,87959.0,67.0,1624.0,2.0,18.0,6.0,2018-10-26 03:32:20+00:00,88.0,19.0,Python,2025-01-23T10:24:13,196.0,GitHubActions,2022-10-24 06:46:15+00:00,270.6666666666667,0.2159090909090909,0.0347551342812006,0.641390205371248,2532,37.79,0.0,low,low,GitHubActions,Python,13,open_issue_ratio=low | project_age_days=low | ci_type=GitHubActions | mainLanguage=Python,PGai
teampneumatic/pnc-repressurized,1.21,53902.0,75.0,4433.0,10.0,122.0,36.0,2017-09-23 08:07:55+00:00,1332.0,168.0,Java,2025-03-24T10:52:13,76.0,GitHubActions,2020-08-19 07:42:12+00:00,123.13888888888889,0.1261261261261261,0.4546075085324232,1.5129692832764503,2930,27.04,0.0,low,low,GitHubActions,Java,12,open_issue_ratio=low | project_age_days=low | ci_type=GitHubActions | mainLanguage=Java,JGai
querz/mcaselector,master,23606.0,71.0,1493.0,44.0,3602.0,43.0,2018-04-22 10:23:26+00:00,409.0,174.0,Java,2025-04-14T01:13:40,123.0,TravisCI,2021-02-19 10:55:00+00:00,34.72093023255814,0.4254278728606357,0.1504229496138286,0.5490989334314086,2719,30.08,0.1027149426897308,high,low,TravisCI,Java,6,open_issue_ratio=high | project_age_days=low | ci_type=TravisCI | mainLanguage=Java,JTaI
secuso/privacy-friendly-pedometer,master,19118.0,13.0,438.0,15.0,221.0,28.0,2016-04-28 12:51:16+00:00,120.0,44.0,Java,2025-04-20T09:15:45,65.0,GitHubActions,2022-09-16 11:59:44+00:00,15.642857142857142,0.3666666666666666,0.0348533255881498,0.127214638396747,3443,380.45,3.306430617026816,high,low,GitHubActions,Java,4,open_issue_ratio=high | project_age_days=low | ci_type=GitHubActions | mainLanguage=Java,JGaI
danielperna84/ha-philipsjs,master,333.0,39.0,306.0,5.0,20.0,12.0,2016-11-02 08:38:39+00:00,13.0,3.0,Python,2024-11-13T05:59:45,26.0,TravisCI,2019-04-27 11:37:32+00:00,25.5,0.2307692307692307,0.0039938556067588,0.0940092165898617,3255,124.24,7.44316885881548,low,low,TravisCI,Python,15,open_issue_ratio=low | project_age_days=low | ci_type=TravisCI | mainLanguage=Python,PTai
eclipse-leshan/leshan,master,13303.0,55.0,2268.0,68.0,664.0,61.0,2015-02-06 03:44:24+00:00,888.0,67.0,Java,2025-04-22T10:23:54,816.0,GitHubActions,2022-06-08 14:07:34+00:00,37.18032786885246,0.0754504504504504,0.2282776349614396,0.5830334190231362,3890,105.08,24.0919364372892,low,high,GitHubActions,Java,8,open_issue_ratio=low | project_age_days=high | ci_type=GitHubActions | mainLanguage=Java,JGAi
cloudfoundry/php-buildpack,master,67351.0,198.0,3529.0,40.0,142.0,125.0,2014-01-09 01:19:03+00:00,393.0,18.0,Python,2025-04-10T01:57:01,771.0,GitHubActions,2023-02-13 20:58:25+00:00,28.232,0.0458015267175572,0.0917581134718655,0.8239551716086855,4283,67.57,0.5473557761644036,low,high,GitHubActions,Python,9,open_issue_ratio=low | project_age_days=high | ci_type=GitHubActions | mainLanguage=Python,PGAi
cflint/cflint,master,14042.0,26.0,1606.0,35.0,171.0,37.0,2013-11-22 04:13:11+00:00,503.0,126.0,Java,2024-03-25T02:31:04,231.0,TravisCI,2015-04-01 00:28:26+00:00,43.4054054054054,0.2504970178926441,0.1161394597090741,0.3708150542599861,4331,66.04,22.08972587799025,low,high,TravisCI,Java,10,open_issue_ratio=low | project_age_days=high | ci_type=TravisCI | mainLanguage=Java,JTAi
react-native-video/react-native-video,master,28052.0,25.0,2121.0,114.0,6983.0,355.0,2015-03-31 05:08:38+00:00,2745.0,192.0,Java,2024-05-07T10:30:57,967.0,GitHubActions,2020-07-10 03:38:54+00:00,5.974647887323943,0.0699453551912568,0.7154026583268178,0.5527756059421423,3837,451.6,0.0,low,high,GitHubActions,Java,8,open_issue_ratio=low | project_age_days=high | ci_type=GitHubActions | mainLanguage=Java,JGAi
sublimelsp/lsp-rust-analyzer,main,337.0,38.0,105.0,7.0,75.0,11.0,2021-06-07 06:23:57+00:00,74.0,13.0,Python,2025-04-09T06:05:34,83.0,GitHubActions,2023-12-14 22:50:58+00:00,9.545454545454543,0.1756756756756756,0.0469245402663284,0.066582117945466,1577,109.9,0.0,low,low,GitHubActions,Python,13,open_issue_ratio=low | project_age_days=low | ci_type=GitHubActions | mainLanguage=Python,PGai
ioos/compliance-checker,main,10908.0,38.0,2256.0,20.0,118.0,49.0,2013-10-02 06:49:48+00:00,435.0,27.0,Python,2025-04-23T02:57:39,725.0,TravisCI,2015-05-06 19:06:17+00:00,46.04081632653061,0.0620689655172413,0.0992697398448197,0.5148334094020995,4382,182.0,18.503224707860625,low,high,TravisCI,Python,11,open_issue_ratio=low | project_age_days=high | ci_type=TravisCI | mainLanguage=Python,PTAi
netflix/priam,3.x,14031.0,281.0,1505.0,476.0,1033.0,68.0,2011-07-20 05:51:25+00:00,218.0,36.0,Java,2025-03-05T10:59:43,881.0,TravisCI,2016-02-10 23:10:33+00:00,22.13235294117647,0.1651376146788991,0.0420281472913051,0.2901484480431849,5187,145.32,43.57304317842228,low,high,TravisCI,Java,10,open_issue_ratio=low | project_age_days=high | ci_type=TravisCI | mainLanguage=Java,JTAi
multiverse/multiverse-core,main,17550.0,47.0,1534.0,44.0,1011.0,51.0,2011-03-30 04:18:14+00:00,2723.0,132.0,Java,2025-04-08T01:44:25,442.0,TravisCI,2012-12-10 20:04:26+00:00,30.07843137254902,0.0484759456481821,0.5138705416116248,0.2894885827514625,5299,241.87,0.4619869925992375,low,high,TravisCI,Java,10,open_issue_ratio=low | project_age_days=high | ci_type=TravisCI | mainLanguage=Java,JTAi
jborgers/sonar-pmd,master,4607.0,18.0,737.0,35.0,275.0,33.0,2013-12-16 09:00:00+00:00,118.0,16.0,Java,2025-04-24T10:34:59,388.0,TravisCI,2015-05-18 09:08:55+00:00,22.33333333333333,0.135593220338983,0.0273972602739726,0.1711167866264221,4307,455.88,14.024531358481832,low,high,TravisCI,Java,10,open_issue_ratio=low | project_age_days=high | ci_type=TravisCI | mainLanguage=Java,JTAi
sassoftware/viya4-deployment,main,13425.0,67.0,502.0,24.0,77.0,32.0,2020-09-09 04:54:48+00:00,200.0,10.0,Python,2025-04-16T06:27:19,416.0,GitHubActions,2023-08-07 17:44:19+00:00,15.6875,0.05,0.1082251082251082,0.2716450216450216,1848,170.69,0.0,low,low,GitHubActions,Python,13,open_issue_ratio=low | project_age_days=low | ci_type=GitHubActions | mainLanguage=Python,PGai
mozilla-services/telescope,main,5688.0,112.0,1341.0,7.0,21.0,16.0,2019-08-16 01:29:01+00:00,162.0,18.0,Python,2025-04-21T03:42:19,1393.0,GitHubActions,2022-12-01 09:30:00+00:00,83.8125,0.1111111111111111,0.0723860589812332,0.599195710455764,2238,80.37,34.19762733536975,low,low,GitHubActions,Python,13,open_issue_ratio=low | project_age_days=low | ci_type=GitHubActions | mainLanguage=Python,PGai
adubbz/ghidra-switch-loader,master,330.0,18.0,151.0,13.0,292.0,11.0,2019-03-08 01:28:07+00:00,40.0,7.0,Java,2025-02-17T11:55:12,25.0,GitHubActions,2020-04-18 05:55:06+00:00,13.727272727272728,0.175,0.0166736140058357,0.06294289287203,2399,102.58,0.0,low,low,GitHubActions,Java,12,open_issue_ratio=low | project_age_days=low | ci_type=GitHubActions | mainLanguage=Java,JGai
doubleangels/nextdnsmanager,main,3541.0,28.0,528.0,8.0,381.0,4.0,2021-06-12 10:38:16+00:00,40.0,4.0,Java,2025-03-28T06:27:53,375.0,GitHubActions,2024-04-06 05:46:08+00:00,132.0,0.1,0.0254452926208651,0.3358778625954198,1572,28.4,0.0,low,low,GitHubActions,Java,12,open_issue_ratio=low | project_age_days=low | ci_type=GitHubActions | mainLanguage=Java,JGai
r2dbc/r2dbc-proxy,main,7235.0,20.0,280.0,12.0,138.0,11.0,2018-12-10 10:07:15+00:00,129.0,0.0,Java,2024-04-27T05:12:37,19.0,TravisCI,2019-12-10 20:13:12+00:00,25.454545454545453,0.0,0.0518697225572979,0.1125854443104141,2487,18.66,71.8560117842018,low,low,TravisCI,Java,14,open_issue_ratio=low | project_age_days=low | ci_type=TravisCI | mainLanguage=Java,JTai
architecture-building-systems/cityenergyanalyst,master,956372.0,111.0,14263.0,19.0,211.0,65.0,2016-01-12 10:02:17+00:00,2429.0,87.0,Python,2025-03-12T04:32:49,1322.0,GitHubActions,2020-06-07 12:46:07+00:00,219.43076923076924,0.0358172087278715,0.6842253521126761,4.01774647887324,3550,118.46,1.617702212776597,low,high,GitHubActions,Python,9,open_issue_ratio=low | project_age_days=high | ci_type=GitHubActions | mainLanguage=Python,PGAi
googleapis/google-cloudevents-java,main,9310.0,23.0,168.0,43.0,19.0,11.0,2020-06-17 06:33:37+00:00,55.0,7.0,Java,2024-12-19T06:21:54,195.0,GitHubActions,2021-07-13 01:19:15+00:00,15.272727272727272,0.1272727272727272,0.0284679089026915,0.0869565217391304,1932,62.81,2.279936511109366,low,low,GitHubActions,Java,12,open_issue_ratio=low | project_age_days=low | ci_type=GitHubActions | mainLanguage=Java,JGai
dropwizard/metrics,release/4.2.x,20780.0,125.0,4026.0,363.0,7842.0,257.0,2010-02-26 07:44:42+00:00,657.0,2.0,Java,2025-04-14T03:17:49,4071.0,TravisCI,2013-04-05 21:30:54+00:00,15.665369649805449,0.0030441400304414,0.1153441011235955,0.706811797752809,5696,324.88,49.09280018490697,low,high,TravisCI,Java,10,open_issue_ratio=low | project_age_days=high | ci_type=TravisCI | mainLanguage=Java,JTAi
patzly/grocy-android,master,58511.0,51.0,5018.0,22.0,976.0,30.0,2020-04-06 08:01:15+00:00,684.0,116.0,Java,2025-04-17T07:56:25,237.0,GitHubActions,2022-10-11 23:37:57+00:00,167.26666666666668,0.1695906432748538,0.3413173652694611,2.503992015968064,2004,69.08,0.0,low,low,GitHubActions,Java,12,open_issue_ratio=low | project_age_days=low | ci_type=GitHubActions | mainLanguage=Java,JGai
apragacz/django-rest-registration,master,2840.0,43.0,698.0,15.0,549.0,26.0,2015-12-27 01:51:11+00:00,123.0,13.0,Python,2025-03-13T11:32:48,194.0,TravisCI,2018-02-02 12:55:48+00:00,26.846153846153847,0.1056910569105691,0.0344924284913067,0.1957375210319686,3566,105.99,20.832052464391843,low,high,TravisCI,Python,11,open_issue_ratio=low | project_age_days=high | ci_type=TravisCI | mainLanguage=Python,PTAi
kamkeel/customnpc-plus,master,54904.0,37.0,2345.0,6.0,59.0,19.0,2018-09-13 03:56:43+00:00,67.0,4.0,Java,2024-09-30T12:38:14,86.0,GitHubActions,2022-10-13 19:29:36+00:00,123.42105263157896,0.0597014925373134,0.0260194174757281,0.9106796116504854,2575,84.62,0.0,low,low,GitHubActions,Java,12,open_issue_ratio=low | project_age_days=low | ci_type=GitHubActions | mainLanguage=Java,JGai
samb440/forcepack,master,3345.0,15.0,243.0,2.0,57.0,12.0,2022-04-14 06:44:14+00:00,76.0,15.0,Java,2025-04-23T05:53:31,20.0,GitHubActions,2024-02-08 15:40:56+00:00,20.25,0.1973684210526315,0.0600315955766192,0.1919431279620853,1266,48.43,0.0,low,low,GitHubActions,Java,12,open_issue_ratio=low | project_age_days=low | ci_type=GitHubActions | mainLanguage=Java,JGai
silx-kit/pyfai,main,557966.0,32.0,9834.0,13.0,113.0,75.0,2012-06-07 07:37:21+00:00,1332.0,213.0,Python,2025-04-23T11:51:45,1159.0,TravisCI,2015-08-19 11:39:18+00:00,131.12,0.1599099099099099,0.2738486842105263,2.0217927631578947,4864,111.75,13.731219947424837,low,high,TravisCI,Python,11,open_issue_ratio=low | project_age_days=high | ci_type=TravisCI | mainLanguage=Python,PTAi
airsaid/androidlocalizeplugin,master,21969.0,15.0,299.0,6.0,590.0,10.0,2018-07-13 10:14:24+00:00,102.0,24.0,Java,2024-11-05T06:37:16,62.0,GitHubActions,2022-08-27 07:06:11+00:00,29.9,0.2352941176470588,0.0386803185437997,0.1133864239666287,2637,63.39,2.7207001522070016,low,low,GitHubActions,Java,12,open_issue_ratio=low | project_age_days=low | ci_type=GitHubActions | mainLanguage=Java,JGai
cast-genomics/haptools,main,9131.0,14.0,838.0,4.0,22.0,9.0,2021-07-15 05:44:31+00:00,56.0,11.0,Python,2025-03-27T08:22:19,214.0,GitHubActions,2022-11-08 00:43:03+00:00,93.11111111111111,0.1964285714285714,0.0363872644574398,0.5445094217024041,1539,56.32,50.29535864978904,low,low,GitHubActions,Python,13,open_issue_ratio=low | project_age_days=low | ci_type=GitHubActions | mainLanguage=Python,PGai
orcid/orcid-source,main,246218.0,404.0,27337.0,53.0,455.0,80.0,2013-02-28 05:57:01+00:00,124.0,5.0,Java,2025-04-24T05:44:02,7121.0,GitHubActions,2020-11-25 01:03:30+00:00,341.7125,0.0403225806451612,0.0269682470639408,5.945411048281862,4598,235.88,13.656356482696513,low,high,GitHubActions,Java,8,open_issue_ratio=low | project_age_days=high | ci_type=GitHubActions | mainLanguage=Java,JGAi
intellectualsites/plotsquared,main,73997.0,73.0,5639.0,41.0,580.0,110.0,2014-10-27 02:45:03+00:00,3368.0,182.0,Java,2025-04-25T12:06:27,1200.0,GitHubActions,2019-09-18 00:06:28+00:00,51.263636363636365,0.0540380047505938,0.843687374749499,1.4125751503006012,3992,92.42,1.3270931163915631,low,high,GitHubActions,Java,8,open_issue_ratio=low | project_age_days=high | ci_type=GitHubActions | mainLanguage=Java,JGAi
hankcs/hanlp,doc-zh,72898.0,62.0,1770.0,1132.0,34293.0,51.0,2014-10-09 06:36:16+00:00,1424.0,8.0,Python,2024-12-18T06:43:45,136.0,TravisCI,2020-02-16 15:58:06+00:00,34.705882352941174,0.0056179775280898,0.3551122194513715,0.4413965087281795,4010,306.42,1.26939047741991,low,high,TravisCI,Python,11,open_issue_ratio=low | project_age_days=high | ci_type=TravisCI | mainLanguage=Python,PTAi
jurialmunkey/plugin.video.themoviedb.helper,nexus,19934.0,241.0,2537.0,29.0,223.0,36.0,2019-07-28 11:44:17+00:00,1193.0,35.0,Python,2025-04-21T11:36:30,135.0,GitHubActions,2022-06-29 02:38:55+00:00,70.47222222222223,0.0293378038558256,0.5285777580859548,1.1240584847142223,2257,28.99,0.1395822870816224,low,low,GitHubActions,Python,13,open_issue_ratio=low | project_age_days=low | ci_type=GitHubActions | mainLanguage=Python,PGai
academysoftwarefoundation/aswf-docker,main,2666.0,1000.0,745.0,13.0,163.0,14.0,2019-05-29 08:51:19+00:00,86.0,28.0,Python,2025-04-26T05:50:54,173.0,GitHubActions,2020-06-09 08:02:08+00:00,53.21428571428572,0.3255813953488372,0.0371169615882606,0.3215364695727233,2317,135.25,7.716360278687148,low,low,GitHubActions,Python,13,open_issue_ratio=low | project_age_days=low | ci_type=GitHubActions | mainLanguage=Python,PGai
ethereum/consensus-specs,dev,23717.0,104.0,10544.0,239.0,3713.0,212.0,2018-09-20 05:12:54+00:00,966.0,127.0,Python,2025-04-23T09:00:03,3145.0,GitHubActions,2023-01-03 15:23:09+00:00,49.735849056603776,0.1314699792960662,0.3761682242990654,4.105919003115265,2568,176.82,77.00851978660721,low,low,GitHubActions,Python,13,open_issue_ratio=low | project_age_days=low | ci_type=GitHubActions | mainLanguage=Python,PGai
plivo/plivo-python,master,917.0,116.0,790.0,38.0,66.0,82.0,2012-04-20 01:43:48+00:00,53.0,8.0,Python,2025-02-25T09:49:49,239.0,TravisCI,2017-10-23 10:57:45+00:00,9.634146341463415,0.1509433962264151,0.0107899022801302,0.1608306188925081,4912,136.72,25.548872915749843,low,high,TravisCI,Python,11,open_issue_ratio=low | project_age_days=high | ci_type=TravisCI | mainLanguage=Python,PTAi
aliyun/aliyun-oss-java-sdk,master,10025.0,47.0,439.0,87.0,1220.0,,2015-07-31 03:21:07+00:00,239.0,101.0,Java,2024-10-31T03:12:33,302.0,TravisCI,2016-08-26 06:13:50+00:00,,0.4225941422594142,0.0643337819650067,0.1181695827725437,3715,0.0,67.68552425080337,high,high,TravisCI,Java,2,open_issue_ratio=high | project_age_days=high | ci_type=TravisCI | mainLanguage=Java,JTAI
awslabs/aws-serverless-data-lake-framework,main,14193.0,39.0,600.0,31.0,427.0,38.0,2020-09-08 10:45:31+00:00,100.0,22.0,Python,2025-01-15T09:34:43,385.0,GitHubActions,2023-06-08 14:19:20+00:00,15.789473684210526,0.22,0.0540832882639264,0.3244997295835586,1849,122.82,0.0,low,low,GitHubActions,Python,13,open_issue_ratio=low | project_age_days=low | ci_type=GitHubActions | mainLanguage=Python,PGai
conan-io/conan-package-tools,develop,1067.0,69.0,1123.0,21.0,164.0,51.0,2016-01-21 09:08:21+00:00,316.0,81.0,Python,2024-06-19T12:17:28,304.0,TravisCI,2017-04-19 16:06:48+00:00,22.01960784313725,0.2563291139240506,0.0892403275910759,0.3171420502682858,3541,87.56,76.85022456551455,low,high,TravisCI,Python,11,open_issue_ratio=low | project_age_days=high | ci_type=TravisCI | mainLanguage=Python,PTAi
openslide/openslide-python,main,1995.0,15.0,565.0,13.0,390.0,9.0,2011-08-25 09:58:38+00:00,171.0,7.0,Python,2025-04-26T09:12:43,145.0,GitHubActions,2021-03-21 03:43:09+00:00,62.77777777777778,0.0409356725146198,0.0331974373907979,0.1096874393321685,5151,166.84,2.7324253447254887,low,high,GitHubActions,Python,9,open_issue_ratio=low | project_age_days=high | ci_type=GitHubActions | mainLanguage=Python,PGAi
arduino/arduino,master,1390211.0,37.0,7376.0,1100.0,14138.0,305.0,2010-09-17 07:10:36+00:00,9848.0,644.0,Java,2024-10-18T04:32:19,1507.0,GitHubActions,2020-01-31 11:52:10+00:00,24.18360655737705,0.0653939886271324,1.7928272346622975,1.3427999271800473,5493,80.43,1.779581973120787,low,high,GitHubActions,Java,8,open_issue_ratio=low | project_age_days=high | ci_type=GitHubActions | mainLanguage=Java,JGAi
netflix/ribbon,master,3541.0,41.0,905.0,673.0,4581.0,59.0,2013-01-15 01:08:04+00:00,256.0,177.0,Java,2024-12-10T09:18:04,262.0,TravisCI,2016-05-09 20:32:21+00:00,15.33898305084746,0.69140625,0.0551486428263679,0.1949590693666523,4642,91.43,52.37229294098198,high,high,TravisCI,Java,2,open_issue_ratio=high | project_age_days=high | ci_type=TravisCI | mainLanguage=Java,JTAI
processing/processing,master,1648015.0,48.0,13214.0,427.0,6488.0,152.0,2013-01-24 09:17:22+00:00,5138.0,471.0,Java,2024-12-18T10:51:07,1049.0,GitHubActions,2021-06-15 02:25:43+00:00,86.9342105263158,0.0916699104710003,1.1090006475285992,2.852147636520613,4633,75.29,0.4188253181664602,low,high,GitHubActions,Java,8,open_issue_ratio=low | project_age_days=high | ci_type=GitHubActions | mainLanguage=Java,JGAi
pyzo/pyzo,main,10796.0,35.0,2282.0,21.0,301.0,55.0,2016-02-12 11:22:36+00:00,719.0,87.0,Python,2025-04-27T11:17:08,444.0,GitHubActions,2021-12-20 14:35:51+00:00,41.49090909090909,0.1210013908205841,0.2043194089229895,0.6484796817277636,3519,690.43,2.2458758550056697,low,low,GitHubActions,Python,13,open_issue_ratio=low | project_age_days=low | ci_type=GitHubActions | mainLanguage=Python,PGai
mavlink/mavsdk-python,main,2085.0,64.0,728.0,15.0,361.0,54.0,2017-12-11 10:17:46+00:00,479.0,140.0,Python,2025-04-08T08:42:13,277.0,TravisCI,2019-11-07 14:24:50+00:00,13.48148148148148,0.2922755741127348,0.1680112241318835,0.2553490003507541,2851,60.96,0.0,low,low,TravisCI,Python,15,open_issue_ratio=low | project_age_days=low | ci_type=TravisCI | mainLanguage=Python,PTai
aresio/simpful,master,6091.0,20.0,247.0,8.0,115.0,7.0,2018-09-26 12:52:25+00:00,19.0,6.0,Python,2024-02-27T11:10:03,9.0,GitHubActions,2020-09-12 08:47:05+00:00,35.285714285714285,0.3157894736842105,0.0074160811865729,0.0964090554254488,2562,168.12,12.317073170731708,low,low,GitHubActions,Python,13,open_issue_ratio=low | project_age_days=low | ci_type=GitHubActions | mainLanguage=Python,PGai
onebusaway/onebusaway-android,main,16087.0,94.0,2650.0,29.0,508.0,57.0,2011-06-10 01:07:10+00:00,848.0,161.0,Java,2025-04-13T08:54:06,584.0,TravisCI,2014-04-03 22:12:18+00:00,46.49122807017544,0.1898584905660377,0.1622345513678974,0.5069829730246795,5227,199.82,7.679390082117248,low,high,TravisCI,Java,10,open_issue_ratio=low | project_age_days=high | ci_type=TravisCI | mainLanguage=Java,JTAi
jenkinsci/docker-plugin,master,2664.0,21.0,1278.0,44.0,493.0,122.0,2014-01-10 02:05:42+00:00,627.0,62.0,Java,2025-04-04T05:48:50,518.0,GitHubActions,2023-01-14 01:12:10+00:00,10.475409836065571,0.098883572567783,0.1464269033162074,0.2984586641756189,4282,209.42,32.85923847184132,low,high,GitHubActions,Java,8,open_issue_ratio=low | project_age_days=high | ci_type=GitHubActions | mainLanguage=Java,JGAi
glencoesoftware/raw2ometiff,master,524.0,25.0,390.0,16.0,50.0,4.0,2019-10-09 02:50:58+00:00,32.0,1.0,Java,2025-03-06T09:04:54,104.0,GitHubActions,2023-02-07 15:49:04+00:00,97.5,0.03125,0.0146520146520146,0.1785714285714285,2184,143.38,31.95488721804512,low,low,GitHubActions,Java,12,open_issue_ratio=low | project_age_days=low | ci_type=GitHubActions | mainLanguage=Java,JGai
dbmdz/cudami,main,21881.0,80.0,5681.0,5.0,17.0,13.0,2016-12-22 08:04:27+00:00,31.0,0.0,Java,2024-02-06T08:37:01,2842.0,TravisCI,2018-05-24 07:42:17+00:00,437.0,0.0,0.0096723868954758,1.7725429017160683,3205,357.85,1.240148548958981,low,low,TravisCI,Java,14,open_issue_ratio=low | project_age_days=low | ci_type=TravisCI | mainLanguage=Java,JTai
bobbylight/rstaui,master,645.0,22.0,148.0,4.0,48.0,4.0,2013-08-09 02:30:55+00:00,19.0,0.0,Java,2025-03-24T01:11:20,9.0,GitHubActions,2021-12-07 04:36:21+00:00,37.0,0.0,0.004283137962128,0.0333633904418394,4436,274.57,1.4828209764918625,low,high,GitHubActions,Java,8,open_issue_ratio=low | project_age_days=high | ci_type=GitHubActions | mainLanguage=Java,JGAi
owasp/www-project-csrfguard,master,3931.0,17.0,581.0,14.0,86.0,49.0,2019-09-12 08:15:53+00:00,54.0,7.0,Java,2025-04-17T03:43:48,241.0,GitHubActions,2022-01-20 15:49:13+00:00,11.857142857142858,0.1296296296296296,0.0244233378561736,0.2627770239710538,2211,89.21,6.893791140366483,low,low,GitHubActions,Java,12,open_issue_ratio=low | project_age_days=low | ci_type=GitHubActions | mainLanguage=Java,JGai
haveno-dex/haveno,master,36242.0,18.0,1699.0,48.0,1150.0,52.0,2020-02-24 11:10:03+00:00,519.0,129.0,Java,2025-04-26T11:26:25,1179.0,TravisCI,2021-05-05 00:20:01+00:00,32.67307692307692,0.2485549132947976,0.2536656891495601,0.8304007820136853,2046,86.39,13.161371413892123,low,low,TravisCI,Java,14,open_issue_ratio=low | project_age_days=low | ci_type=TravisCI | mainLanguage=Java,JTai
ibotpeaches/apktool,master,313919.0,25.0,2223.0,677.0,21860.0,123.0,2012-03-19 05:46:53+00:00,2936.0,80.0,Java,2025-04-23T06:15:23,713.0,TravisCI,2014-05-09 15:58:12+00:00,18.07317073170732,0.0272479564032697,0.5938511326860841,0.4496359223300971,4944,99.19,27.71678796102134,low,high,TravisCI,Java,10,open_issue_ratio=low | project_age_days=high | ci_type=TravisCI | mainLanguage=Java,JTAi
hyperskill/hs-test,master,1559.0,14.0,916.0,9.0,31.0,20.0,2019-01-26 06:55:37+00:00,111.0,21.0,Java,2024-11-07T07:48:27,45.0,GitHubActions,2022-09-27 13:23:48+00:00,45.8,0.1891891891891892,0.0454918032786885,0.3754098360655737,2440,103.0,120.77418070850472,low,low,GitHubActions,Java,12,open_issue_ratio=low | project_age_days=low | ci_type=GitHubActions | mainLanguage=Java,JGai
netarchivesuite/solrwayback,master,30691.0,15.0,2942.0,21.0,112.0,24.0,2017-02-08 09:33:35+00:00,226.0,62.0,Java,2025-04-22T10:58:02,241.0,GitHubActions,2020-10-01 14:44:42+00:00,122.58333333333331,0.2743362831858407,0.0715869496357301,0.9318973709217612,3157,186.47,10.285202011760594,low,low,GitHubActions,Java,12,open_issue_ratio=low | project_age_days=low | ci_type=GitHubActions | mainLanguage=Java,JGai
innoveit/react-native-ble-manager,master,9046.0,127.0,1257.0,46.0,2205.0,158.0,2016-05-20 09:20:14+00:00,951.0,22.0,Java,2025-04-18T07:35:42,351.0,GitHubActions,2023-12-08 11:31:26+00:00,7.955696202531645,0.0231335436382754,0.2779888921368021,0.3674364220988015,3421,157.9,0.0,low,low,GitHubActions,Java,12,open_issue_ratio=low | project_age_days=low | ci_type=GitHubActions | mainLanguage=Java,JGai
radeklat/todoist-habitica-sync,main,718.0,21.0,112.0,3.0,60.0,1.0,2018-12-17 07:43:13+00:00,17.0,2.0,Python,2025-03-19T03:27:30,47.0,GitHubActions,2023-10-31 15:16:17+00:00,112.0,0.1176470588235294,0.0068548387096774,0.0451612903225806,2480,71.49,15.337837837837837,low,low,GitHubActions,Python,13,open_issue_ratio=low | project_age_days=low | ci_type=GitHubActions | mainLanguage=Python,PGai
gradle-plugins/toolbox,main,1872.0,15.0,929.0,2.0,18.0,1.0,2019-06-14 09:55:41+00:00,83.0,40.0,Java,2024-02-07T07:46:05,17.0,GitHubActions,2020-06-30 03:36:53+00:00,929.0,0.4819277108433735,0.0360712733594089,0.4037375054324207,2301,83.4,57.05021559773198,high,low,GitHubActions,Java,4,open_issue_ratio=high | project_age_days=low | ci_type=GitHubActions | mainLanguage=Java,JGaI
marketsquare/robotframework-database-library,master,2771.0,14.0,550.0,28.0,165.0,46.0,2010-11-28 04:37:50+00:00,142.0,8.0,Python,2025-02-20T10:22:30,98.0,TravisCI,2016-05-31 11:21:45+00:00,11.956521739130435,0.056338028169014,0.0261944290721269,0.1014572957019,5421,402.48,0.9117792015771315,low,high,TravisCI,Python,11,open_issue_ratio=low | project_age_days=high | ci_type=TravisCI | mainLanguage=Python,PTAi
kotcrab/vis-ui,master,22527.0,58.0,2713.0,38.0,743.0,32.0,2014-03-27 07:45:58+00:00,293.0,24.0,Java,2025-03-07T06:47:56,104.0,GitHubActions,2020-06-30 15:22:50+00:00,84.78125,0.0819112627986348,0.069662387066096,0.6450309082263433,4206,45.45,14.431708327579065,low,high,GitHubActions,Java,8,open_issue_ratio=low | project_age_days=high | ci_type=GitHubActions | mainLanguage=Java,JGAi
hypothesis/h,main,43001.0,85.0,18334.0,98.0,3025.0,91.0,2012-04-02 07:56:59+00:00,2638.0,164.0,Python,2025-04-25T08:36:48,6817.0,TravisCI,2013-06-20 09:56:55+00:00,201.47252747252747,0.0621683093252464,0.5350912778904665,3.7188640973630833,4930,130.38,56.317975084041926,low,high,TravisCI,Python,11,open_issue_ratio=low | project_age_days=high | ci_type=TravisCI | mainLanguage=Python,PTAi
ncatstranslator/reasonerapi,master,1390.0,22.0,872.0,18.0,33.0,,2018-05-15 03:47:04+00:00,191.0,33.0,Python,2024-08-08T07:27:28,282.0,TravisCI,2019-08-08 20:52:37+00:00,,0.1727748691099476,0.0708456973293768,0.3234421364985163,2696,0.0,1.5969741542340827,low,low,TravisCI,Python,15,open_issue_ratio=low | project_age_days=low | ci_type=TravisCI | mainLanguage=Python,PTai
avaje/avaje-jex,master,1203.0,17.0,578.0,6.0,31.0,6.0,2020-09-16 11:12:18+00:00,55.0,2.0,Java,2025-04-21T04:26:25,203.0,GitHubActions,2021-10-28 09:10:09+00:00,96.33333333333331,0.0363636363636363,0.0298750678978815,0.313959804454101,1841,13.6,36.61331086773379,low,low,GitHubActions,Java,12,open_issue_ratio=low | project_age_days=low | ci_type=GitHubActions | mainLanguage=Java,JGai
uwolfer/gerrit-intellij-plugin,intellij2020.3,2416.0,99.0,1010.0,26.0,500.0,32.0,2013-06-02 05:13:23+00:00,389.0,115.0,Java,2025-02-23T12:30:33,137.0,TravisCI,2016-05-06 19:05:50+00:00,31.5625,0.2956298200514138,0.086367673179396,0.2242451154529307,4504,87.08,4.255521706016756,low,high,TravisCI,Java,10,open_issue_ratio=low | project_age_days=high | ci_type=TravisCI | mainLanguage=Java,JTAi
dipjyotimetia/hybridtestframework,master,188825.0,39.0,3147.0,10.0,148.0,5.0,2019-01-15 12:55:10+00:00,30.0,0.0,Java,2025-04-22T02:01:18,1499.0,GitHubActions,2020-05-14 04:22:00+00:00,629.4,0.0,0.0122399020807833,1.283965728274174,2451,145.4,110.35318118067066,low,low,GitHubActions,Java,12,open_issue_ratio=low | project_age_days=low | ci_type=GitHubActions | mainLanguage=Java,JGai
ipb-halle/metfragrelaunched,dev,138248.0,15.0,968.0,10.0,18.0,12.0,2016-05-02 06:34:30+00:00,82.0,46.0,Java,2025-03-31T08:44:09,102.0,TravisCI,2017-09-19 12:45:23+00:00,80.66666666666667,0.5609756097560976,0.0238441407385868,0.2814771735969759,3439,47.01,0.1584925024602063,high,low,TravisCI,Java,6,open_issue_ratio=high | project_age_days=low | ci_type=TravisCI | mainLanguage=Java,JTaI
blaylockbk/herbie,main,180397.0,24.0,1391.0,16.0,580.0,28.0,2020-06-26 05:43:11+00:00,208.0,72.0,Python,2025-04-27T04:21:16,109.0,GitHubActions,2022-04-06 04:07:06+00:00,49.67857142857143,0.3461538461538461,0.1081643265730629,0.7233489339573583,1923,63.24,8.231584054338157,low,low,GitHubActions,Python,13,open_issue_ratio=low | project_age_days=low | ci_type=GitHubActions | mainLanguage=Python,PGai
googleapis/python-test-utils,main,351.0,16.0,134.0,45.0,10.0,12.0,2020-03-09 04:13:35+00:00,13.0,3.0,Python,2025-04-22T10:04:02,260.0,GitHubActions,2022-01-20 15:23:09+00:00,11.166666666666666,0.2307692307692307,0.0063976377952755,0.0659448818897637,2032,56.35,108.6767895878525,low,low,GitHubActions,Python,13,open_issue_ratio=low | project_age_days=low | ci_type=GitHubActions | mainLanguage=Python,PGai
quickfix-j/quickfixj,master,44019.0,13.0,2593.0,92.0,1018.0,110.0,2014-05-19 10:04:08+00:00,177.0,50.0,Java,2025-04-23T04:46:24,714.0,TravisCI,2017-07-06 15:13:34+00:00,23.57272727272728,0.2824858757062147,0.0426197929207801,0.6243679267999037,4153,162.64,20.98443180758833,low,high,TravisCI,Java,10,open_issue_ratio=low | project_age_days=high | ci_type=TravisCI | mainLanguage=Java,JTAi
merginmaps/qgis-plugin,master,16556.0,48.0,558.0,12.0,37.0,27.0,2019-04-18 11:23:39+00:00,473.0,152.0,Python,2025-04-25T11:43:29,213.0,GitHubActions,2021-06-24 12:12:34+00:00,20.666666666666668,0.321353065539112,0.2005937234944868,0.2366412213740458,2358,118.87,19.66649475674746,low,low,GitHubActions,Python,13,open_issue_ratio=low | project_age_days=low | ci_type=GitHubActions | mainLanguage=Python,PGai
olen/homeassistant-plant,master,1102.0,44.0,330.0,13.0,469.0,23.0,2020-09-19 05:29:29+00:00,162.0,25.0,Python,2025-03-18T01:33:01,69.0,GitHubActions,2022-08-04 13:53:56+00:00,14.347826086956522,0.1543209876543209,0.088139281828074,0.1795429815016322,1838,78.94,0.0,low,low,GitHubActions,Python,13,open_issue_ratio=low | project_age_days=low | ci_type=GitHubActions | mainLanguage=Python,PGai
netflix/genie,master,215891.0,172.0,3192.0,524.0,1725.0,42.0,2013-06-20 08:35:56+00:00,189.0,8.0,Java,2025-02-12T06:18:00,1024.0,TravisCI,2015-12-10 22:55:34+00:00,76.0,0.0423280423280423,0.0421310744538564,0.7115470352206866,4486,121.31,28.951642148747297,low,high,TravisCI,Java,10,open_issue_ratio=low | project_age_days=high | ci_type=TravisCI | mainLanguage=Java,JTAi
qiniu/python-sdk,master,3717.0,57.0,917.0,35.0,546.0,68.0,2012-03-22 08:25:20+00:00,151.0,5.0,Python,2025-03-25T02:22:51,304.0,TravisCI,2013-03-26 08:24:26+00:00,13.485294117647058,0.0331125827814569,0.0305606152600688,0.1855899615462457,4941,120.68,44.91247776841711,low,high,TravisCI,Python,11,open_issue_ratio=low | project_age_days=high | ci_type=TravisCI | mainLanguage=Python,PTAi
venafi/vcert-java,master,863.0,26.0,282.0,13.0,10.0,23.0,2019-03-27 01:19:32+00:00,37.0,7.0,Java,2025-04-24T08:46:12,88.0,GitHubActions,2022-01-14 00:22:39+00:00,12.26086956521739,0.1891891891891892,0.0155462184873949,0.1184873949579831,2380,55.39,47.96429797459664,low,low,GitHubActions,Java,12,open_issue_ratio=low | project_age_days=low | ci_type=GitHubActions | mainLanguage=Java,JGai
cuukyofficial/varoplugin,master,5423.0,68.0,1805.0,2.0,16.0,17.0,2019-09-06 05:21:42+00:00,27.0,4.0,Java,2025-04-13T06:34:30,87.0,GitHubActions,2023-05-05 18:44:16+00:00,106.17647058823528,0.1481481481481481,0.0121786197564276,0.8141632837167343,2217,23.14,0.3428055931438881,low,low,GitHubActions,Java,12,open_issue_ratio=low | project_age_days=low | ci_type=GitHubActions | mainLanguage=Java,JGai
coscup/coscup-volunteer,main,3690.0,39.0,1181.0,8.0,66.0,20.0,2020-01-05 08:40:37+00:00,106.0,46.0,Python,2025-04-21T08:27:40,117.0,GitHubActions,2022-03-27 15:16:16+00:00,59.05,0.4339622641509434,0.0505725190839694,0.5634541984732825,2096,59.72,0.3089923067221591,high,low,GitHubActions,Python,5,open_issue_ratio=high | project_age_days=low | ci_type=GitHubActions | mainLanguage=Python,PGaI
megaease/easeagent,master,20588.0,17.0,778.0,26.0,577.0,35.0,2016-12-10 03:49:26+00:00,66.0,9.0,Java,2024-10-14T10:42:41,277.0,GitHubActions,2021-09-14 16:40:31+00:00,22.228571428571428,0.1363636363636363,0.0205160087037612,0.241840223811004,3217,130.94,40.508229615390015,low,low,GitHubActions,Java,12,open_issue_ratio=low | project_age_days=low | ci_type=GitHubActions | mainLanguage=Java,JGai
nginx-proxy/nginx-proxy,main,1693.0,28.0,1474.0,264.0,19268.0,155.0,2014-05-05 05:01:40+00:00,1365.0,302.0,Python,2025-04-11T04:06:51,782.0,TravisCI,2016-04-04 23:01:47+00:00,9.50967741935484,0.2212454212454212,0.3275737940964723,0.3537317014638829,4167,534.18,51.24508519003932,low,high,TravisCI,Python,11,open_issue_ratio=low | project_age_days=high | ci_type=TravisCI | mainLanguage=Python,PTAi
pnx-si/geopaysages,master,17646.0,25.0,907.0,15.0,11.0,20.0,2018-04-24 08:23:36+00:00,75.0,16.0,Python,2024-10-04T11:21:05,112.0,GitHubActions,2024-04-06 07:35:05+00:00,45.35,0.2133333333333333,0.027603974972396,0.3338240706661759,2717,530.75,0.2709595154606312,low,low,GitHubActions,Python,13,open_issue_ratio=low | project_age_days=low | ci_type=GitHubActions | mainLanguage=Python,PGai
batfish/batfish,master,333899.0,81.0,12717.0,54.0,1232.0,72.0,2014-12-03 09:10:18+00:00,883.0,274.0,Java,2025-04-25T03:54:49,8519.0,TravisCI,2016-11-08 19:57:05+00:00,176.625,0.3103057757644394,0.2232616940581542,3.215423514538559,3955,110.17,34.73217347888674,low,high,TravisCI,Java,10,open_issue_ratio=low | project_age_days=high | ci_type=TravisCI | mainLanguage=Java,JTAi
gtnewhorizons/hodgepodge,master,30633.0,346.0,577.0,14.0,40.0,84.0,2020-02-19 05:59:59+00:00,72.0,25.0,Java,2025-04-19T04:58:39,435.0,GitHubActions,2021-12-04 01:42:15+00:00,6.869047619047619,0.3472222222222222,0.0351048269137006,0.2813261823500731,2051,49.19,0.0,low,low,GitHubActions,Java,12,open_issue_ratio=low | project_age_days=low | ci_type=GitHubActions | mainLanguage=Java,JGai
telefonicaid/fiware-cygnus,master,17296.0,79.0,6823.0,22.0,66.0,91.0,2014-02-07 07:57:41+00:00,957.0,190.0,Java,2025-04-22T04:30:19,1501.0,TravisCI,2016-12-20 09:38:47+00:00,74.97802197802197,0.1985370950888192,0.2249647390691114,1.6039022096850024,4254,61.72,49.99879267880427,low,high,TravisCI,Java,10,open_issue_ratio=low | project_age_days=high | ci_type=TravisCI | mainLanguage=Java,JTAi
devonfw/solicitor,master,4416.0,40.0,358.0,7.0,22.0,16.0,2019-08-25 11:05:22+00:00,134.0,17.0,Java,2025-04-22T02:57:57,176.0,GitHubActions,2020-12-07 21:56:40+00:00,22.375,0.126865671641791,0.060116644235083,0.1606101390758187,2229,76.89,24.838033843674456,low,low,GitHubActions,Java,12,open_issue_ratio=low | project_age_days=low | ci_type=GitHubActions | mainLanguage=Java,JGai
google/grr,master,170363.0,30.0,1449.0,312.0,4878.0,54.0,2013-12-04 12:17:53+00:00,678.0,134.0,Python,2025-04-17T01:15:04,451.0,TravisCI,2014-12-30 09:00:27+00:00,26.83333333333333,0.1976401179941003,0.1569807825885621,0.3354943273905997,4319,137.2,33.50396945902564,low,high,TravisCI,Python,11,open_issue_ratio=low | project_age_days=high | ci_type=TravisCI | mainLanguage=Python,PTAi
reandroid/arsclib,main,8873.0,16.0,1216.0,13.0,272.0,6.0,2021-11-14 02:38:01+00:00,48.0,11.0,Java,2025-04-25T02:36:18,28.0,GitHubActions,2023-07-01 19:56:26+00:00,202.66666666666663,0.2291666666666666,0.0338743824982357,0.858151023288638,1417,18.84,1.4090541632983022,low,low,GitHubActions,Java,12,open_issue_ratio=low | project_age_days=low | ci_type=GitHubActions | mainLanguage=Java,JGai
cerfacs-globc/icclim,master,33644.0,43.0,1538.0,8.0,83.0,22.0,2014-01-15 02:04:03+00:00,112.0,21.0,Python,2024-05-07T12:26:03,209.0,GitHubActions,2021-12-13 15:07:46+00:00,69.9090909090909,0.1875,0.0261865793780687,0.3595978489595511,4277,376.1,16.80113067546081,low,high,GitHubActions,Python,9,open_issue_ratio=low | project_age_days=high | ci_type=GitHubActions | mainLanguage=Python,PGAi
openenergyplatform/ontology,dev,80939.0,29.0,6527.0,10.0,118.0,64.0,2018-06-06 12:04:47+00:00,994.0,135.0,Python,2025-04-23T05:54:05,1017.0,GitHubActions,2020-05-05 14:29:59+00:00,101.984375,0.1358148893360161,0.3717277486910995,2.4409124906507107,2674,95.63,1.0144067339340634,low,low,GitHubActions,Python,13,open_issue_ratio=low | project_age_days=low | ci_type=GitHubActions | mainLanguage=Python,PGai
timbru31/silkspawners,master,2802.0,17.0,1293.0,8.0,72.0,18.0,2012-08-08 04:18:14+00:00,297.0,18.0,Java,2025-04-21T03:46:22,342.0,TravisCI,2016-02-25 00:07:15+00:00,71.83333333333333,0.0606060606060606,0.0618492294877134,0.2692628071636818,4802,167.61,0.0,low,high,TravisCI,Java,10,open_issue_ratio=low | project_age_days=high | ci_type=TravisCI | mainLanguage=Java,JTAi
jrabbit/pyborg-1up,dev,2011.0,13.0,825.0,5.0,35.0,9.0,2010-01-08 10:03:53+00:00,127.0,31.0,Python,2025-04-12T02:21:35,14.0,TravisCI,2016-08-18 12:14:39+00:00,91.66666666666669,0.2440944881889764,0.0221061792863359,0.1436031331592689,5745,270.37,2.960267505900865,low,high,TravisCI,Python,11,open_issue_ratio=low | project_age_days=high | ci_type=TravisCI | mainLanguage=Python,PTAi
etiennedx/realestate,master,272.0,25.0,109.0,5.0,21.0,9.0,2019-04-25 09:15:37+00:00,57.0,2.0,Java,2025-02-19T10:43:53,18.0,GitHubActions,2021-09-09 09:02:08+00:00,12.11111111111111,0.0350877192982456,0.0242450021267545,0.0463632496809868,2351,271.99,0.0,low,low,GitHubActions,Java,12,open_issue_ratio=low | project_age_days=low | ci_type=GitHubActions | mainLanguage=Java,JGai
zalando-incubator/baigan-config,main,487.0,18.0,338.0,20.0,12.0,24.0,2015-09-22 06:31:32+00:00,17.0,1.0,Java,2025-03-19T05:39:31,139.0,GitHubActions,2023-06-19 21:24:07+00:00,14.083333333333334,0.0588235294117647,0.0046422719825232,0.0922992900054615,3662,103.36,47.220487195502805,low,high,GitHubActions,Java,8,open_issue_ratio=low | project_age_days=high | ci_type=GitHubActions | mainLanguage=Java,JGAi
polychromatic/polychromatic,master,14364.0,41.0,1648.0,18.0,1103.0,47.0,2016-05-15 04:41:35+00:00,456.0,56.0,Python,2025-04-18T05:15:06,76.0,GitHubActions,2020-04-09 20:35:01+00:00,35.06382978723404,0.1228070175438596,0.1330998248686515,0.4810274372446001,3426,235.68,1.5869290250231454,low,low,GitHubActions,Python,13,open_issue_ratio=low | project_age_days=low | ci_type=GitHubActions | mainLanguage=Python,PGai
custom-components/grocy,master,419.0,64.0,306.0,10.0,178.0,24.0,2019-04-23 02:59:07+00:00,194.0,44.0,Python,2025-02-04T07:16:45,141.0,GitHubActions,2020-05-25 13:02:47+00:00,12.75,0.2268041237113402,0.0824479388015299,0.1300467488312792,2353,63.1,0.0,low,low,GitHubActions,Python,13,open_issue_ratio=low | project_age_days=low | ci_type=GitHubActions | mainLanguage=Python,PGai
cantaloupe-project/cantaloupe,develop,60328.0,58.0,4774.0,27.0,275.0,39.0,2015-09-08 04:21:12+00:00,534.0,90.0,Java,2025-04-23T03:56:43,146.0,TravisCI,2017-08-05 02:52:30+00:00,122.4102564102564,0.1685393258426966,0.1452665941240478,1.2986942328618063,3676,164.92,55.7707501873949,low,high,TravisCI,Java,10,open_issue_ratio=low | project_age_days=high | ci_type=TravisCI | mainLanguage=Java,JTAi
fhoeben/hsac-fitnesse-fixtures,main,4614.0,275.0,3554.0,28.0,110.0,50.0,2014-05-10 08:37:07+00:00,293.0,35.0,Java,2025-02-23T09:44:12,419.0,TravisCI,2015-06-14 18:34:02+00:00,71.08,0.1194539249146757,0.0703988467083133,0.853916386352715,4162,51.63,34.147011175485325,low,high,TravisCI,Java,10,open_issue_ratio=low | project_age_days=high | ci_type=TravisCI | mainLanguage=Java,JTAi
quan666/elf_rss,2.0,1693.0,64.0,990.0,4.0,594.0,22.0,2020-04-08 12:35:33+00:00,140.0,5.0,Python,2025-04-26T07:44:47,442.0,GitHubActions,2021-05-10 05:00:56+00:00,45.0,0.0357142857142857,0.0699300699300699,0.4945054945054945,2002,15.39,0.0,low,low,GitHubActions,Python,13,open_issue_ratio=low | project_age_days=low | ci_type=GitHubActions | mainLanguage=Python,PGai
ceskaexpedice/kramerius,master,114749.0,68.0,6473.0,41.0,45.0,49.0,2013-11-14 03:10:28+00:00,1037.0,89.0,Java,2025-04-23T07:34:14,105.0,TravisCI,2015-03-16 17:18:16+00:00,132.10204081632654,0.085824493731919,0.2389951601751555,1.4918183913344087,4339,416.95,9.046974491935792,low,high,TravisCI,Java,10,open_issue_ratio=low | project_age_days=high | ci_type=TravisCI | mainLanguage=Java,JTAi
strawberry-graphql/strawberry-sqlalchemy,main,292.0,15.0,90.0,6.0,111.0,19.0,2022-02-27 03:55:38+00:00,33.0,15.0,Python,2025-04-25T01:31:23,209.0,GitHubActions,2023-08-08 22:58:56+00:00,4.7368421052631575,0.4545454545454545,0.0251524390243902,0.0685975609756097,1312,144.25,40.86406743940991,high,low,GitHubActions,Python,5,open_issue_ratio=high | project_age_days=low | ci_type=GitHubActions | mainLanguage=Python,PGaI
arx-deidentifier/arx,master,392836.0,25.0,4298.0,34.0,635.0,35.0,2013-04-29 03:23:18+00:00,193.0,52.0,Java,2025-01-03T12:11:27,269.0,TravisCI,2015-09-02 14:30:44+00:00,122.8,0.2694300518134715,0.0425297487880123,0.9471132657558397,4538,112.47,1.2496233706687627,low,high,TravisCI,Java,10,open_issue_ratio=low | project_age_days=high | ci_type=TravisCI | mainLanguage=Java,JTAi
alovoa/alovoa,master,27372.0,21.0,1227.0,22.0,548.0,50.0,2020-01-06 05:26:55+00:00,296.0,67.0,Java,2025-04-13T10:01:21,107.0,GitHubActions,2022-03-23 20:00:39+00:00,24.54,0.2263513513513513,0.1412887828162291,0.5856801909307876,2095,85.71,11.66083993450458,low,low,GitHubActions,Java,12,open_issue_ratio=low | project_age_days=low | ci_type=GitHubActions | mainLanguage=Java,JGai
opsgenie/oec-scripts,master,21252.0,169.0,204.0,24.0,23.0,36.0,2019-03-05 01:15:13+00:00,27.0,7.0,Python,2025-04-18T12:15:33,89.0,GitHubActions,2020-09-15 21:49:10+00:00,5.666666666666667,0.2592592592592592,0.011240632805995,0.0849292256452955,2402,541.03,0.0,low,low,GitHubActions,Python,13,open_issue_ratio=low | project_age_days=low | ci_type=GitHubActions | mainLanguage=Python,PGai
mehtank/androminion,main,126465.0,26.0,1351.0,31.0,185.0,35.0,2015-04-19 01:45:01+00:00,566.0,136.0,Java,2024-08-27T10:24:21,111.0,GitHubActions,2024-08-11 15:57:36+00:00,38.6,0.2402826855123674,0.1482451545311681,0.3538501833420639,3818,80.21,0.0208528829110624,low,high,GitHubActions,Java,8,open_issue_ratio=low | project_age_days=high | ci_type=GitHubActions | mainLanguage=Java,JGAi
xlwings/xlwings,main,55688.0,187.0,2841.0,120.0,3125.0,64.0,2014-03-17 01:03:20+00:00,1946.0,367.0,Python,2025-04-17T12:27:19,645.0,GitHubActions,2020-01-31 14:25:54+00:00,44.390625,0.1885919835560123,0.4615749525616698,0.6738614800759013,4216,225.33,5.830576406464598,low,high,GitHubActions,Python,9,open_issue_ratio=low | project_age_days=high | ci_type=GitHubActions | mainLanguage=Python,PGAi
parallels/rq-dashboard,master,943.0,20.0,584.0,44.0,1457.0,69.0,2012-01-31 01:14:16+00:00,210.0,57.0,Python,2024-12-10T09:00:39,286.0,TravisCI,2018-01-20 08:54:15+00:00,8.46376811594203,0.2714285714285714,0.0420673076923076,0.1169871794871794,4992,240.44,1.6553428042001237,low,high,TravisCI,Python,11,open_issue_ratio=low | project_age_days=high | ci_type=TravisCI | mainLanguage=Python,PTAi
opengoofy/hippo4j,develop,23733.0,18.0,2353.0,77.0,5658.0,187.0,2021-06-16 02:59:48+00:00,687.0,97.0,Java,2025-02-23T03:03:40,896.0,GitHubActions,2022-07-17 05:56:10+00:00,12.58288770053476,0.1411935953420669,0.4381377551020408,1.500637755102041,1568,15.81,9.68295262872009,low,low,GitHubActions,Java,12,open_issue_ratio=low | project_age_days=low | ci_type=GitHubActions | mainLanguage=Java,JGai
tensorflow/tfx,master,245867.0,96.0,5969.0,87.0,2141.0,214.0,2019-02-04 05:14:36+00:00,916.0,33.0,Python,2025-03-26T04:24:50,6060.0,GitHubActions,2020-05-12 03:09:13+00:00,27.89252336448598,0.0360262008733624,0.376799670917318,2.4553681612505143,2431,261.32,40.81292960843342,low,low,GitHubActions,Python,13,open_issue_ratio=low | project_age_days=low | ci_type=GitHubActions | mainLanguage=Python,PGai
editd/kubetools,master,661.0,40.0,536.0,18.0,14.0,17.0,2019-01-30 02:57:16+00:00,65.0,23.0,Python,2024-12-18T09:57:48,101.0,TravisCI,2020-09-14 12:39:11+00:00,31.529411764705884,0.3538461538461538,0.0266830870279146,0.2200328407224959,2436,112.92,3.1766824954969706,high,low,TravisCI,Python,7,open_issue_ratio=high | project_age_days=low | ci_type=TravisCI | mainLanguage=Python,PTaI
jagrosh/musicbot,master,7798.0,38.0,287.0,118.0,5377.0,22.0,2016-08-14 06:46:29+00:00,997.0,165.0,Java,2024-08-12T05:28:38,230.0,TravisCI,2018-11-27 14:01:09+00:00,13.045454545454543,0.1654964894684052,0.2989505247376312,0.0860569715142428,3335,53.84,3.1737773152965656,low,low,TravisCI,Java,14,open_issue_ratio=low | project_age_days=low | ci_type=TravisCI | mainLanguage=Java,JTai
blusunrize/immersiveengineering,1.21.1,105146.0,63.0,5183.0,75.0,801.0,123.0,2015-04-04 10:29:28+00:00,5464.0,67.0,Java,2025-04-26T11:21:14,712.0,GitHubActions,2020-06-06 15:33:30+00:00,42.13821138211382,0.0122620790629575,1.4255152621967129,1.352204539525176,3833,101.75,0.3507514025211468,low,high,GitHubActions,Java,8,open_issue_ratio=low | project_age_days=high | ci_type=GitHubActions | mainLanguage=Java,JGAi
getodk/javarosa,master,14702.0,47.0,4902.0,16.0,54.0,74.0,2016-08-29 11:08:59+00:00,322.0,101.0,Java,2025-04-07T11:38:19,497.0,GitHubActions,2021-11-17 23:04:44+00:00,66.24324324324324,0.3136645962732919,0.0969879518072289,1.4765060240963856,3320,876.84,8.444768966066345,low,low,GitHubActions,Java,12,open_issue_ratio=low | project_age_days=low | ci_type=GitHubActions | mainLanguage=Java,JGai
astronomer/astronomer-providers,main,2504.0,41.0,965.0,32.0,145.0,28.0,2021-07-23 08:02:30+00:00,520.0,28.0,Python,2025-02-25T10:22:59,1071.0,GitHubActions,2023-04-26 00:50:52+00:00,34.464285714285715,0.0538461538461538,0.3396472893533638,0.6303069888961463,1531,74.9,53.4758070066763,low,low,GitHubActions,Python,13,open_issue_ratio=low | project_age_days=low | ci_type=GitHubActions | mainLanguage=Python,PGai
shinyhut/vernacular-vnc,master,176.0,15.0,113.0,7.0,74.0,,2017-07-24 02:21:34+00:00,16.0,1.0,Java,2024-03-20T01:22:18,20.0,TravisCI,2018-11-02 22:19:06+00:00,,0.0625,0.0053493814777666,0.0377800066867268,2991,0.0,0.0,low,low,TravisCI,Java,14,open_issue_ratio=low | project_age_days=low | ci_type=TravisCI | mainLanguage=Java,JTai
liquibase/liquibase-percona,main,1750.0,59.0,1461.0,14.0,43.0,14.0,2014-09-13 05:56:15+00:00,65.0,3.0,Java,2025-04-09T11:41:20,486.0,TravisCI,2016-03-19 17:47:40+00:00,104.35714285714286,0.0461538461538461,0.0161050545094152,0.36199207135778,4036,72.19,27.996945787732248,low,high,TravisCI,Java,10,open_issue_ratio=low | project_age_days=high | ci_type=TravisCI | mainLanguage=Java,JTAi
antlr/intellij-plugin-v4,master,28728.0,41.0,1100.0,20.0,477.0,30.0,2013-10-02 02:10:48+00:00,469.0,62.0,Java,2025-03-19T07:51:07,240.0,TravisCI,2015-07-01 18:41:13+00:00,36.66666666666666,0.1321961620469083,0.1070287539936102,0.2510269283432222,4382,117.86,11.357731423056936,low,high,TravisCI,Java,10,open_issue_ratio=low | project_age_days=high | ci_type=TravisCI | mainLanguage=Java,JTAi
codehaus-plexus/plexus-compiler,master,6937.0,13.0,886.0,11.0,35.0,83.0,2015-01-27 04:56:42+00:00,74.0,17.0,Java,2025-04-17T06:14:43,357.0,TravisCI,2016-08-13 04:24:11+00:00,10.674698795180722,0.2297297297297297,0.0189743589743589,0.2271794871794872,3900,340.05,56.95443645083933,low,high,TravisCI,Java,10,open_issue_ratio=low | project_age_days=high | ci_type=TravisCI | mainLanguage=Java,JTAi
ham-radio-software/d-rats,master,2549.0,15.0,507.0,14.0,52.0,8.0,2020-04-03 10:02:37+00:00,220.0,99.0,Python,2025-04-13T05:42:21,86.0,GitHubActions,2022-08-14 16:19:10+00:00,63.375,0.45,0.1096163428001993,0.2526158445440957,2007,141.67,26.54112927936712,high,low,GitHubActions,Python,5,open_issue_ratio=high | project_age_days=low | ci_type=GitHubActions | mainLanguage=Python,PGaI
gallopsled/pwntools,dev,28124.0,79.0,4503.0,286.0,12499.0,289.0,2013-04-29 02:43:03+00:00,1085.0,101.0,Python,2025-04-11T03:04:37,1474.0,TravisCI,2014-12-14 20:21:19+00:00,15.581314878892734,0.0930875576036866,0.2390921110621419,0.99228735125606,4538,183.75,0.6751604410528719,low,high,TravisCI,Python,11,open_issue_ratio=low | project_age_days=high | ci_type=TravisCI | mainLanguage=Python,PTAi
playa-ru/keycloak-russian-providers,master,2331.0,15.0,297.0,6.0,147.0,11.0,2018-10-17 01:35:21+00:00,32.0,1.0,Java,2024-10-28T03:13:16,18.0,GitHubActions,2023-05-22 05:17:20+00:00,27.0,0.03125,0.0125934671389216,0.1168831168831168,2541,166.55,0.0,low,low,GitHubActions,Java,12,open_issue_ratio=low | project_age_days=low | ci_type=GitHubActions | mainLanguage=Java,JGai
imperialcollegelondon/sharpy,main,62528.0,15.0,4455.0,20.0,147.0,35.0,2016-10-07 10:11:51+00:00,82.0,19.0,Python,2025-03-21T06:33:29,181.0,TravisCI,2018-11-08 15:25:29+00:00,127.28571428571428,0.2317073170731707,0.0249923803718378,1.3578177384943615,3281,89.76,31.52847971588581,low,low,TravisCI,Python,15,open_issue_ratio=low | project_age_days=low | ci_type=TravisCI | mainLanguage=Python,PTai
aws/aws-xray-sdk-java,master,1418.0,31.0,320.0,22.0,95.0,64.0,2017-03-06 06:04:56+00:00,177.0,74.0,Java,2025-04-03T09:48:54,242.0,TravisCI,2018-05-07 19:26:27+00:00,5.0,0.4180790960451977,0.0565314595975726,0.1022037687639731,3131,102.82,29.9786000062029,high,low,TravisCI,Java,6,open_issue_ratio=high | project_age_days=low | ci_type=TravisCI | mainLanguage=Java,JTaI
azure/autorest.java,main,216751.0,269.0,2046.0,203.0,33.0,20.0,2017-08-14 10:53:39+00:00,884.0,158.0,Java,2025-04-23T10:50:36,2199.0,GitHubActions,2020-11-30 04:10:20+00:00,102.3,0.1787330316742081,0.2976430976430976,0.6888888888888889,2970,204.78,177.3070557696173,low,low,GitHubActions,Java,12,open_issue_ratio=low | project_age_days=low | ci_type=GitHubActions | mainLanguage=Java,JGai
maxpixelstudios/minecraftdecompiler,master,38153.0,18.0,510.0,7.0,376.0,3.0,2019-11-01 05:34:43+00:00,46.0,4.0,Java,2025-04-09T05:28:43,127.0,GitHubActions,2020-12-05 13:39:55+00:00,170.0,0.0869565217391304,0.0212864414622859,0.2360018509949097,2161,60.13,0.1383127982991968,low,low,GitHubActions,Java,12,open_issue_ratio=low | project_age_days=low | ci_type=GitHubActions | mainLanguage=Java,JGai
hyperledger/fabric-gateway,main,5849.0,19.0,591.0,10.0,167.0,21.0,2020-09-15 09:49:35+00:00,168.0,9.0,Java,2025-04-25T08:47:16,578.0,GitHubActions,2022-03-23 17:21:06+00:00,28.142857142857142,0.0535714285714285,0.0912052117263843,0.3208469055374592,1842,57.85,16.019553072625698,low,low,GitHubActions,Java,12,open_issue_ratio=low | project_age_days=low | ci_type=GitHubActions | mainLanguage=Java,JGai
ablab/isoquant,master,20573.0,33.0,1423.0,12.0,162.0,15.0,2020-04-15 08:13:34+00:00,242.0,45.0,Python,2025-04-17T08:58:55,56.0,GitHubActions,2023-01-17 10:43:51+00:00,94.86666666666666,0.1859504132231405,0.1213032581453634,0.7132832080200501,1995,87.02,18.95676429567643,low,low,GitHubActions,Python,13,open_issue_ratio=low | project_age_days=low | ci_type=GitHubActions | mainLanguage=Python,PGai
avioconsulting/mule-custom-logger,main,626.0,14.0,194.0,7.0,15.0,13.0,2019-01-15 03:43:29+00:00,23.0,3.0,Java,2025-04-17T12:40:02,62.0,GitHubActions,2021-02-23 22:57:12+00:00,14.923076923076923,0.1304347826086956,0.0093839249286005,0.0791513667890656,2451,134.5,10.905982905982906,low,low,GitHubActions,Java,12,open_issue_ratio=low | project_age_days=low | ci_type=GitHubActions | mainLanguage=Java,JGai
aws-cloudformation/cloudformation-cli,master,1689.0,54.0,599.0,31.0,329.0,75.0,2018-08-07 09:33:19+00:00,449.0,133.0,Python,2025-03-31T07:02:52,640.0,TravisCI,2020-01-22 21:43:49+00:00,7.986666666666666,0.2962138084632517,0.1718989280245023,0.2293261868300153,2612,107.51,52.69105852720885,low,low,TravisCI,Python,15,open_issue_ratio=low | project_age_days=low | ci_type=TravisCI | mainLanguage=Python,PTai
astropy/specutils,main,17191.0,34.0,3083.0,25.0,183.0,101.0,2011-10-14 04:11:38+00:00,599.0,188.0,Python,2025-04-24T03:29:37,624.0,TravisCI,2013-04-13 10:02:07+00:00,30.524752475247524,0.3138564273789649,0.1174279553028817,0.6043912958243481,5101,294.25,68.80649810035374,low,high,TravisCI,Python,11,open_issue_ratio=low | project_age_days=high | ci_type=TravisCI | mainLanguage=Python,PTAi
spring-projects/spring-retry,main,1301.0,18.0,487.0,104.0,2221.0,91.0,2010-12-21 04:41:48+00:00,291.0,27.0,Java,2025-04-15T08:26:09,182.0,TravisCI,2017-07-17 14:08:38+00:00,5.351648351648351,0.0927835051546391,0.0539088551315301,0.0902185994812893,5398,231.39,72.07956063529761,low,high,TravisCI,Java,10,open_issue_ratio=low | project_age_days=high | ci_type=TravisCI | mainLanguage=Java,JTAi
django-money/django-money,main,1426.0,59.0,1210.0,26.0,1704.0,122.0,2011-05-15 12:13:19+00:00,371.0,80.0,Python,2025-04-27T01:51:26,409.0,TravisCI,2013-11-18 11:57:05+00:00,9.918032786885243,0.215633423180593,0.0706263087759375,0.2303445650104702,5253,135.52,63.83233532934132,low,high,TravisCI,Python,11,open_issue_ratio=low | project_age_days=high | ci_type=TravisCI | mainLanguage=Python,PTAi
econ-ark/hark,master,176415.0,24.0,4537.0,31.0,345.0,75.0,2016-01-26 06:04:38+00:00,617.0,134.0,Python,2025-04-19T02:42:02,901.0,TravisCI,2018-11-05 12:22:19+00:00,60.49333333333333,0.2171799027552674,0.1744909502262443,1.2830882352941178,3536,378.75,8.549865831842576,low,high,TravisCI,Python,11,open_issue_ratio=low | project_age_days=high | ci_type=TravisCI | mainLanguage=Python,PTAi
techreborn/techreborn,1.21,46873.0,252.0,6079.0,31.0,337.0,148.0,2015-04-09 11:19:27+00:00,2556.0,4.0,Java,2025-04-17T01:44:26,642.0,GitHubActions,2020-10-13 19:44:55+00:00,41.07432432432432,0.001564945226917,0.6677115987460815,1.5880355276907,3828,36.45,0.0,low,high,GitHubActions,Java,8,open_issue_ratio=low | project_age_days=high | ci_type=GitHubActions | mainLanguage=Java,JGAi
neuralensemble/elephant,master,7288.0,23.0,602.0,15.0,207.0,53.0,2013-05-27 08:59:34+00:00,166.0,16.0,Python,2025-03-25T11:02:14,493.0,TravisCI,2014-06-25 19:03:45+00:00,11.358490566037736,0.0963855421686747,0.0368070953436807,0.1334811529933481,4510,298.37,59.88146931111372,low,high,TravisCI,Python,11,open_issue_ratio=low | project_age_days=high | ci_type=TravisCI | mainLanguage=Python,PTAi
zeuswpi/hydra-android,master,16449.0,83.0,3386.0,8.0,28.0,61.0,2015-04-04 10:31:08+00:00,167.0,8.0,Java,2025-04-02T08:04:55,884.0,TravisCI,2017-11-23 22:51:42+00:00,55.50819672131148,0.0479041916167664,0.0435690060005217,0.8833811635794417,3833,117.21,17.150565262076054,low,high,TravisCI,Java,10,open_issue_ratio=low | project_age_days=high | ci_type=TravisCI | mainLanguage=Java,JTAi
hep-fcc/fccsw,master,180546.0,23.0,3129.0,25.0,33.0,44.0,2014-07-01 01:16:22+00:00,70.0,17.0,Python,2024-09-20T07:36:50,407.0,GitHubActions,2020-06-04 12:11:16+00:00,71.11363636363636,0.2428571428571428,0.0170316301703163,0.7613138686131387,4110,236.5,0.0,low,high,GitHubActions,Python,9,open_issue_ratio=low | project_age_days=high | ci_type=GitHubActions | mainLanguage=Python,PGAi
codehaus-plexus/plexus-archiver,master,18130.0,50.0,1006.0,7.0,47.0,67.0,2015-01-27 04:28:31+00:00,119.0,12.0,Java,2025-04-17T06:02:01,246.0,TravisCI,2016-04-10 10:47:52+00:00,15.014925373134329,0.1008403361344537,0.0305128205128205,0.2579487179487179,3900,149.86,49.54542039221579,low,high,TravisCI,Java,10,open_issue_ratio=low | project_age_days=high | ci_type=TravisCI | mainLanguage=Java,JTAi
ifeilong/feilong,master,33409.0,45.0,768.0,5.0,119.0,1.0,2020-04-03 03:14:35+00:00,737.0,85.0,Java,2025-01-01T01:32:02,24.0,GitHubActions,2022-07-26 03:36:10+00:00,768.0,0.1153324287652645,0.3672147483806676,0.382660687593423,2007,97.76,45.98487432933556,low,low,GitHubActions,Java,12,open_issue_ratio=low | project_age_days=low | ci_type=GitHubActions | mainLanguage=Java,JGai
pivotal-energy-solutions/django-datatable-view,master,1348.0,54.0,1032.0,45.0,347.0,41.0,2012-11-21 08:08:16+00:00,175.0,47.0,Python,2024-11-12T09:16:08,89.0,TravisCI,2015-10-22 20:43:46+00:00,25.17073170731708,0.2685714285714285,0.03725782414307,0.2197147115179902,4697,215.51,17.19169719169719,low,high,TravisCI,Python,11,open_issue_ratio=low | project_age_days=high | ci_type=TravisCI | mainLanguage=Python,PTAi
lovvskillz/python-discord-webhook,master,621.0,27.0,183.0,8.0,505.0,19.0,2018-08-19 11:33:54+00:00,112.0,15.0,Python,2025-03-05T10:10:09,52.0,GitHubActions,2022-07-23 10:11:35+00:00,9.63157894736842,0.1339285714285714,0.043076923076923,0.0703846153846153,2600,53.29,17.62894534257121,low,low,GitHubActions,Python,13,open_issue_ratio=low | project_age_days=low | ci_type=GitHubActions | mainLanguage=Python,PGai
getstream/stream-chat-java,main,6778.0,48.0,482.0,34.0,19.0,24.0,2019-03-26 09:47:10+00:00,23.0,1.0,Java,2025-04-14T02:22:22,157.0,GitHubActions,2021-04-26 07:49:54+00:00,20.08333333333333,0.0434782608695652,0.0096598068038639,0.2024359512809743,2381,51.83,26.78657945736434,low,low,GitHubActions,Java,12,open_issue_ratio=low | project_age_days=low | ci_type=GitHubActions | mainLanguage=Java,JGai
home-assistant-ecosystem/home-assistant-cli,dev,613.0,19.0,508.0,15.0,416.0,27.0,2016-07-27 10:39:03+00:00,122.0,28.0,Python,2024-05-12T09:51:01,293.0,TravisCI,2018-12-07 12:24:40+00:00,18.814814814814813,0.2295081967213114,0.036385326573218,0.1515061139278258,3353,94.34,18.676368676368675,low,low,TravisCI,Python,15,open_issue_ratio=low | project_age_days=low | ci_type=TravisCI | mainLanguage=Python,PTai
cpjku/partitura,main,6736.0,23.0,2363.0,14.0,274.0,25.0,2019-09-20 04:58:54+00:00,207.0,26.0,Python,2025-02-27T10:20:17,223.0,GitHubActions,2021-11-23 15:11:29+00:00,94.52,0.1256038647342995,0.0939627780299591,1.0726282342260554,2203,100.97,9.512125805229251,low,low,GitHubActions,Python,13,open_issue_ratio=low | project_age_days=low | ci_type=GitHubActions | mainLanguage=Python,PGai
glencoesoftware/bioformats2raw,master,1066.0,28.0,776.0,17.0,88.0,16.0,2019-10-09 02:47:33+00:00,96.0,16.0,Java,2025-04-15T02:26:30,175.0,GitHubActions,2021-08-23 16:35:22+00:00,48.5,0.1666666666666666,0.0439560439560439,0.3553113553113553,2184,101.73,27.502348397870787,low,low,GitHubActions,Java,12,open_issue_ratio=low | project_age_days=low | ci_type=GitHubActions | mainLanguage=Java,JGai
nextcloud/android-singlesignon,main,4596.0,36.0,1971.0,19.0,71.0,25.0,2014-06-05 09:19:34+00:00,109.0,21.0,Java,2025-04-25T10:42:04,723.0,GitHubActions,2020-10-06 12:31:42+00:00,78.84,0.1926605504587156,0.0263539651837524,0.4765473887814313,4136,171.77,4.810097132553946,low,high,GitHubActions,Java,8,open_issue_ratio=low | project_age_days=high | ci_type=GitHubActions | mainLanguage=Java,JGAi
mltony/nvda-tonys-enhancements,master,11953.0,24.0,174.0,3.0,14.0,6.0,2019-10-01 07:25:27+00:00,23.0,6.0,Python,2025-04-22T05:11:33,12.0,GitHubActions,2023-04-30 09:53:11+00:00,29.0,0.2608695652173913,0.010492700729927,0.0793795620437956,2192,427.6,0.0,low,low,GitHubActions,Python,13,open_issue_ratio=low | project_age_days=low | ci_type=GitHubActions | mainLanguage=Python,PGai
oxaliscommunity/oxalis,master,8913.0,47.0,1529.0,61.0,140.0,39.0,2011-12-21 10:49:54+00:00,522.0,14.0,Java,2025-04-25T03:39:50,67.0,TravisCI,2015-12-16 07:15:51+00:00,39.20512820512821,0.0268199233716475,0.1037154778462149,0.3037949533081661,5033,117.88,36.606746938636284,low,high,TravisCI,Java,10,open_issue_ratio=low | project_age_days=high | ci_type=TravisCI | mainLanguage=Java,JTAi
citusdata/tools,develop,1444.0,34.0,454.0,31.0,14.0,31.0,2016-01-07 01:24:27+00:00,63.0,22.0,Python,2025-01-29T11:10:54,314.0,GitHubActions,2021-05-11 17:37:06+00:00,14.64516129032258,0.3492063492063492,0.0177215189873417,0.1277074542897327,3555,183.04,20.88563458856346,low,high,GitHubActions,Python,9,open_issue_ratio=low | project_age_days=high | ci_type=GitHubActions | mainLanguage=Python,PGAi
spring-projects/spring-ldap,main,27549.0,53.0,1561.0,40.0,350.0,51.0,2013-07-02 10:23:31+00:00,798.0,88.0,Java,2025-04-17T07:16:42,269.0,TravisCI,2016-03-18 15:08:03+00:00,30.607843137254903,0.1102756892230576,0.178363880196692,0.3489047831917747,4474,193.73,72.49455337690632,low,high,TravisCI,Java,10,open_issue_ratio=low | project_age_days=high | ci_type=TravisCI | mainLanguage=Java,JTAi
cloudfoundry/cf-java-client,main,80840.0,115.0,4773.0,78.0,328.0,96.0,2011-09-21 11:22:33+00:00,780.0,81.0,Java,2025-04-14T08:06:17,482.0,TravisCI,2013-06-27 23:25:02+00:00,49.71875,0.1038461538461538,0.1522248243559719,0.9314988290398126,5124,103.7,48.46148540979263,low,high,TravisCI,Java,10,open_issue_ratio=low | project_age_days=high | ci_type=TravisCI | mainLanguage=Java,JTAi
fritzsedlazeck/sniffles,master,12998.0,28.0,432.0,28.0,585.0,19.0,2015-10-25 06:32:47+00:00,517.0,56.0,Python,2025-04-13T08:51:22,33.0,GitHubActions,2024-04-10 13:27:22+00:00,22.73684210526316,0.1083172147001934,0.1424634885643428,0.119041058142739,3629,161.87,5.868790609935024,low,high,GitHubActions,Python,9,open_issue_ratio=low | project_age_days=high | ci_type=GitHubActions | mainLanguage=Python,PGAi
digitalocean/pydo,main,7758.0,15.0,341.0,13.0,107.0,21.0,2021-04-27 11:04:08+00:00,41.0,8.0,Python,2025-04-25T03:53:59,404.0,GitHubActions,2022-05-20 01:02:43+00:00,16.238095238095237,0.1951219512195122,0.0253399258343634,0.2107540173053152,1618,93.73,15.933232169954476,low,low,GitHubActions,Python,13,open_issue_ratio=low | project_age_days=low | ci_type=GitHubActions | mainLanguage=Python,PGai
saml-toolkits/python-saml,master,5077.0,31.0,497.0,54.0,663.0,48.0,2011-07-18 04:36:09+00:00,201.0,7.0,Python,2024-10-07T08:35:08,116.0,TravisCI,2014-10-03 18:20:05+00:00,10.354166666666666,0.0348258706467661,0.0387357872422432,0.0957795336288302,5189,79.67,19.957716701902747,low,high,TravisCI,Python,11,open_issue_ratio=low | project_age_days=high | ci_type=TravisCI | mainLanguage=Python,PTAi
dcs-liberation/dcs_liberation,develop,229318.0,49.0,4639.0,23.0,746.0,81.0,2018-08-08 09:40:53+00:00,1995.0,338.0,Python,2025-04-27T08:50:28,1379.0,GitHubActions,2020-08-22 10:00:28+00:00,57.27160493827161,0.1694235588972431,0.7640750670241286,1.7767139027192649,2611,70.48,1.397489446043246,low,low,GitHubActions,Python,13,open_issue_ratio=low | project_age_days=low | ci_type=GitHubActions | mainLanguage=Python,PGai
jenkinsci/azure-vm-agents-plugin,master,2389.0,82.0,1020.0,11.0,47.0,77.0,2016-12-05 09:03:04+00:00,190.0,27.0,Java,2025-04-21T02:01:09,466.0,GitHubActions,2021-03-28 20:01:35+00:00,13.246753246753247,0.1421052631578947,0.0589695841092489,0.3165735567970205,3222,470.85,16.066621803499327,low,low,GitHubActions,Java,12,open_issue_ratio=low | project_age_days=low | ci_type=GitHubActions | mainLanguage=Java,JGai
microsoft/onnxconverter-common,master,56631.0,13.0,254.0,14.0,252.0,22.0,2019-04-16 09:35:19+00:00,66.0,28.0,Python,2024-12-03T05:31:06,243.0,GitHubActions,2022-06-08 03:26:44+00:00,11.545454545454543,0.4242424242424242,0.0279661016949152,0.1076271186440677,2360,217.56,13.717234822762462,high,low,GitHubActions,Python,5,open_issue_ratio=high | project_age_days=low | ci_type=GitHubActions | mainLanguage=Python,PGaI
datacamp/pythonwhat,master,3298.0,31.0,942.0,29.0,72.0,,2016-02-09 10:53:56+00:00,258.0,34.0,Python,2025-03-28T04:09:17,163.0,TravisCI,2017-02-27 20:29:37+00:00,,0.1317829457364341,0.0732538330494037,0.2674616695059625,3522,0.0,79.40451745379877,low,low,TravisCI,Python,15,open_issue_ratio=low | project_age_days=low | ci_type=TravisCI | mainLanguage=Python,PTai
codespell-project/codespell,main,28107.0,38.0,5285.0,24.0,2098.0,227.0,2011-01-28 05:23:32+00:00,534.0,178.0,Python,2025-04-27T09:35:59,3158.0,TravisCI,2016-04-27 13:36:00+00:00,23.281938325991188,0.3333333333333333,0.0996268656716417,0.9860074626865672,5360,149.88,2.593638958466826,low,high,TravisCI,Python,11,open_issue_ratio=low | project_age_days=high | ci_type=TravisCI | mainLanguage=Python,PTAi
sopel-irc/sopel,master,9545.0,74.0,6290.0,59.0,958.0,179.0,2011-12-22 05:59:00+00:00,1271.0,152.0,Python,2025-04-15T08:54:06,1393.0,TravisCI,2014-03-07 13:15:55+00:00,35.13966480446928,0.1195908733280881,0.2525834658187599,1.25,5032,206.16,61.506440228047424,low,high,TravisCI,Python,11,open_issue_ratio=low | project_age_days=high | ci_type=TravisCI | mainLanguage=Python,PTAi
thenaterhood/gscreenshot,dev,1032.0,75.0,548.0,4.0,68.0,9.0,2015-08-09 11:54:07+00:00,54.0,3.0,Python,2025-04-24T02:07:22,182.0,GitHubActions,2020-12-05 03:55:16+00:00,60.888888888888886,0.0555555555555555,0.0145709660010793,0.1478683216405828,3706,163.99,18.55072463768116,low,high,GitHubActions,Python,9,open_issue_ratio=low | project_age_days=high | ci_type=GitHubActions | mainLanguage=Python,PGAi
pypa/gh-action-pypi-publish,unstable/v1,435.0,47.0,385.0,11.0,991.0,32.0,2019-03-27 06:44:44+00:00,141.0,18.0,Python,2025-02-24T04:34:17,124.0,GitHubActions,2022-12-05 22:01:24+00:00,12.03125,0.1276595744680851,0.0592436974789915,0.1617647058823529,2380,63.1,9.539052496798975,low,low,GitHubActions,Python,13,open_issue_ratio=low | project_age_days=low | ci_type=GitHubActions | mainLanguage=Python,PGai
celery/kombu,main,9007.0,38.0,3780.0,70.0,2984.0,411.0,2010-06-23 10:10:24+00:00,912.0,167.0,Python,2025-04-16T12:45:46,1273.0,TravisCI,2012-02-27 17:28:11+00:00,9.197080291970805,0.1831140350877192,0.163470155941925,0.6775407779171895,5579,221.72,58.03369448743898,low,high,TravisCI,Python,11,open_issue_ratio=low | project_age_days=high | ci_type=TravisCI | mainLanguage=Python,PTAi
project-agml/agml,main,222079.0,27.0,1058.0,14.0,209.0,21.0,2021-10-29 01:44:40+00:00,28.0,9.0,Python,2025-04-22T12:40:46,48.0,GitHubActions,2023-05-11 17:50:49+00:00,50.38095238095238,0.3214285714285714,0.0195394277739009,0.73831123517097,1433,29.95,3.495529067036126,low,low,GitHubActions,Python,13,open_issue_ratio=low | project_age_days=low | ci_type=GitHubActions | mainLanguage=Python,PGai
oncokb/oncokb,master,53597.0,214.0,4332.0,6.0,32.0,24.0,2015-06-05 08:39:31+00:00,2248.0,161.0,Java,2025-04-25T02:31:08,1647.0,TravisCI,2017-03-19 20:24:21+00:00,180.5,0.0716192170818505,0.596128347918324,1.1487669053301512,3771,118.92,2.287403191863247,low,high,TravisCI,Java,10,open_issue_ratio=low | project_age_days=high | ci_type=TravisCI | mainLanguage=Java,JTAi
semanticapplicationdesignlanguage/sadl,development,97937.0,72.0,3905.0,16.0,29.0,29.0,2014-07-25 11:19:20+00:00,509.0,90.0,Java,2024-05-27T12:53:26,669.0,TravisCI,2017-09-07 16:06:22+00:00,134.6551724137931,0.1768172888015717,0.1245717082721488,0.955702398433676,4086,45.25,3.924599289336751,low,high,TravisCI,Java,10,open_issue_ratio=low | project_age_days=high | ci_type=TravisCI | mainLanguage=Java,JTAi
biocore/biom-format,master,21422.0,14.0,2268.0,20.0,92.0,62.0,2012-04-11 11:10:28+00:00,490.0,23.0,Python,2024-12-05T04:50:30,499.0,TravisCI,2013-12-05 06:12:37+00:00,36.58064516129032,0.046938775510204,0.0995732574679943,0.460881934566145,4921,214.65,68.0888575458392,low,high,TravisCI,Python,11,open_issue_ratio=low | project_age_days=high | ci_type=TravisCI | mainLanguage=Python,PTAi
sap/sapmachine,sapmachine,763348.0,999.0,144497.0,35.0,531.0,1999.0,2017-11-13 09:40:03+00:00,361.0,3.0,Java,2025-04-26T10:15:03,1592.0,GitHubActions,2020-09-28 09:31:51+00:00,72.28464232116058,0.0083102493074792,0.1253907606807919,50.189996526571726,2879,38.31,56.170333501666825,low,low,GitHubActions,Java,12,open_issue_ratio=low | project_age_days=low | ci_type=GitHubActions | mainLanguage=Java,JGai
google/emboss,master,1723.0,89.0,265.0,9.0,79.0,17.0,2019-08-01 12:30:02+00:00,89.0,62.0,Python,2025-02-04T04:35:45,130.0,GitHubActions,2022-09-07 18:47:34+00:00,15.588235294117649,0.6966292134831461,0.039502885042166,0.1176209498446515,2253,76.03,23.124515576345168,high,low,GitHubActions,Python,5,open_issue_ratio=high | project_age_days=low | ci_type=GitHubActions | mainLanguage=Python,PGaI
gnembon/fabric-carpet,master,9584.0,155.0,3665.0,26.0,1796.0,87.0,2019-05-10 02:54:10+00:00,1352.0,363.0,Java,2025-04-16T07:52:16,603.0,GitHubActions,2020-10-22 20:04:27+00:00,42.12643678160919,0.268491124260355,0.5787671232876712,1.5689212328767124,2336,42.53,0.0540875900796996,low,low,GitHubActions,Java,12,open_issue_ratio=low | project_age_days=low | ci_type=GitHubActions | mainLanguage=Java,JGai
ipfs-shipyard/java-ipfs-http-client,master,1472.0,22.0,360.0,39.0,544.0,26.0,2015-08-31 03:09:30+00:00,150.0,8.0,Java,2025-02-28T08:08:36,92.0,TravisCI,2017-09-05 09:14:34+00:00,13.846153846153848,0.0533333333333333,0.0407166123778501,0.0977198697068403,3684,385.78,26.643673205432204,low,high,TravisCI,Java,10,open_issue_ratio=low | project_age_days=high | ci_type=TravisCI | mainLanguage=Java,JTAi
spongepowered/spongegradle,2.x,1050.0,19.0,202.0,15.0,21.0,8.0,2016-01-05 02:09:00+00:00,23.0,3.0,Java,2025-03-22T12:26:47,78.0,GitHubActions,2021-02-17 04:02:49+00:00,25.25,0.1304347826086956,0.0064661231374754,0.0567894292943491,3557,526.46,11.470113085621971,low,high,GitHubActions,Java,8,open_issue_ratio=low | project_age_days=high | ci_type=GitHubActions | mainLanguage=Java,JGAi
atlauncher/atlauncher,master,17227.0,212.0,3798.0,27.0,711.0,47.0,2013-09-02 11:28:26+00:00,763.0,142.0,Java,2025-03-21T11:32:57,229.0,GitHubActions,2019-08-14 10:56:40+00:00,80.80851063829788,0.1861074705111402,0.1729374433363553,0.8608340888485947,4412,200.46,2.450240923270698,low,high,GitHubActions,Java,8,open_issue_ratio=low | project_age_days=high | ci_type=GitHubActions | mainLanguage=Java,JGAi
xuxueli/xxl-rpc,master,28098.0,18.0,534.0,48.0,639.0,12.0,2015-11-13 11:32:11+00:00,45.0,1.0,Java,2025-01-25T05:23:47,12.0,TravisCI,2018-10-27 12:22:55+00:00,44.5,0.0222222222222222,0.0124653739612188,0.1479224376731301,3610,465.72,2.922267679719462,low,high,TravisCI,Java,10,open_issue_ratio=low | project_age_days=high | ci_type=TravisCI | mainLanguage=Java,JTAi
swagger-api/validator-badge,master,408.0,23.0,332.0,21.0,211.0,29.0,2014-08-19 06:18:38+00:00,109.0,40.0,Java,2025-01-17T10:10:56,151.0,TravisCI,2016-01-04 22:03:27+00:00,11.448275862068966,0.3669724770642202,0.0268406796355577,0.0817532627431667,4061,105.95,5.320730039831163,high,high,TravisCI,Java,2,open_issue_ratio=high | project_age_days=high | ci_type=TravisCI | mainLanguage=Java,JTAI
pyinstaller/pyinstaller,develop,67587.0,71.0,9696.0,229.0,12321.0,483.0,2011-11-23 11:05:56+00:00,5496.0,261.0,Python,2025-04-20T05:06:29,2558.0,TravisCI,2014-01-16 03:04:41+00:00,20.07453416149068,0.0474890829694323,1.0859513930053348,1.9158269116775344,5061,142.33,29.11037871379764,low,high,TravisCI,Python,11,open_issue_ratio=low | project_age_days=high | ci_type=TravisCI | mainLanguage=Python,PTAi
powerapi-ng/smartwatts-formula,master,677.0,27.0,639.0,6.0,32.0,11.0,2019-05-05 10:00:42+00:00,26.0,1.0,Python,2025-04-25T09:25:51,189.0,GitHubActions,2021-09-28 12:45:12+00:00,58.09090909090909,0.0384615384615384,0.0111063648013669,0.2729602733874413,2341,155.48,14.02439024390244,low,low,GitHubActions,Python,13,open_issue_ratio=low | project_age_days=low | ci_type=GitHubActions | mainLanguage=Python,PGai
usnistgov/fipy,master,709010.0,31.0,5620.0,30.0,530.0,26.0,2014-08-25 02:27:58+00:00,787.0,162.0,Python,2025-02-14T06:31:56,215.0,TravisCI,2016-01-30 03:57:30+00:00,216.15384615384616,0.2058449809402795,0.1940813810110974,1.3859432799013562,4055,157.76,6.818117957795948,low,high,TravisCI,Python,11,open_issue_ratio=low | project_age_days=high | ci_type=TravisCI | mainLanguage=Python,PTAi
mcxboxbroadcast/broadcaster,master,797.0,79.0,266.0,16.0,346.0,12.0,2022-03-15 03:16:50+00:00,181.0,19.0,Java,2025-04-25T07:53:49,21.0,GitHubActions,2023-08-03 16:58:48+00:00,22.166666666666668,0.1049723756906077,0.1396604938271605,0.2052469135802469,1296,23.53,0.0,low,low,GitHubActions,Java,12,open_issue_ratio=low | project_age_days=low | ci_type=GitHubActions | mainLanguage=Java,JGai
deegree/deegree3,main,368753.0,46.0,10173.0,21.0,153.0,66.0,2012-11-30 10:53:44+00:00,635.0,240.0,Java,2025-04-16T03:45:55,1170.0,TravisCI,2014-04-23 16:49:31+00:00,154.13636363636363,0.3779527559055118,0.1354522184300341,2.1700085324232083,4688,478.57,7.279983875169293,high,high,TravisCI,Java,2,open_issue_ratio=high | project_age_days=high | ci_type=TravisCI | mainLanguage=Java,JTAI
otsaloma/gaupol,master,18004.0,51.0,2568.0,13.0,258.0,27.0,2011-04-09 01:46:24+00:00,201.0,16.0,Python,2025-04-19T11:16:39,26.0,TravisCI,2016-07-07 00:07:41+00:00,95.11111111111111,0.0796019900497512,0.0380034032898468,0.4855360181508791,5289,87.79,12.63803680981595,low,high,TravisCI,Python,11,open_issue_ratio=low | project_age_days=high | ci_type=TravisCI | mainLanguage=Python,PTAi
appium/appium-uiautomator2-server,master,3343.0,133.0,871.0,37.0,354.0,52.0,2016-03-07 05:18:34+00:00,167.0,66.0,Java,2025-04-24T07:53:48,504.0,TravisCI,2018-03-23 15:39:31+00:00,16.75,0.3952095808383233,0.0477825464949928,0.2492131616595136,3495,127.27,35.61072173773474,high,low,TravisCI,Java,6,open_issue_ratio=high | project_age_days=low | ci_type=TravisCI | mainLanguage=Java,JTaI
ctlearn-project/ctlearn,main,85582.0,19.0,1682.0,16.0,54.0,22.0,2016-10-13 01:31:16+00:00,124.0,23.0,Python,2025-04-07T08:59:31,120.0,TravisCI,2017-11-20 19:57:03+00:00,76.45454545454545,0.1854838709677419,0.0378625954198473,0.5135877862595419,3275,153.03,2.3227679651584805,low,low,TravisCI,Python,15,open_issue_ratio=low | project_age_days=low | ci_type=TravisCI | mainLanguage=Python,PTai
wiremock/wiremock,master,47787.0,50.0,3770.0,136.0,6749.0,299.0,2011-10-09 08:27:24+00:00,1526.0,390.0,Java,2025-04-24T09:09:32,1499.0,TravisCI,2015-02-13 04:39:37+00:00,12.608695652173912,0.255570117955439,0.2988640814727771,0.7383470426948687,5106,190.2,65.96397643067583,low,high,TravisCI,Java,10,open_issue_ratio=low | project_age_days=high | ci_type=TravisCI | mainLanguage=Java,JTAi
jenkinsci/sonar-gerrit-plugin,master,5682.0,22.0,419.0,100.0,27.0,19.0,2015-10-03 12:52:10+00:00,74.0,12.0,Java,2025-04-01T10:43:33,143.0,GitHubActions,2022-01-02 10:27:12+00:00,22.05263157894737,0.1621621621621621,0.0202684196110654,0.1147630786086003,3651,355.77,47.64870756773591,low,high,GitHubActions,Java,8,open_issue_ratio=low | project_age_days=high | ci_type=GitHubActions | mainLanguage=Java,JGAi
cartwrightian/cfnassist,master,257759.0,30.0,340.0,5.0,20.0,,2013-10-21 10:33:58+00:00,13.0,5.0,Java,2025-03-18T02:08:31,74.0,TravisCI,2017-06-01 20:55:47+00:00,,0.3846153846153846,0.0029796011918404,0.0779280311712124,4363,0.0,53.07312460600967,high,high,TravisCI,Java,2,open_issue_ratio=high | project_age_days=high | ci_type=TravisCI | mainLanguage=Java,JTAI
wmo-im/grib2,master,2954.0,17.0,687.0,19.0,27.0,13.0,2018-11-23 10:07:34+00:00,158.0,19.0,Python,2025-03-04T02:39:14,152.0,GitHubActions,2024-06-04 10:51:28+00:00,52.84615384615385,0.120253164556962,0.0630990415335463,0.2743610223642173,2504,314.8,0.0,low,low,GitHubActions,Python,13,open_issue_ratio=low | project_age_days=low | ci_type=GitHubActions | mainLanguage=Python,PGai
bastillion-io/bastillion,master,3969.0,18.0,774.0,120.0,3109.0,23.0,2013-02-07 11:11:49+00:00,355.0,130.0,Java,2024-02-22T10:46:15,196.0,GitHubActions,2022-01-08 13:54:25+00:00,33.65217391304348,0.3661971830985915,0.0768564624377571,0.1675687378220394,4619,60.66,0.0,high,high,GitHubActions,Java,0,open_issue_ratio=high | project_age_days=high | ci_type=GitHubActions | mainLanguage=Java,JGAI
assimbly/runtime,develop,33494.0,17.0,1105.0,1.0,18.0,16.0,2018-02-16 10:02:44+00:00,195.0,12.0,Java,2025-04-16T02:10:20,211.0,GitHubActions,2022-11-30 13:28:33+00:00,69.0625,0.0615384615384615,0.0700431034482758,0.3969109195402299,2784,28.75,5.07456281514859,low,low,GitHubActions,Java,12,open_issue_ratio=low | project_age_days=low | ci_type=GitHubActions | mainLanguage=Java,JGai
sel4/camkes-tool,master,6100.0,18.0,2367.0,24.0,29.0,52.0,2014-07-22 07:51:59+00:00,30.0,15.0,Python,2025-03-17T12:00:10,125.0,GitHubActions,2020-06-21 02:30:43+00:00,45.51923076923077,0.5,0.0073367571533382,0.5788701393983859,4089,354.42,24.82221213496747,high,high,GitHubActions,Python,1,open_issue_ratio=high | project_age_days=high | ci_type=GitHubActions | mainLanguage=Python,PGAI
pylons/waitress,main,1803.0,32.0,1066.0,37.0,1485.0,57.0,2011-12-17 06:58:21+00:00,244.0,13.0,Python,2025-03-07T02:29:26,213.0,TravisCI,2014-12-19 02:36:09+00:00,18.70175438596491,0.0532786885245901,0.0484415326583283,0.2116339090728608,5037,145.29,75.99845797995374,low,high,TravisCI,Python,11,open_issue_ratio=low | project_age_days=high | ci_type=TravisCI | mainLanguage=Python,PTAi
mozilla/pontoon,main,47378.0,29.0,6208.0,44.0,1543.0,129.0,2011-02-19 11:25:51+00:00,916.0,339.0,Python,2025-04-25T04:34:23,2688.0,TravisCI,2015-08-25 21:41:28+00:00,48.12403100775194,0.3700873362445415,0.1715998501311352,1.162982390408393,5338,372.72,13.357583894713011,high,high,TravisCI,Python,3,open_issue_ratio=high | project_age_days=high | ci_type=TravisCI | mainLanguage=Python,PTAI
ydb-platform/ydb-python-sdk,main,4553.0,111.0,1618.0,12.0,90.0,64.0,2019-04-16 12:42:56+00:00,189.0,107.0,Python,2025-04-25T07:26:28,400.0,GitHubActions,2021-11-26 13:26:17+00:00,25.28125,0.5661375661375662,0.0800847457627118,0.6855932203389831,2360,33.71,10.38588847410666,high,low,GitHubActions,Python,5,open_issue_ratio=high | project_age_days=low | ci_type=GitHubActions | mainLanguage=Python,PGaI
korpling/annis,main,189666.0,111.0,8905.0,12.0,75.0,38.0,2012-08-17 08:03:40+00:00,580.0,47.0,Java,2025-04-15T09:20:51,278.0,TravisCI,2016-06-15 11:44:11+00:00,234.3421052631579,0.0810344827586206,0.1210098059670352,1.857917796786981,4793,309.29,3.688325394731361,low,high,TravisCI,Java,10,open_issue_ratio=low | project_age_days=high | ci_type=TravisCI | mainLanguage=Java,JTAi
oskarsh/yin-yang,master,24977.0,26.0,768.0,8.0,661.0,50.0,2018-12-23 09:10:47+00:00,210.0,40.0,Python,2025-04-27T09:41:44,107.0,GitHubActions,2022-08-31 14:17:42+00:00,15.36,0.1904761904761904,0.0848827809215844,0.3104284559417947,2474,166.86,17.000339328130302,low,low,GitHubActions,Python,13,open_issue_ratio=low | project_age_days=low | ci_type=GitHubActions | mainLanguage=Python,PGai
delvtech/agent0,main,66797.0,56.0,1270.0,8.0,55.0,16.0,2020-10-28 03:12:03+00:00,384.0,34.0,Python,2025-01-24T11:55:25,1353.0,GitHubActions,2022-09-23 17:42:50+00:00,79.375,0.0885416666666666,0.2134519177320733,0.7059477487493052,1799,54.21,35.53933574997551,low,low,GitHubActions,Python,13,open_issue_ratio=low | project_age_days=low | ci_type=GitHubActions | mainLanguage=Python,PGai
topquadrant/shacl,master,3004.0,14.0,567.0,64.0,222.0,25.0,2015-05-24 07:34:24+00:00,131.0,5.0,Java,2025-01-13T12:22:54,53.0,GitHubActions,2023-02-28 10:05:18+00:00,22.68,0.0381679389312977,0.0346286016389109,0.1498810467882632,3783,140.79,8.727674461425151,low,high,GitHubActions,Java,8,open_issue_ratio=low | project_age_days=high | ci_type=GitHubActions | mainLanguage=Java,JGAi
indigo-iam/iam,master,15244.0,29.0,2032.0,13.0,109.0,23.0,2016-03-10 03:02:53+00:00,507.0,126.0,Java,2025-02-11T01:37:07,428.0,TravisCI,2017-11-17 13:30:25+00:00,88.34782608695652,0.2485207100591716,0.1451890034364261,0.581901489117984,3492,355.23,41.05730068817003,low,low,TravisCI,Java,14,open_issue_ratio=low | project_age_days=low | ci_type=TravisCI | mainLanguage=Java,JTai
spiral-project/ihatemoney,main,17704.0,13.0,1411.0,24.0,1232.0,193.0,2011-03-10 02:38:21+00:00,500.0,45.0,Python,2025-01-28T03:09:09,853.0,TravisCI,2016-09-24 18:20:21+00:00,7.310880829015544,0.09,0.094002632073698,0.2652754277119759,5319,218.4,13.815307694250144,low,high,TravisCI,Python,11,open_issue_ratio=low | project_age_days=high | ci_type=TravisCI | mainLanguage=Python,PTAi
camunda/zeebe,main,274634.0,270.0,38134.0,107.0,3046.0,305.0,2016-03-20 03:38:04+00:00,6764.0,743.0,Java,2024-05-18T01:31:38,11828.0,TravisCI,2018-02-28 14:32:32+00:00,125.02950819672132,0.109846244825547,1.9425617461229177,10.951751866743251,3482,26.19,45.15237388864149,low,low,TravisCI,Java,14,open_issue_ratio=low | project_age_days=low | ci_type=TravisCI | mainLanguage=Java,JTai
sokrypton/colabdesign,main,260576.0,13.0,1239.0,29.0,706.0,7.0,2022-02-02 03:43:06+00:00,79.0,50.0,Python,2025-04-05T08:41:12,111.0,GitHubActions,2023-04-15 12:25:29+00:00,177.0,0.6329113924050633,0.0590875093492894,0.9267015706806284,1337,47.72,1.403061224489796,high,low,GitHubActions,Python,5,open_issue_ratio=high | project_age_days=low | ci_type=GitHubActions | mainLanguage=Python,PGaI
jodaorg/joda-beans,main,4649.0,57.0,960.0,9.0,144.0,16.0,2011-05-10 06:05:07+00:00,198.0,3.0,Java,2025-03-08T10:25:26,276.0,TravisCI,2013-06-24 14:45:53+00:00,60.0,0.0151515151515151,0.0376569037656903,0.1825789273488018,5258,116.71,102.54387092627113,low,high,TravisCI,Java,10,open_issue_ratio=low | project_age_days=high | ci_type=TravisCI | mainLanguage=Java,JTAi
pmeal/porespy,dev,1478617.0,26.0,3967.0,24.0,334.0,53.0,2015-05-06 08:35:41+00:00,499.0,33.0,Python,2025-04-20T09:22:49,383.0,TravisCI,2017-07-06 01:55:36+00:00,74.84905660377359,0.0661322645290581,0.1312812417784793,1.043672717705867,3801,137.4,5.312764591493994,low,high,TravisCI,Python,11,open_issue_ratio=low | project_age_days=high | ci_type=TravisCI | mainLanguage=Python,PTAi
isso-comments/isso,master,3886.0,27.0,1975.0,97.0,5135.0,139.0,2012-10-17 08:46:45+00:00,543.0,52.0,Python,2025-04-21T08:22:48,436.0,TravisCI,2013-11-18 11:41:45+00:00,14.20863309352518,0.0957642725598526,0.1147506339814032,0.4173710904480135,4732,511.39,11.30691657329123,low,high,TravisCI,Python,11,open_issue_ratio=low | project_age_days=high | ci_type=TravisCI | mainLanguage=Python,PTAi
gitlab4j/gitlab4j-api,main,4761.0,124.0,2470.0,31.0,1097.0,207.0,2014-02-18 05:09:14+00:00,757.0,159.0,Java,2025-04-23T07:01:36,480.0,TravisCI,2019-05-07 21:14:03+00:00,11.932367149758454,0.2100396301188903,0.1784115012962526,0.5821352816403488,4243,48.27,23.424419522982152,low,high,TravisCI,Java,10,open_issue_ratio=low | project_age_days=high | ci_type=TravisCI | mainLanguage=Java,JTAi
nightscoutfoundation/xdrip,master,49336.0,803.0,8600.0,154.0,1482.0,110.0,2016-09-23 01:33:17+00:00,1556.0,72.0,Java,2025-04-25T11:09:04,811.0,TravisCI,2017-10-16 10:48:32+00:00,78.18181818181819,0.0462724935732647,0.4722306525037936,2.6100151745068287,3295,451.98,5.029537006888445,low,low,TravisCI,Java,14,open_issue_ratio=low | project_age_days=low | ci_type=TravisCI | mainLanguage=Java,JTai
spring-io/initializr,main,11003.0,16.0,2449.0,145.0,3539.0,125.0,2013-06-07 04:02:22+00:00,1086.0,42.0,Java,2025-04-22T07:01:50,459.0,GitHubActions,2024-02-05 12:39:42+00:00,19.592,0.0386740331491712,0.2413869748833074,0.5443431873749722,4499,57.73,63.38133974372733,low,high,GitHubActions,Java,8,open_issue_ratio=low | project_age_days=high | ci_type=GitHubActions | mainLanguage=Java,JGAi
liquibase/liquibase,master,217860.0,101.0,13840.0,140.0,4994.0,797.0,2011-07-08 08:08:20+00:00,1882.0,545.0,Java,2025-04-23T08:25:26,5021.0,TravisCI,2017-01-03 20:00:16+00:00,17.365119196988708,0.2895855472901169,0.3619926909020965,2.6620503943065974,5199,205.17,8.252636050716744,low,high,TravisCI,Java,10,open_issue_ratio=low | project_age_days=high | ci_type=TravisCI | mainLanguage=Java,JTAi
linuxmint/cinnamon-screensaver,master,3646.0,13.0,761.0,31.0,153.0,46.0,2013-01-09 10:41:22+00:00,332.0,102.0,Python,2025-03-16T02:54:34,138.0,GitHubActions,2022-09-14 14:38:45+00:00,16.543478260869566,0.3072289156626506,0.0714285714285714,0.1637263339070568,4648,254.64,0.0,low,high,GitHubActions,Python,9,open_issue_ratio=low | project_age_days=high | ci_type=GitHubActions | mainLanguage=Python,PGAi
douglasjunior/react-native-get-location,master,1075.0,20.0,108.0,3.0,224.0,5.0,2019-01-30 02:19:55+00:00,45.0,0.0,Java,2024-09-24T02:34:58,14.0,GitHubActions,2024-08-06 01:08:49+00:00,21.6,0.0,0.0184729064039408,0.0443349753694581,2436,57.84,0.0,low,low,GitHubActions,Java,12,open_issue_ratio=low | project_age_days=low | ci_type=GitHubActions | mainLanguage=Java,JGai
wiiiiam278/husktowns,master,3477.0,39.0,974.0,4.0,80.0,21.0,2021-04-17 11:51:33+00:00,218.0,28.0,Java,2025-03-29T04:32:34,367.0,GitHubActions,2022-12-12 23:58:05+00:00,46.38095238095238,0.128440366972477,0.1339066339066339,0.5982800982800983,1628,87.14,4.6609394991774815,low,low,GitHubActions,Java,12,open_issue_ratio=low | project_age_days=low | ci_type=GitHubActions | mainLanguage=Java,JGai
astropy/astropy,main,173577.0,34.0,39435.0,138.0,4665.0,674.0,2011-07-21 01:33:49+00:00,6350.0,1257.0,Python,2025-04-26T10:06:09,11677.0,TravisCI,2012-09-28 15:36:26+00:00,58.50890207715133,0.1979527559055118,1.2244504435017354,7.604126494408022,5186,141.94,41.3226765547102,low,high,TravisCI,Python,11,open_issue_ratio=low | project_age_days=high | ci_type=TravisCI | mainLanguage=Python,PTAi
thejacksonlaboratory/lirical,master,35841.0,17.0,1115.0,11.0,27.0,16.0,2017-08-28 09:28:03+00:00,475.0,6.0,Java,2025-04-23T09:28:22,199.0,GitHubActions,2022-03-31 16:53:11+00:00,69.6875,0.0126315789473684,0.1606901217861975,0.3771989174560216,2956,30.69,11.78662939669229,low,low,GitHubActions,Java,12,open_issue_ratio=low | project_age_days=low | ci_type=GitHubActions | mainLanguage=Java,JGai
stac-utils/pystac,main,8319.0,34.0,2123.0,23.0,383.0,75.0,2017-11-08 01:30:15+00:00,462.0,44.0,Python,2025-04-26T04:53:37,1087.0,TravisCI,2019-09-13 01:35:32+00:00,28.30666666666667,0.0952380952380952,0.1601941747572815,0.736130374479889,2884,169.44,3.622378348836842,low,low,TravisCI,Python,15,open_issue_ratio=low | project_age_days=low | ci_type=TravisCI | mainLanguage=Python,PTai
nipy/nibabel,master,19550.0,42.0,6120.0,35.0,686.0,128.0,2010-07-22 04:28:30+00:00,527.0,111.0,Python,2025-03-18T03:42:20,868.0,TravisCI,2012-03-11 08:51:07+00:00,47.8125,0.2106261859582542,0.0949549549549549,1.1027027027027028,5550,175.76,27.433720548033065,low,high,TravisCI,Python,11,open_issue_ratio=low | project_age_days=high | ci_type=TravisCI | mainLanguage=Python,PTAi
googlemaps-samples/android-samples,main,14595.0,24.0,1374.0,147.0,2449.0,37.0,2015-04-22 02:35:21+00:00,154.0,6.0,Java,2025-04-14T08:08:08,1916.0,GitHubActions,2020-04-01 17:34:59+00:00,37.13513513513514,0.0389610389610389,0.0403669724770642,0.3601572739187418,3815,345.03,0.0,low,high,GitHubActions,Java,8,open_issue_ratio=low | project_age_days=high | ci_type=GitHubActions | mainLanguage=Java,JGAi
sollace/unicopia,1.21,43706.0,93.0,3436.0,18.0,57.0,16.0,2016-02-07 07:08:48+00:00,453.0,39.0,Java,2025-04-06T03:02:27,89.0,GitHubActions,2023-09-18 18:52:33+00:00,214.75,0.086092715231788,0.1285471055618615,0.9750283768444948,3524,38.97,0.0,low,low,GitHubActions,Java,12,open_issue_ratio=low | project_age_days=low | ci_type=GitHubActions | mainLanguage=Java,JGai
openzipkin/brave,master,31573.0,90.0,1966.0,127.0,2377.0,138.0,2013-04-07 03:48:18+00:00,499.0,116.0,Java,2025-04-24T11:07:25,948.0,TravisCI,2014-12-30 21:50:26+00:00,14.246376811594205,0.2324649298597194,0.1094298245614035,0.431140350877193,4560,127.42,66.00795815263558,low,high,TravisCI,Java,10,open_issue_ratio=low | project_age_days=high | ci_type=TravisCI | mainLanguage=Java,JTAi
palantir/tritium,develop,4239.0,165.0,2051.0,281.0,47.0,28.0,2016-08-18 06:23:06+00:00,34.0,16.0,Java,2025-04-25T05:09:01,2127.0,GitHubActions,2020-02-13 03:29:05+00:00,73.25,0.4705882352941176,0.010207145001501,0.6157310117081958,3331,93.47,49.00782714143976,high,low,GitHubActions,Java,4,open_issue_ratio=high | project_age_days=low | ci_type=GitHubActions | mainLanguage=Java,JGaI
apache/hop,main,206497.0,16.0,8115.0,48.0,1121.0,112.0,2019-09-24 10:48:12+00:00,1924.0,765.0,Java,2025-04-23T04:44:20,3138.0,GitHubActions,2020-11-11 14:56:33+00:00,72.45535714285714,0.3976091476091476,0.874943155979991,3.69031377899045,2199,89.33,11.14586095432908,high,low,GitHubActions,Java,4,open_issue_ratio=high | project_age_days=low | ci_type=GitHubActions | mainLanguage=Java,JGaI
datadog/datadog-serverless-functions,master,2453.0,134.0,1320.0,604.0,342.0,167.0,2015-12-17 08:04:24+00:00,202.0,69.0,Python,2025-04-14T05:06:07,725.0,GitHubActions,2019-09-05 14:40:47+00:00,7.904191616766467,0.3415841584158416,0.0564876957494407,0.3691275167785235,3576,162.84,17.279131332166735,low,high,GitHubActions,Python,9,open_issue_ratio=low | project_age_days=high | ci_type=GitHubActions | mainLanguage=Python,PGAi
kokorin/jaffree,master,1552.0,24.0,567.0,7.0,473.0,13.0,2017-05-24 11:05:41+00:00,161.0,12.0,Java,2024-08-29T04:12:10,230.0,GitHubActions,2020-04-18 08:52:04+00:00,43.61538461538461,0.0745341614906832,0.0527522935779816,0.1857798165137614,3052,54.77,36.93377483443709,low,low,GitHubActions,Java,12,open_issue_ratio=low | project_age_days=low | ci_type=GitHubActions | mainLanguage=Java,JGai
nvidia/warp,main,50678.0,35.0,4801.0,47.0,4997.0,60.0,2022-03-18 09:56:23+00:00,542.0,166.0,Python,2025-04-24T10:31:07,52.0,GitHubActions,2023-12-19 21:55:03+00:00,80.01666666666667,0.3062730627306273,0.4191802010827533,3.7130703789636494,1293,53.82,33.32526837889156,low,low,GitHubActions,Python,13,open_issue_ratio=low | project_age_days=low | ci_type=GitHubActions | mainLanguage=Python,PGai
liquidctl/liquidctl,main,4345.0,35.0,2097.0,39.0,2327.0,61.0,2018-07-26 09:51:04+00:00,516.0,75.0,Python,2025-04-13T06:42:47,176.0,GitHubActions,2019-11-02 04:20:02+00:00,34.377049180327866,0.1453488372093023,0.1966463414634146,0.7991615853658537,2624,44.89,39.63522072479642,low,low,GitHubActions,Python,13,open_issue_ratio=low | project_age_days=low | ci_type=GitHubActions | mainLanguage=Python,PGai
intel/ipex-llm,main,237181.0,22.0,4059.0,261.0,7799.0,145.0,2016-08-29 07:59:50+00:00,2881.0,1139.0,Python,2025-04-27T02:03:14,10210.0,GitHubActions,2022-08-25 07:58:34+00:00,27.99310344827586,0.3953488372093023,0.8677710843373494,1.2225903614457831,3320,39.71,3.962052598862507,high,low,GitHubActions,Python,5,open_issue_ratio=high | project_age_days=low | ci_type=GitHubActions | mainLanguage=Python,PGaI
nuxeo/nuxeo-drive,master,39476.0,87.0,7129.0,47.0,68.0,66.0,2012-06-01 04:37:04+00:00,33.0,1.0,Python,2025-03-11T10:08:05,5684.0,GitHubActions,2020-02-28 11:11:22+00:00,108.01515151515152,0.0303030303030303,0.0067761806981519,1.4638603696098562,4870,59.39,39.71232282528089,low,high,GitHubActions,Python,9,open_issue_ratio=low | project_age_days=high | ci_type=GitHubActions | mainLanguage=Python,PGAi
stianaske/pybotvac,master,133.0,22.0,161.0,16.0,88.0,26.0,2016-05-29 05:55:00+00:00,32.0,6.0,Python,2025-04-16T06:30:36,58.0,GitHubActions,2020-12-06 19:31:24+00:00,6.1923076923076925,0.1875,0.0093786635404454,0.0471864009378663,3412,182.39,0.0,low,low,GitHubActions,Python,13,open_issue_ratio=low | project_age_days=low | ci_type=GitHubActions | mainLanguage=Python,PGai
diennea/herddb,master,10494.0,51.0,1537.0,26.0,318.0,22.0,2016-02-25 08:01:32+00:00,294.0,58.0,Java,2024-03-18T12:14:23,540.0,TravisCI,2018-11-13 22:03:21+00:00,69.86363636363636,0.1972789115646258,0.0838562464346834,0.4383913291500285,3506,49.38,44.24338934752546,low,low,TravisCI,Java,14,open_issue_ratio=low | project_age_days=low | ci_type=TravisCI | mainLanguage=Java,JTai
urlaubsverwaltung/urlaubsverwaltung,main,63012.0,320.0,14510.0,25.0,275.0,78.0,2013-07-18 01:44:51+00:00,1632.0,169.0,Java,2025-04-25T02:04:29,3615.0,TravisCI,2014-10-05 13:48:17+00:00,186.02564102564105,0.1035539215686274,0.3660834454912516,3.2548227904890084,4458,129.75,47.30443516963095,low,high,TravisCI,Java,10,open_issue_ratio=low | project_age_days=high | ci_type=TravisCI | mainLanguage=Java,JTAi
bjodah/chempy,master,17842.0,47.0,849.0,19.0,565.0,17.0,2015-05-25 04:49:18+00:00,71.0,29.0,Python,2024-04-24T04:35:22,164.0,TravisCI,2017-10-18 16:03:33+00:00,49.94117647058823,0.4084507042253521,0.0187731359069275,0.2244843997884717,3782,158.84,42.547935536995645,high,high,TravisCI,Python,3,open_issue_ratio=high | project_age_days=high | ci_type=TravisCI | mainLanguage=Python,PTAI
appium/java-client,master,85704.0,69.0,2052.0,156.0,1237.0,131.0,2014-04-04 10:05:23+00:00,1214.0,266.0,Java,2025-04-14T04:59:51,1024.0,TravisCI,2016-11-22 15:10:56+00:00,15.66412213740458,0.2191103789126853,0.289185326345879,0.488804192472606,4198,91.83,32.723970466300784,low,high,TravisCI,Java,10,open_issue_ratio=low | project_age_days=high | ci_type=TravisCI | mainLanguage=Java,JTAi
sourcegraph/scip-java,main,5177.0,54.0,769.0,58.0,82.0,32.0,2019-10-16 01:12:38+00:00,194.0,58.0,Java,2025-03-06T08:47:10,590.0,GitHubActions,2021-02-10 14:44:10+00:00,24.03125,0.2989690721649484,0.0891134588883785,0.3532384014699127,2177,72.62,113.76157362941336,low,low,GitHubActions,Java,12,open_issue_ratio=low | project_age_days=low | ci_type=GitHubActions | mainLanguage=Java,JGai
chython/chython,master,6838.0,16.0,256.0,1.0,42.0,6.0,2021-08-07 10:29:13+00:00,18.0,8.0,Python,2025-02-21T07:50:01,38.0,GitHubActions,2022-10-21 12:59:32+00:00,42.66666666666666,0.4444444444444444,0.0118733509234828,0.1688654353562005,1516,48.92,0.853439733185491,high,low,GitHubActions,Python,5,open_issue_ratio=high | project_age_days=low | ci_type=GitHubActions | mainLanguage=Python,PGaI
spring-projects/spring-data-rest,main,13626.0,155.0,1777.0,115.0,934.0,86.0,2012-03-08 09:55:39+00:00,2132.0,757.0,Java,2025-04-22T09:26:49,331.0,TravisCI,2019-11-13 18:50:19+00:00,20.662790697674417,0.3550656660412758,0.4302724520686176,0.358627648839556,4955,135.02,74.55041588585331,high,high,TravisCI,Java,2,open_issue_ratio=high | project_age_days=high | ci_type=TravisCI | mainLanguage=Java,JTAI
yushijinhun/authlib-injector,develop,791.0,25.0,292.0,30.0,681.0,7.0,2017-08-12 01:35:17+00:00,175.0,20.0,Java,2024-02-17T05:13:27,56.0,GitHubActions,2020-05-01 13:23:27+00:00,41.71428571428572,0.1142857142857142,0.0588829071332436,0.098250336473755,2972,46.77,7.86230344241394,low,low,GitHubActions,Java,12,open_issue_ratio=low | project_age_days=low | ci_type=GitHubActions | mainLanguage=Java,JGai
dipu-bd/lightnovel-crawler,master,33943.0,120.0,4732.0,38.0,1637.0,93.0,2018-01-17 11:23:35+00:00,1551.0,394.0,Python,2025-03-13T01:31:02,884.0,TravisCI,2019-03-14 07:01:09+00:00,50.88172043010753,0.2540296582849774,0.5511727078891258,1.681592039800995,2814,69.99,0.2866838286917856,low,low,TravisCI,Python,15,open_issue_ratio=low | project_age_days=low | ci_type=TravisCI | mainLanguage=Python,PTai
fraunhoferportugal/tsfel,master,41627.0,13.0,431.0,20.0,925.0,22.0,2019-01-09 04:41:30+00:00,77.0,6.0,Python,2024-10-17T08:43:32,87.0,GitHubActions,2024-06-29 21:02:12+00:00,19.59090909090909,0.0779220779220779,0.0313390313390313,0.1754171754171754,2457,122.54,7.681195973677574,low,low,GitHubActions,Python,13,open_issue_ratio=low | project_age_days=low | ci_type=GitHubActions | mainLanguage=Python,PGai
traveltime-dev/traveltime-python-sdk,master,419.0,49.0,295.0,2.0,20.0,18.0,2021-09-20 11:46:42+00:00,59.0,10.0,Python,2025-04-01T10:15:27,102.0,GitHubActions,2022-11-23 15:31:56+00:00,16.38888888888889,0.1694915254237288,0.0400815217391304,0.2004076086956521,1472,90.39,15.825491873396064,low,low,GitHubActions,Python,13,open_issue_ratio=low | project_age_days=low | ci_type=GitHubActions | mainLanguage=Python,PGai
mitre/caldera,master,26444.0,34.0,4446.0,174.0,6074.0,142.0,2017-11-29 01:25:10+00:00,814.0,65.0,Python,2025-04-24T05:39:59,2225.0,TravisCI,2019-07-22 18:21:25+00:00,31.309859154929576,0.0798525798525798,0.2843171498428222,1.55291652113168,2863,35.56,11.480349216614243,low,low,TravisCI,Python,15,open_issue_ratio=low | project_age_days=low | ci_type=TravisCI | mainLanguage=Python,PTai
aeron-io/simple-binary-encoding,master,27419.0,93.0,3840.0,209.0,3222.0,121.0,2013-09-03 09:13:34+00:00,687.0,36.0,Java,2025-04-14T08:19:50,380.0,TravisCI,2018-09-13 20:49:57+00:00,31.73553719008265,0.0524017467248908,0.1557469961459986,0.8705508954885514,4411,87.74,16.48401323042999,low,high,TravisCI,Java,10,open_issue_ratio=low | project_age_days=high | ci_type=TravisCI | mainLanguage=Java,JTAi
someengineering/fixinventory,main,18134.0,75.0,2150.0,19.0,1820.0,31.0,2020-04-14 10:45:23+00:00,158.0,4.0,Python,2025-03-28T03:29:51,2155.0,GitHubActions,2021-07-07 13:59:50+00:00,69.35483870967742,0.0253164556962025,0.0791583166332665,1.0771543086172344,1996,166.55,13.650286254638146,low,low,GitHubActions,Python,13,open_issue_ratio=low | project_age_days=low | ci_type=GitHubActions | mainLanguage=Python,PGai
smallrye/smallrye-metrics,main,1244.0,35.0,340.0,10.0,40.0,24.0,2018-05-25 08:15:23+00:00,166.0,29.0,Java,2024-10-16T09:08:04,512.0,GitHubActions,2020-02-26 07:51:28+00:00,14.166666666666666,0.1746987951807229,0.0618019359642591,0.1265822784810126,2686,42.22,52.558048012593474,low,low,GitHubActions,Java,12,open_issue_ratio=low | project_age_days=low | ci_type=GitHubActions | mainLanguage=Java,JGai
pywebdriver/pywebdriver,master,3664.0,21.0,384.0,40.0,91.0,24.0,2014-05-22 12:22:07+00:00,52.0,15.0,Python,2024-06-06T08:29:32,97.0,TravisCI,2020-03-02 18:44:20+00:00,16.0,0.2884615384615384,0.0125301204819277,0.0925301204819277,4150,578.7,0.0,low,high,TravisCI,Python,11,open_issue_ratio=low | project_age_days=high | ci_type=TravisCI | mainLanguage=Python,PTAi
ansible-collections/ansible.netcommon,main,1425.0,13.0,500.0,10.0,148.0,46.0,2020-02-13 06:22:52+00:00,219.0,87.0,Python,2025-04-16T09:46:34,472.0,GitHubActions,2022-05-10 16:03:32+00:00,10.869565217391305,0.3972602739726027,0.1064657267865824,0.2430724355858045,2057,198.81,25.978407557354927,high,low,GitHubActions,Python,5,open_issue_ratio=high | project_age_days=low | ci_type=GitHubActions | mainLanguage=Python,PGaI
philippc/keepass2android,master,89341.0,33.0,4871.0,113.0,5172.0,55.0,2017-09-20 06:42:02+00:00,2626.0,1011.0,Java,2025-04-22T03:48:56,215.0,GitHubActions,2022-12-02 08:49:33+00:00,88.56363636363636,0.384996191926885,0.8953290146607569,1.6607569041936583,2933,188.95,0.4615444284993988,high,low,GitHubActions,Java,4,open_issue_ratio=high | project_age_days=low | ci_type=GitHubActions | mainLanguage=Java,JGaI
experdb/experdb-management,master,206741.0,40.0,4008.0,25.0,46.0,34.0,2017-06-15 02:17:16+00:00,158.0,39.0,Java,2024-11-20T05:10:08,222.0,TravisCI,2019-11-21 07:16:57+00:00,117.88235294117646,0.2468354430379747,0.0521452145214521,1.3227722772277228,3030,46.88,2.765409458056338,low,low,TravisCI,Java,14,open_issue_ratio=low | project_age_days=low | ci_type=TravisCI | mainLanguage=Java,JTai
alertadengue/pysus,main,10506.0,32.0,556.0,21.0,178.0,20.0,2016-07-19 07:03:21+00:00,96.0,25.0,Python,2024-12-03T12:22:38,115.0,TravisCI,2017-11-02 17:25:29+00:00,27.8,0.2604166666666667,0.0285629277000892,0.1654269562630169,3361,125.48,1.0439298394361718,low,low,TravisCI,Python,15,open_issue_ratio=low | project_age_days=low | ci_type=TravisCI | mainLanguage=Python,PTai
hashgraph/hedera-sdk-java,main,77759.0,107.0,1698.0,36.0,238.0,40.0,2018-10-10 04:32:15+00:00,722.0,42.0,Java,2025-01-22T12:05:55,1445.0,GitHubActions,2020-08-16 21:49:44+00:00,42.45,0.0581717451523545,0.2833594976452119,0.6664050235478807,2548,43.16,43.17361668003208,low,low,GitHubActions,Java,12,open_issue_ratio=low | project_age_days=low | ci_type=GitHubActions | mainLanguage=Java,JGai
nvidia/cuda-python,main,124594.0,28.0,1134.0,45.0,2530.0,22.0,2021-06-28 10:14:29+00:00,343.0,103.0,Python,2025-04-27T04:26:14,229.0,GitHubActions,2024-06-18 17:07:28+00:00,51.54545454545455,0.3002915451895043,0.2204370179948586,0.7287917737789203,1556,63.03,59.01072828553745,low,low,GitHubActions,Python,13,open_issue_ratio=low | project_age_days=low | ci_type=GitHubActions | mainLanguage=Python,PGai
jenkinsci/lockable-resources-plugin,master,2008.0,57.0,1379.0,110.0,90.0,79.0,2013-12-11 12:23:19+00:00,260.0,108.0,Java,2025-04-21T11:04:46,511.0,GitHubActions,2021-03-18 21:51:08+00:00,17.455696202531644,0.4153846153846154,0.0602968460111317,0.3198051948051948,4312,377.59,49.706400469759245,high,high,GitHubActions,Java,0,open_issue_ratio=high | project_age_days=high | ci_type=GitHubActions | mainLanguage=Java,JGAI
adyen/adyen-hybris,develop,214873.0,45.0,1205.0,12.0,25.0,34.0,2017-01-02 10:15:44+00:00,45.0,4.0,Java,2025-04-23T11:28:21,484.0,GitHubActions,2020-06-26 06:10:53+00:00,35.44117647058823,0.0888888888888888,0.0140889167188478,0.3772698810269255,3194,138.77,16.95546102839985,low,low,GitHubActions,Java,12,open_issue_ratio=low | project_age_days=low | ci_type=GitHubActions | mainLanguage=Java,JGai
devilxd/twitchdropsminer,master,655.0,15.0,808.0,35.0,1962.0,35.0,2021-12-03 04:48:20+00:00,583.0,32.0,Python,2025-04-22T09:57:25,97.0,GitHubActions,2023-04-26 14:15:38+00:00,23.085714285714285,0.0548885077186964,0.4170243204577968,0.5779685264663805,1398,25.88,0.0,low,low,GitHubActions,Python,13,open_issue_ratio=low | project_age_days=low | ci_type=GitHubActions | mainLanguage=Python,PGai
praw-dev/praw,main,51438.0,15.0,4275.0,69.0,3660.0,247.0,2010-08-19 04:00:07+00:00,757.0,5.0,Python,2025-04-21T03:16:36,1302.0,TravisCI,2013-01-04 03:20:22+00:00,17.307692307692307,0.0066050198150594,0.1370880115900036,0.7741760231800072,5522,70.61,4.462788424460367,low,high,TravisCI,Python,11,open_issue_ratio=low | project_age_days=high | ci_type=TravisCI | mainLanguage=Python,PTAi
angryip/ipscan,master,117513.0,30.0,1787.0,213.0,4185.0,40.0,2011-06-28 08:58:48+00:00,387.0,156.0,Java,2024-11-23T07:03:42,69.0,TravisCI,2015-08-26 15:09:17+00:00,44.675,0.4031007751937984,0.0742944903052409,0.3430600883086965,5209,222.33,8.35842718142417,high,high,TravisCI,Java,2,open_issue_ratio=high | project_age_days=high | ci_type=TravisCI | mainLanguage=Java,JTAI
lcm-proj/lcm,master,9318.0,24.0,1540.0,64.0,1063.0,82.0,2014-09-12 05:01:03+00:00,278.0,136.0,Java,2025-04-23T02:43:47,293.0,TravisCI,2019-11-14 18:34:24+00:00,18.78048780487805,0.4892086330935252,0.0688630170918999,0.3814713896457766,4037,114.61,10.580200975914083,high,high,TravisCI,Java,2,open_issue_ratio=high | project_age_days=high | ci_type=TravisCI | mainLanguage=Java,JTAI
shapely/shapely,main,5662.0,24.0,2386.0,89.0,4070.0,180.0,2011-12-31 07:43:11+00:00,1249.0,232.0,Python,2025-04-03T08:55:05,944.0,TravisCI,2019-07-13 10:01:08+00:00,13.255555555555556,0.1857485988791032,0.2486561815648019,0.4750149313159466,5023,159.77,57.05659364621423,low,high,TravisCI,Python,11,open_issue_ratio=low | project_age_days=high | ci_type=TravisCI | mainLanguage=Python,PTAi
inducer/pyopencl,main,5860.0,23.0,3403.0,49.0,1090.0,98.0,2011-04-06 02:51:33+00:00,351.0,64.0,Python,2025-04-06T07:04:17,423.0,TravisCI,2019-01-27 03:58:17+00:00,34.724489795918366,0.1823361823361823,0.0663265306122449,0.6430461073318217,5292,58.36,25.777449763494246,low,high,TravisCI,Python,11,open_issue_ratio=low | project_age_days=high | ci_type=TravisCI | mainLanguage=Python,PTAi
spring-projects/spring-shell,main,8346.0,77.0,1065.0,57.0,758.0,66.0,2012-02-16 02:29:58+00:00,890.0,103.0,Java,2025-04-25T09:21:24,214.0,TravisCI,2017-05-17 12:32:52+00:00,16.136363636363637,0.1157303370786516,0.1788585209003215,0.2140273311897106,4976,145.58,50.47291354862601,low,high,TravisCI,Java,10,open_issue_ratio=low | project_age_days=high | ci_type=TravisCI | mainLanguage=Java,JTAi
jazzband/django-waffle,master,625.0,25.0,468.0,23.0,1163.0,121.0,2011-01-23 05:42:09+00:00,219.0,40.0,Python,2025-04-26T12:27:57,338.0,TravisCI,2012-05-12 01:30:37+00:00,3.8677685950413214,0.182648401826484,0.0408201304753028,0.0872320596458527,5365,200.06,49.22460358947552,low,high,TravisCI,Python,11,open_issue_ratio=low | project_age_days=high | ci_type=TravisCI | mainLanguage=Python,PTAi
gocd-contrib/docker-elastic-agents-plugin,master,2237.0,240.0,598.0,10.0,31.0,27.0,2016-01-11 10:45:53+00:00,39.0,9.0,Java,2025-04-19T09:51:12,295.0,GitHubActions,2020-11-13 08:49:19+00:00,22.14814814814815,0.2307692307692307,0.0109828217403548,0.1684032666854407,3551,402.88,47.304943418701605,low,high,GitHubActions,Java,8,open_issue_ratio=low | project_age_days=high | ci_type=GitHubActions | mainLanguage=Java,JGAi
pallets-eco/cachelib,main,325.0,16.0,269.0,8.0,134.0,12.0,2018-11-28 12:47:55+00:00,41.0,7.0,Python,2024-05-26T02:20:25,356.0,GitHubActions,2021-05-30 04:15:24+00:00,22.416666666666668,0.1707317073170731,0.01640656262505,0.1076430572228891,2499,91.35,27.12071778140293,low,low,GitHubActions,Python,13,open_issue_ratio=low | project_age_days=low | ci_type=GitHubActions | mainLanguage=Python,PGai
fabricmc/fabric,1.21.5,12680.0,944.0,2033.0,38.0,2586.0,190.0,2018-11-04 09:02:05+00:00,1751.0,149.0,Java,2025-04-23T09:17:40,1584.0,TravisCI,2020-03-06 18:32:37+00:00,10.7,0.0850942318675042,0.6940150614347999,0.805786761791518,2523,100.44,35.80008167775722,low,low,TravisCI,Java,14,open_issue_ratio=low | project_age_days=low | ci_type=TravisCI | mainLanguage=Java,JTai
esmvalgroup/esmvalcore,main,142546.0,54.0,9569.0,22.0,47.0,109.0,2019-06-04 11:58:08+00:00,1131.0,256.0,Python,2025-04-15T11:28:46,1526.0,GitHubActions,2020-08-12 08:59:02+00:00,87.78899082568807,0.2263483642793987,0.4893985287754219,4.140631761142362,2311,205.51,39.79702050870006,low,low,GitHubActions,Python,13,open_issue_ratio=low | project_age_days=low | ci_type=GitHubActions | mainLanguage=Python,PGai
marklogic/ml-gradle,master,5838.0,82.0,2435.0,31.0,73.0,,2015-02-15 08:09:50+00:00,564.0,15.0,Java,2024-09-20T12:50:36,128.0,TravisCI,2017-09-22 16:51:05+00:00,,0.026595744680851,0.1453233702653955,0.6274156145323371,3881,0.0,19.40393353032758,low,high,TravisCI,Java,10,open_issue_ratio=low | project_age_days=high | ci_type=TravisCI | mainLanguage=Java,JTAi
boecker-lab/sirius,stable,45973.0,42.0,3262.0,9.0,75.0,38.0,2017-06-16 04:21:34+00:00,148.0,31.0,Java,2024-03-08T11:30:01,4.0,GitHubActions,2021-03-19 01:27:23+00:00,85.84210526315789,0.2094594594594594,0.0488610102344007,1.0769230769230769,3029,117.53,4.052409396212387,low,low,GitHubActions,Java,12,open_issue_ratio=low | project_age_days=low | ci_type=GitHubActions | mainLanguage=Java,JGai
selenide/selenide,main,15694.0,159.0,5567.0,137.0,1873.0,172.0,2012-02-07 11:44:33+00:00,1377.0,31.0,Java,2025-04-25T07:31:56,1549.0,TravisCI,2013-06-13 19:30:37+00:00,32.366279069767444,0.0225127087872185,0.2762286860581745,1.1167502507522569,4985,121.47,48.8111485344385,low,high,TravisCI,Java,10,open_issue_ratio=low | project_age_days=high | ci_type=TravisCI | mainLanguage=Java,JTAi
efabless/mpw_precheck,main,57857.0,22.0,791.0,15.0,35.0,26.0,2020-10-20 05:16:51+00:00,97.0,49.0,Python,2024-09-14T05:57:23,195.0,GitHubActions,2024-09-02 13:42:05+00:00,30.423076923076923,0.5051546391752577,0.0536801328168234,0.4377421140011068,1807,208.88,0.0,high,low,GitHubActions,Python,5,open_issue_ratio=high | project_age_days=low | ci_type=GitHubActions | mainLanguage=Python,PGaI
i2p/i2p.i2p,master,494258.0,113.0,17820.0,126.0,2132.0,72.0,2012-05-26 08:54:59+00:00,59.0,28.0,Java,2025-04-23T04:38:11,36.0,TravisCI,2017-12-02 10:25:00+00:00,247.5,0.4745762711864407,0.0121000820344544,3.654634946677605,4876,373.03,3.1368216764947374,high,high,TravisCI,Java,2,open_issue_ratio=high | project_age_days=high | ci_type=TravisCI | mainLanguage=Java,JTAI
plotly/dash,dev,185090.0,82.0,8309.0,423.0,22344.0,202.0,2015-04-10 01:53:08+00:00,1923.0,494.0,Python,2025-04-24T06:19:59,1252.0,GitHubActions,2023-07-25 14:00:05+00:00,41.13366336633664,0.2568902756110244,0.5024823621635746,2.1711523386464595,3827,451.46,10.049724558239582,low,high,GitHubActions,Python,9,open_issue_ratio=low | project_age_days=high | ci_type=GitHubActions | mainLanguage=Python,PGAi
chronosacaria/mcdungeonsweapons,1.21,4236.0,22.0,694.0,1.0,67.0,20.0,2020-09-10 12:20:38+00:00,263.0,27.0,Java,2024-12-24T02:44:29,43.0,GitHubActions,2023-06-22 23:19:27+00:00,34.7,0.1026615969581749,0.1423930698429886,0.3757444504602057,1847,23.42,0.0397578386193187,low,low,GitHubActions,Java,12,open_issue_ratio=low | project_age_days=low | ci_type=GitHubActions | mainLanguage=Java,JGai
jfrog/build-info,master,109178.0,30.0,3004.0,49.0,148.0,112.0,2011-02-20 11:33:55+00:00,257.0,164.0,Java,2025-02-26T07:48:35,560.0,GitHubActions,2020-10-05 15:02:44+00:00,26.821428571428573,0.6381322957198443,0.0481543938542252,0.5628630316657298,5337,872.66,25.58247686369344,high,high,GitHubActions,Java,0,open_issue_ratio=high | project_age_days=high | ci_type=GitHubActions | mainLanguage=Java,JGAI
xilinx/rapidwright,master,7729.0,62.0,1913.0,27.0,313.0,35.0,2017-08-29 09:20:22+00:00,264.0,44.0,Java,2025-04-16T05:50:17,857.0,TravisCI,2019-01-16 02:14:50+00:00,54.65714285714286,0.1666666666666666,0.0893401015228426,0.6473773265651438,2955,122.03,16.08109331161191,low,low,TravisCI,Java,14,open_issue_ratio=low | project_age_days=low | ci_type=TravisCI | mainLanguage=Java,JTai
vazkiimods/patchouli,1.21.x,8248.0,13.0,1039.0,13.0,318.0,55.0,2018-10-15 09:15:51+00:00,606.0,162.0,Java,2025-02-06T04:01:35,175.0,GitHubActions,2020-01-28 03:54:26+00:00,18.89090909090909,0.2673267326732673,0.2383012190326386,0.4085725521038144,2543,77.17,0.8290481687480323,low,low,GitHubActions,Java,12,open_issue_ratio=low | project_age_days=low | ci_type=GitHubActions | mainLanguage=Java,JGai
jqwik-team/jqwik,main,25089.0,75.0,4803.0,12.0,590.0,30.0,2016-03-21 07:46:36+00:00,282.0,41.0,Java,2025-04-21T01:07:12,348.0,TravisCI,2018-03-02 10:06:26+00:00,160.1,0.1453900709219858,0.0810112036771042,1.3797759264579144,3481,76.99,73.70829465407088,low,low,TravisCI,Java,14,open_issue_ratio=low | project_age_days=low | ci_type=TravisCI | mainLanguage=Java,JTai
saltstack/pepper,develop,376.0,13.0,408.0,30.0,248.0,44.0,2013-03-01 08:21:48+00:00,108.0,41.0,Python,2025-03-18T07:20:16,137.0,TravisCI,2018-06-13 18:59:39+00:00,9.272727272727272,0.3796296296296296,0.0234935827713726,0.0887535349140744,4597,258.2,45.92779177162048,high,high,TravisCI,Python,3,open_issue_ratio=high | project_age_days=high | ci_type=TravisCI | mainLanguage=Python,PTAI
solaris-skunk-werks/solarisskunkwerks,master,33321.0,36.0,1375.0,20.0,66.0,26.0,2016-02-03 08:52:38+00:00,158.0,59.0,Java,2025-01-03T09:43:13,168.0,GitHubActions,2020-05-02 16:54:06+00:00,52.88461538461539,0.3734177215189873,0.0447845804988662,0.3897392290249433,3528,250.71,0.0,high,low,GitHubActions,Java,4,open_issue_ratio=high | project_age_days=low | ci_type=GitHubActions | mainLanguage=Java,JGaI
spacetelescope/jwql,develop,219821.0,62.0,7439.0,12.0,64.0,37.0,2017-11-06 05:31:59+00:00,790.0,178.0,Python,2025-02-05T04:09:23,889.0,GitHubActions,2021-02-17 15:04:51+00:00,201.0540540540541,0.2253164556962025,0.2737352737352737,2.577616077616077,2886,153.66,15.019963886981513,low,low,GitHubActions,Python,13,open_issue_ratio=low | project_age_days=low | ci_type=GitHubActions | mainLanguage=Python,PGai
fortify-ps/fortifybugtrackerutility,master,3375.0,26.0,419.0,13.0,24.0,6.0,2016-04-25 06:02:08+00:00,68.0,9.0,Java,2024-05-01T10:48:48,8.0,TravisCI,2019-10-15 15:35:08+00:00,69.83333333333333,0.1323529411764706,0.0197330237957051,0.1215902495647127,3446,179.53,1.5919113692589006,low,low,TravisCI,Java,14,open_issue_ratio=low | project_age_days=low | ci_type=TravisCI | mainLanguage=Java,JTai
apache/drill,master,71276.0,31.0,4531.0,149.0,1962.0,227.0,2012-09-05 07:00:26+00:00,150.0,70.0,Java,2025-04-10T07:02:56,2833.0,TravisCI,2014-02-18 22:46:28+00:00,19.96035242290749,0.4666666666666667,0.0314201927105152,0.9490992878089652,4774,59.94,32.627320080646165,high,high,TravisCI,Java,2,open_issue_ratio=high | project_age_days=high | ci_type=TravisCI | mainLanguage=Java,JTAI
nextcloud/news-android,master,216902.0,94.0,3860.0,113.0,717.0,57.0,2013-05-26 09:54:08+00:00,944.0,87.0,Java,2025-04-24T07:22:50,574.0,GitHubActions,2020-03-04 12:13:41+00:00,67.71929824561404,0.0921610169491525,0.2092662380846819,0.855686100642873,4511,179.62,5.115069147665436,low,high,GitHubActions,Java,8,open_issue_ratio=low | project_age_days=high | ci_type=GitHubActions | mainLanguage=Java,JGAi
geoscienceaustralia/tcrm,master,99700.0,23.0,1289.0,18.0,82.0,19.0,2013-06-12 06:03:27+00:00,108.0,41.0,Python,2024-11-12T11:49:56,43.0,TravisCI,2014-10-16 00:01:46+00:00,67.84210526315789,0.3796296296296296,0.0240320427236315,0.2868268802848242,4494,294.12,20.842671447781264,high,high,TravisCI,Python,3,open_issue_ratio=high | project_age_days=high | ci_type=TravisCI | mainLanguage=Python,PTAI
cloudbees-oss/zendesk-java-client,master,1427.0,34.0,1145.0,49.0,153.0,99.0,2013-04-04 04:29:19+00:00,182.0,1.0,Java,2024-12-19T10:28:56,516.0,TravisCI,2015-09-16 13:34:45+00:00,11.565656565656566,0.0054945054945054,0.0398860398860398,0.2509314047775586,4563,475.5,27.38814624916072,low,high,TravisCI,Java,10,open_issue_ratio=low | project_age_days=high | ci_type=TravisCI | mainLanguage=Java,JTAi
googleads/googleads-ima-android,main,1365.0,65.0,239.0,20.0,118.0,11.0,2014-01-06 08:14:27+00:00,90.0,5.0,Java,2025-03-27T02:16:57,72.0,GitHubActions,2021-04-29 15:36:56+00:00,21.727272727272727,0.0555555555555555,0.0209986000933271,0.0557629491367242,4286,340.1,0.0,low,high,GitHubActions,Java,8,open_issue_ratio=low | project_age_days=high | ci_type=GitHubActions | mainLanguage=Java,JGAi
react-native-image-picker/react-native-image-picker,main,3238.0,141.0,861.0,111.0,8519.0,191.0,2015-06-08 08:25:31+00:00,1676.0,275.0,Java,2025-02-27T09:13:40,538.0,GitHubActions,2023-06-20 09:40:17+00:00,4.507853403141361,0.1640811455847255,0.4447983014861996,0.2285031847133758,3768,152.29,0.0,low,high,GitHubActions,Java,8,open_issue_ratio=low | project_age_days=high | ci_type=GitHubActions | mainLanguage=Java,JGAi
mightypirates/scannable,1.20.4,1466.0,22.0,336.0,5.0,15.0,10.0,2017-05-03 10:48:47+00:00,134.0,12.0,Java,2024-04-15T10:35:36,13.0,GitHubActions,2020-12-25 15:04:19+00:00,33.6,0.0895522388059701,0.0436055971363488,0.1093394077448747,3073,116.82,0.0,low,low,GitHubActions,Java,12,open_issue_ratio=low | project_age_days=low | ci_type=GitHubActions | mainLanguage=Java,JGai
diffgram/diffgram,master,57035.0,317.0,5797.0,30.0,1841.0,23.0,2018-09-06 09:04:23+00:00,830.0,467.0,Python,2024-10-14T01:55:40,755.0,GitHubActions,2021-04-15 18:27:33+00:00,252.0434782608696,0.5626506024096386,0.3214562354763749,2.245158791634392,2582,46.48,11.499495821388788,high,low,GitHubActions,Python,5,open_issue_ratio=high | project_age_days=low | ci_type=GitHubActions | mainLanguage=Python,PGaI
censys/censys-python,main,2488.0,45.0,1129.0,19.0,433.0,25.0,2015-09-24 05:41:20+00:00,69.0,1.0,Python,2025-04-15T02:26:18,594.0,GitHubActions,2020-08-17 19:48:42+00:00,45.16,0.0144927536231884,0.0188524590163934,0.3084699453551912,3660,47.15,31.807647740440327,low,high,GitHubActions,Python,9,open_issue_ratio=low | project_age_days=high | ci_type=GitHubActions | mainLanguage=Python,PGAi
jonathansalwan/ropgadget,master,50825.0,27.0,549.0,125.0,4028.0,60.0,2011-08-19 03:30:14+00:00,98.0,11.0,Python,2025-01-28T07:31:31,104.0,GitHubActions,2020-02-28 11:36:11+00:00,9.15,0.1122448979591836,0.0190032964902074,0.106457242582897,5157,282.16,0.0,low,high,GitHubActions,Python,9,open_issue_ratio=low | project_age_days=high | ci_type=GitHubActions | mainLanguage=Python,PGAi
getmetamap/metamap-android-sdk,master,708.0,72.0,319.0,6.0,16.0,15.0,2019-03-27 08:34:08+00:00,25.0,0.0,Java,2025-03-26T08:38:58,31.0,GitHubActions,2021-08-25 06:15:43+00:00,21.266666666666666,0.0,0.0105042016806722,0.1340336134453781,2380,84.59,3.992740471869329,low,low,GitHubActions,Java,12,open_issue_ratio=low | project_age_days=low | ci_type=GitHubActions | mainLanguage=Java,JGai
add-ons/plugin.video.vrt.nu,master,17182.0,74.0,1073.0,11.0,112.0,10.0,2017-02-19 03:37:36+00:00,325.0,24.0,Python,2025-04-06T02:56:33,888.0,TravisCI,2019-03-15 18:54:51+00:00,107.3,0.0738461538461538,0.1033057851239669,0.3410680228862047,3146,32.63,29.769412692156088,low,low,TravisCI,Python,15,open_issue_ratio=low | project_age_days=low | ci_type=TravisCI | mainLanguage=Python,PTai
usethesource/vallang,main,14607.0,24.0,2729.0,11.0,35.0,22.0,2015-10-16 02:04:31+00:00,42.0,4.0,Java,2025-04-02T06:34:54,252.0,GitHubActions,2021-05-12 10:08:07+00:00,124.04545454545456,0.0952380952380952,0.0115448048378229,0.7501374381528312,3638,151.92,24.89834833571689,low,high,GitHubActions,Java,8,open_issue_ratio=low | project_age_days=high | ci_type=GitHubActions | mainLanguage=Java,JGAi
eamigo86/graphene-django-extras,master,606.0,36.0,342.0,20.0,418.0,44.0,2017-09-20 03:06:04+00:00,132.0,64.0,Python,2025-01-10T01:06:32,76.0,TravisCI,2019-01-18 16:12:01+00:00,7.772727272727272,0.4848484848484848,0.0450051142175247,0.1166041595635867,2933,49.22,11.265874641540352,high,low,TravisCI,Python,7,open_issue_ratio=high | project_age_days=low | ci_type=TravisCI | mainLanguage=Python,PTaI
react-native-linear-gradient/react-native-linear-gradient,master,2251.0,18.0,540.0,44.0,4908.0,108.0,2015-03-31 05:44:40+00:00,444.0,167.0,Java,2025-03-04T07:12:59,237.0,GitHubActions,2022-02-13 20:02:02+00:00,5.0,0.3761261261261261,0.1157154026583268,0.1407349491790461,3837,133.45,0.0,high,high,GitHubActions,Java,0,open_issue_ratio=high | project_age_days=high | ci_type=GitHubActions | mainLanguage=Java,JGAI
robotframework/ride,master,41047.0,36.0,6381.0,115.0,984.0,75.0,2011-09-27 11:53:40+00:00,2272.0,126.0,Python,2025-03-24T10:06:13,661.0,TravisCI,2017-07-10 00:44:31+00:00,85.08,0.0554577464788732,0.4439234075810863,1.2467760844079718,5118,159.46,28.16880625645566,low,high,TravisCI,Python,11,open_issue_ratio=low | project_age_days=high | ci_type=TravisCI | mainLanguage=Python,PTAi
swan-cern/jupyterhub-extensions,master,427.0,59.0,442.0,6.0,27.0,17.0,2018-09-19 03:56:35+00:00,31.0,13.0,Python,2025-04-10T09:55:01,107.0,GitHubActions,2020-10-15 19:33:31+00:00,26.0,0.4193548387096774,0.012066952121448,0.1720513818606461,2569,112.67,5.597014925373134,high,low,GitHubActions,Python,5,open_issue_ratio=high | project_age_days=low | ci_type=GitHubActions | mainLanguage=Python,PGaI
nesvilab/fragpipe,develop,4129913.0,50.0,4843.0,21.0,226.0,,2017-05-19 06:59:53+00:00,2006.0,51.0,Java,2025-04-26T12:36:16,61.0,TravisCI,2019-10-15 22:11:14+00:00,,0.0254237288135593,0.6561988877984952,1.5842329080798168,3057,0.0,3.4544332976202075,low,low,TravisCI,Java,14,open_issue_ratio=low | project_age_days=low | ci_type=TravisCI | mainLanguage=Java,JTai
matrix-org/sygnal,main,916.0,31.0,501.0,28.0,183.0,50.0,2014-12-18 03:48:48+00:00,162.0,33.0,Python,2025-02-28T08:44:08,243.0,GitHubActions,2021-04-13 17:48:09+00:00,10.02,0.2037037037037037,0.0411167512690355,0.1271573604060913,3940,93.79,39.30642679607054,low,high,GitHubActions,Python,9,open_issue_ratio=low | project_age_days=high | ci_type=GitHubActions | mainLanguage=Python,PGAi
naver/arcus-java-client,master,3971.0,30.0,1284.0,21.0,50.0,37.0,2014-04-29 09:55:01+00:00,133.0,12.0,Java,2024-08-01T05:19:55,657.0,TravisCI,2016-07-19 06:02:26+00:00,34.7027027027027,0.0902255639097744,0.0318715552360412,0.3076923076923077,4173,257.65,64.88700237104342,low,high,TravisCI,Java,10,open_issue_ratio=low | project_age_days=high | ci_type=TravisCI | mainLanguage=Java,JTAi
mastercomfig/mastercomfig,develop,628394.0,207.0,3366.0,25.0,659.0,47.0,2016-09-28 03:36:31+00:00,229.0,18.0,Python,2025-03-08T05:50:25,530.0,GitHubActions,2020-08-01 15:13:21+00:00,71.61702127659575,0.0786026200873362,0.0696048632218845,1.0231003039513678,3290,40.42,0.0,low,low,GitHubActions,Python,13,open_issue_ratio=low | project_age_days=low | ci_type=GitHubActions | mainLanguage=Python,PGai
voc/voctomix,main,24565.0,17.0,1702.0,41.0,597.0,50.0,2014-07-28 10:03:16+00:00,233.0,86.0,Python,2025-04-20T12:51:00,131.0,TravisCI,2017-08-03 22:53:18+00:00,34.04,0.3690987124463519,0.0570658829292187,0.4168503551310311,4083,257.24,7.982893799002139,high,high,TravisCI,Python,3,open_issue_ratio=high | project_age_days=high | ci_type=TravisCI | mainLanguage=Python,PTAI
solsticegamestudios/gmodcefcodecfix,master,347815.0,28.0,710.0,11.0,521.0,9.0,2019-06-17 12:26:16+00:00,139.0,18.0,Python,2025-04-25T07:49:33,17.0,GitHubActions,2020-06-23 07:26:58+00:00,78.88888888888889,0.1294964028776978,0.0604873803307223,0.308964316797215,2298,32.68,0.0,low,low,GitHubActions,Python,13,open_issue_ratio=low | project_age_days=low | ci_type=GitHubActions | mainLanguage=Python,PGai
tensorflow/hub,master,13656.0,20.0,1188.0,156.0,3493.0,112.0,2018-03-12 07:55:42+00:00,705.0,12.0,Python,2025-01-17T12:09:38,210.0,GitHubActions,2020-01-27 08:54:54+00:00,10.607142857142858,0.0170212765957446,0.2554347826086957,0.4304347826086956,2760,70.61,56.26286890871655,low,low,GitHubActions,Python,13,open_issue_ratio=low | project_age_days=low | ci_type=GitHubActions | mainLanguage=Python,PGai
esitarski/racedb,master,7480.0,93.0,1758.0,6.0,16.0,3.0,2014-11-05 02:03:24+00:00,79.0,27.0,Python,2025-03-29T04:10:20,16.0,GitHubActions,2019-12-01 21:18:01+00:00,586.0,0.3417721518987341,0.0198342957569671,0.4413758473512428,3983,272.91,0.0049733923509225,low,high,GitHubActions,Python,9,open_issue_ratio=low | project_age_days=high | ci_type=GitHubActions | mainLanguage=Python,PGAi
pymeasure/pymeasure,master,9551.0,32.0,4271.0,33.0,657.0,180.0,2014-04-17 02:31:52+00:00,414.0,125.0,Python,2025-04-27T10:45:34,739.0,TravisCI,2016-04-01 16:20:51+00:00,23.72777777777777,0.3019323671497584,0.0989247311827957,1.0205495818399044,4185,205.02,53.48180185207792,low,high,TravisCI,Python,11,open_issue_ratio=low | project_age_days=high | ci_type=TravisCI | mainLanguage=Python,PTAi
arangoml/networkx-adapter,master,33959.0,18.0,109.0,13.0,24.0,8.0,2020-03-27 08:12:02+00:00,30.0,1.0,Python,2025-01-06T09:15:04,74.0,GitHubActions,2021-11-17 18:43:07+00:00,13.625,0.0333333333333333,0.0148957298907646,0.0541211519364448,2014,39.59,20.35578885972587,low,low,GitHubActions,Python,13,open_issue_ratio=low | project_age_days=low | ci_type=GitHubActions | mainLanguage=Python,PGai
supermihi/pytaglib,main,968.0,13.0,326.0,9.0,191.0,8.0,2011-08-26 09:57:43+00:00,93.0,9.0,Python,2025-04-01T07:44:52,64.0,TravisCI,2012-12-27 17:51:22+00:00,40.75,0.0967741935483871,0.0180582524271844,0.0633009708737864,5150,134.26,25.01667778519013,low,high,TravisCI,Python,11,open_issue_ratio=low | project_age_days=high | ci_type=TravisCI | mainLanguage=Python,PTAi
testartool/testar_dev,master,507522.0,43.0,1777.0,9.0,41.0,35.0,2017-05-07 11:26:13+00:00,193.0,42.0,Java,2025-04-11T12:02:43,233.0,GitHubActions,2020-11-28 12:19:11+00:00,50.77142857142857,0.2176165803108808,0.0628869338546758,0.5790159661127403,3069,403.83,117.59673975313784,low,low,GitHubActions,Java,12,open_issue_ratio=low | project_age_days=low | ci_type=GitHubActions | mainLanguage=Java,JGai
eclipse/jnosql,main,12679.0,25.0,6196.0,34.0,230.0,36.0,2016-07-14 09:58:40+00:00,200.0,12.0,Java,2024-12-15T04:22:40,365.0,GitHubActions,2020-10-25 09:43:18+00:00,172.11111111111111,0.06,0.05941770647653,1.8407605466429,3366,137.64,95.19376899696049,low,low,GitHubActions,Java,12,open_issue_ratio=low | project_age_days=low | ci_type=GitHubActions | mainLanguage=Java,JGai
secuso/privacy-friendly-sudoku,master,3228.0,19.0,576.0,14.0,165.0,27.0,2015-11-06 01:14:43+00:00,102.0,48.0,Java,2025-04-19T05:17:44,44.0,GitHubActions,2020-11-05 09:19:59+00:00,21.33333333333333,0.4705882352941176,0.0282001658833287,0.1592479955764445,3617,258.83,2.199524113516337,high,high,GitHubActions,Java,0,open_issue_ratio=high | project_age_days=high | ci_type=GitHubActions | mainLanguage=Java,JGAI
hazelcast/hazelcast-python-client,master,4683.0,23.0,674.0,53.0,110.0,42.0,2015-12-03 09:14:23+00:00,227.0,56.0,Python,2025-02-20T10:36:39,495.0,GitHubActions,2021-04-28 20:12:57+00:00,16.047619047619047,0.2466960352422907,0.0632311977715877,0.1877437325905292,3590,138.31,52.05674010687592,low,high,GitHubActions,Python,9,open_issue_ratio=low | project_age_days=high | ci_type=GitHubActions | mainLanguage=Python,PGAi
bastibe/python-soundfile,master,5591.0,17.0,604.0,18.0,732.0,38.0,2013-08-27 01:36:52+00:00,255.0,115.0,Python,2025-01-25T09:07:20,203.0,TravisCI,2015-09-27 16:06:03+00:00,15.894736842105264,0.4509803921568627,0.0577184246265278,0.1367134449977365,4418,94.25,54.28342674139312,high,high,TravisCI,Python,3,open_issue_ratio=high | project_age_days=high | ci_type=TravisCI | mainLanguage=Python,PTAI
jldbc/pybaseball,master,7452.0,16.0,273.0,71.0,1249.0,47.0,2017-06-20 12:50:19+00:00,218.0,77.0,Python,2024-09-24T06:57:45,236.0,GitHubActions,2020-08-28 10:45:32+00:00,5.808510638297872,0.3532110091743119,0.0720661157024793,0.0902479338842975,3025,81.93,7.427443655394808,high,low,GitHubActions,Python,5,open_issue_ratio=high | project_age_days=low | ci_type=GitHubActions | mainLanguage=Python,PGaI
mapfish/mapfish-print,master,257586.0,52.0,4836.0,19.0,186.0,62.0,2011-11-08 10:24:04+00:00,424.0,188.0,Java,2025-04-04T03:40:13,3166.0,TravisCI,2014-03-21 11:38:47+00:00,78.0,0.4433962264150943,0.0835303388494877,0.9527186761229316,5076,148.85,8.347044725434069,high,high,TravisCI,Java,2,open_issue_ratio=high | project_age_days=high | ci_type=TravisCI | mainLanguage=Java,JTAI
teamamaze/amazefilemanager,release/4.0,62139.0,66.0,6585.0,174.0,5549.0,181.0,2014-07-14 07:47:53+00:00,2584.0,569.0,Java,2025-04-18T04:18:12,1711.0,TravisCI,2017-07-28 18:45:39+00:00,36.38121546961326,0.2202012383900928,0.6307053941908713,1.607273614840127,4097,129.12,5.223482962535923,low,high,TravisCI,Java,10,open_issue_ratio=low | project_age_days=high | ci_type=TravisCI | mainLanguage=Java,JTAi
linbreux/wikmd,main,11692.0,29.0,523.0,6.0,326.0,26.0,2020-11-24 01:54:03+00:00,74.0,18.0,Python,2024-09-16T12:04:43,95.0,GitHubActions,2021-12-04 11:05:12+00:00,20.115384615384617,0.2432432432432432,0.0417607223476298,0.2951467268623025,1772,62.86,10.952955367913148,low,low,GitHubActions,Python,13,open_issue_ratio=low | project_age_days=low | ci_type=GitHubActions | mainLanguage=Python,PGai
crschnick/pdx_unlimiter,master,194618.0,127.0,1504.0,10.0,262.0,11.0,2020-01-02 09:17:41+00:00,98.0,12.0,Java,2025-02-03T06:41:15,38.0,GitHubActions,2022-02-10 23:40:33+00:00,136.72727272727272,0.1224489795918367,0.0466888994759409,0.7165316817532158,2099,59.9,0.0,low,low,GitHubActions,Java,12,open_issue_ratio=low | project_age_days=low | ci_type=GitHubActions | mainLanguage=Java,JGai
cirrus-geo/cirrus-geo,main,6002.0,44.0,781.0,8.0,62.0,21.0,2020-08-07 06:48:59+00:00,164.0,14.0,Python,2025-04-25T05:16:14,148.0,GitHubActions,2021-10-03 03:20:49+00:00,37.19047619047619,0.0853658536585365,0.0871876661350345,0.4152046783625731,1881,357.67,16.5296343001261,low,low,GitHubActions,Python,13,open_issue_ratio=low | project_age_days=low | ci_type=GitHubActions | mainLanguage=Python,PGai
michalchudziak/react-native-geolocation,master,2113.0,21.0,261.0,23.0,1294.0,108.0,2019-03-29 04:41:44+00:00,191.0,127.0,Java,2024-09-01T08:39:25,140.0,GitHubActions,2022-09-14 09:32:01+00:00,2.4166666666666665,0.6649214659685864,0.0803195962994112,0.1097560975609756,2378,56.44,0.0,high,low,GitHubActions,Java,4,open_issue_ratio=high | project_age_days=low | ci_type=GitHubActions | mainLanguage=Java,JGaI
googlecloudplatform/database-assessment,main,5615.0,61.0,664.0,29.0,66.0,27.0,2021-04-28 04:11:39+00:00,132.0,15.0,Python,2025-04-23T02:37:23,363.0,GitHubActions,2022-11-04 20:12:35+00:00,24.59259259259259,0.1136363636363636,0.0816326530612244,0.4106369820655535,1617,153.41,3.7720530835284936,low,low,GitHubActions,Python,13,open_issue_ratio=low | project_age_days=low | ci_type=GitHubActions | mainLanguage=Python,PGai
google/truth,master,36965.0,35.0,2049.0,88.0,2744.0,117.0,2011-06-22 06:55:12+00:00,249.0,71.0,Java,2025-04-24T10:59:36,1161.0,TravisCI,2012-10-05 18:04:51+00:00,17.512820512820515,0.285140562248996,0.0477468839884947,0.3929050814956855,5215,277.14,76.6263718784794,low,high,TravisCI,Java,10,open_issue_ratio=low | project_age_days=high | ci_type=TravisCI | mainLanguage=Java,JTAi
soar-telescope/goodman_pipeline,main,285330.0,20.0,1474.0,6.0,15.0,11.0,2016-07-08 08:34:45+00:00,233.0,45.0,Python,2025-03-25T07:02:29,180.0,TravisCI,2017-11-06 12:57:24+00:00,134.0,0.1931330472103004,0.0690984578884934,0.4371293001186239,3372,332.91,28.79455346415699,low,low,TravisCI,Python,15,open_issue_ratio=low | project_age_days=low | ci_type=TravisCI | mainLanguage=Python,PTai
corretto/corretto-8,develop,223942.0,51.0,50555.0,105.0,2119.0,815.0,2018-11-07 07:49:10+00:00,269.0,62.0,Java,2025-04-15T05:58:49,251.0,GitHubActions,2022-04-06 19:47:14+00:00,62.03067484662576,0.2304832713754646,0.1067460317460317,20.061507936507937,2520,95.13,37.00796192719554,low,low,GitHubActions,Java,12,open_issue_ratio=low | project_age_days=low | ci_type=GitHubActions | mainLanguage=Java,JGai
19misterx98/seedcrackerx,master,677.0,26.0,259.0,13.0,1172.0,27.0,2020-09-07 12:39:51+00:00,291.0,149.0,Java,2025-04-03T04:54:36,64.0,GitHubActions,2022-03-06 13:09:39+00:00,9.592592592592592,0.5120274914089347,0.1572972972972973,0.14,1850,30.3,0.0,high,low,GitHubActions,Java,4,open_issue_ratio=high | project_age_days=low | ci_type=GitHubActions | mainLanguage=Java,JGaI
digitalfox/pydici,master,11735.0,16.0,3962.0,13.0,143.0,21.0,2010-02-20 04:23:56+00:00,130.0,30.0,Python,2025-04-26T02:01:40,79.0,TravisCI,2014-09-08 21:50:50+00:00,188.66666666666663,0.2307692307692307,0.0227990178884601,0.6948439144159944,5702,428.94,7.461801437242727,low,high,TravisCI,Python,11,open_issue_ratio=low | project_age_days=high | ci_type=TravisCI | mainLanguage=Python,PTAi
icij/datashare,main,414264.0,482.0,4524.0,28.0,628.0,27.0,2016-04-20 07:52:07+00:00,1517.0,53.0,Java,2025-04-22T09:37:45,237.0,GitHubActions,2022-11-10 14:36:08+00:00,167.55555555555554,0.034937376400791,0.4395827296435816,1.3109243697478992,3451,74.48,45.09586665382022,low,low,GitHubActions,Java,12,open_issue_ratio=low | project_age_days=low | ci_type=GitHubActions | mainLanguage=Java,JGai
uwetrottmann/tmdb-java,main,991.0,20.0,556.0,14.0,171.0,22.0,2012-09-29 11:15:22+00:00,29.0,3.0,Java,2024-06-07T02:10:51,69.0,GitHubActions,2021-05-20 10:11:53+00:00,25.27272727272728,0.1034482758620689,0.0061052631578947,0.1170526315789473,4750,111.16,57.63852925945107,low,high,GitHubActions,Java,8,open_issue_ratio=low | project_age_days=high | ci_type=GitHubActions | mainLanguage=Java,JGAi
stuypulse/stuylib,main,9203.0,85.0,720.0,29.0,35.0,21.0,2011-07-01 03:23:12+00:00,13.0,2.0,Java,2025-02-14T07:27:29,74.0,TravisCI,2019-11-21 03:13:21+00:00,34.285714285714285,0.1538461538461538,0.0024971187091817,0.1383019592777564,5206,61.27,0.0,low,high,TravisCI,Java,10,open_issue_ratio=low | project_age_days=high | ci_type=TravisCI | mainLanguage=Java,JTAi
rte-france/grid2op,master,89533.0,31.0,3108.0,20.0,290.0,35.0,2019-10-10 05:04:46+00:00,355.0,45.0,Python,2024-07-12T07:00:22,274.0,GitHubActions,2023-07-26 12:30:43+00:00,88.8,0.1267605633802817,0.16262024736601,1.423728813559322,2183,86.55,36.201828613345214,low,low,GitHubActions,Python,13,open_issue_ratio=low | project_age_days=low | ci_type=GitHubActions | mainLanguage=Python,PGai
jenkinsci/aws-secrets-manager-credentials-provider-plugin,master,1315.0,26.0,219.0,6.0,63.0,16.0,2019-05-14 04:17:43+00:00,54.0,20.0,Java,2025-01-27T10:14:00,283.0,GitHubActions,2022-03-16 17:01:45+00:00,13.6875,0.3703703703703703,0.023156089193825,0.0939108061749571,2332,168.35,65.83031182015954,high,low,GitHubActions,Java,4,open_issue_ratio=high | project_age_days=low | ci_type=GitHubActions | mainLanguage=Java,JGaI
broadinstitute/gnomad_methods,main,7048.0,15.0,3458.0,24.0,94.0,32.0,2017-09-28 05:34:58+00:00,118.0,9.0,Python,2025-04-10T08:39:07,627.0,GitHubActions,2020-01-21 17:46:35+00:00,108.0625,0.0762711864406779,0.0403418803418803,1.1822222222222225,2925,260.43,16.585778781038375,low,low,GitHubActions,Python,13,open_issue_ratio=low | project_age_days=low | ci_type=GitHubActions | mainLanguage=Python,PGai
heroku/webapp-runner,main,968.0,28.0,781.0,80.0,324.0,34.0,2012-01-14 12:21:47+00:00,82.0,3.0,Java,2025-04-03T02:13:41,515.0,TravisCI,2014-12-01 18:07:19+00:00,22.97058823529412,0.0365853658536585,0.016370533040527,0.1559193451786784,5009,581.97,5.074626865671641,low,high,TravisCI,Java,10,open_issue_ratio=low | project_age_days=high | ci_type=TravisCI | mainLanguage=Java,JTAi
hpcugent/vsc-base,master,1803.0,16.0,1498.0,10.0,14.0,22.0,2013-01-23 01:51:31+00:00,63.0,30.0,Python,2024-11-25T08:20:55,290.0,TravisCI,2018-05-12 17:18:19+00:00,68.0909090909091,0.4761904761904761,0.0135951661631419,0.323262839879154,4634,122.96,63.29374505146477,high,high,TravisCI,Python,3,open_issue_ratio=high | project_age_days=high | ci_type=TravisCI | mainLanguage=Python,PTAI
jtablesaw/tablesaw,master,66274.0,79.0,2547.0,143.0,3613.0,97.0,2016-01-01 02:58:28+00:00,731.0,129.0,Java,2025-04-09T04:05:09,500.0,TravisCI,2017-08-10 22:22:13+00:00,26.25773195876289,0.1764705882352941,0.2052794158944116,0.7152485256950295,3561,101.45,2.152558724194385,low,high,TravisCI,Java,10,open_issue_ratio=low | project_age_days=high | ci_type=TravisCI | mainLanguage=Java,JTAi
nansencenter/nansat,master,7564.0,35.0,3040.0,29.0,182.0,37.0,2013-07-17 01:23:54+00:00,372.0,95.0,Python,2024-12-16T10:45:19,181.0,TravisCI,2014-07-18 12:34:10+00:00,82.16216216216216,0.2553763440860215,0.0834267773043283,0.6817672123794573,4459,151.02,30.996026150493527,low,high,TravisCI,Python,11,open_issue_ratio=low | project_age_days=high | ci_type=TravisCI | mainLanguage=Python,PTAi
dagere/peass,main,15263.0,16.0,2965.0,6.0,11.0,14.0,2014-12-17 01:55:47+00:00,34.0,6.0,Java,2024-12-22T12:13:46,161.0,TravisCI,2018-01-31 15:57:12+00:00,211.78571428571428,0.1764705882352941,0.0086272519665059,0.7523471200202995,3941,31.87,4.027602199801921,low,high,TravisCI,Java,10,open_issue_ratio=low | project_age_days=high | ci_type=TravisCI | mainLanguage=Java,JTAi
jplag/jplag,main,65410.0,13.0,4874.0,25.0,1566.0,61.0,2015-03-21 08:06:19+00:00,321.0,45.0,Java,2025-04-24T11:25:01,1978.0,TravisCI,2017-06-12 07:07:04+00:00,79.90163934426229,0.1401869158878504,0.0834416428385755,1.2669612685209255,3847,239.28,16.716116056050048,low,high,TravisCI,Java,10,open_issue_ratio=low | project_age_days=high | ci_type=TravisCI | mainLanguage=Java,JTAi
rabbitmq/rabbitmq-java-client,main,71972.0,190.0,5831.0,108.0,1267.0,104.0,2010-09-20 10:43:18+00:00,372.0,21.0,Java,2025-04-25T04:20:24,1164.0,TravisCI,2015-08-22 01:36:22+00:00,56.06730769230769,0.0564516129032258,0.06775956284153,1.0621129326047358,5490,46.02,62.32101732251928,low,high,TravisCI,Java,10,open_issue_ratio=low | project_age_days=high | ci_type=TravisCI | mainLanguage=Java,JTAi
michaeldavie/env_canada,master,711.0,70.0,348.0,9.0,93.0,19.0,2018-07-30 03:14:30+00:00,61.0,2.0,Python,2025-04-25T01:25:52,48.0,GitHubActions,2020-11-14 15:13:09+00:00,18.31578947368421,0.0327868852459016,0.0232824427480916,0.132824427480916,2620,87.2,10.692552883222255,low,low,GitHubActions,Python,13,open_issue_ratio=low | project_age_days=low | ci_type=GitHubActions | mainLanguage=Python,PGai
cs-si/eodag,develop,80471.0,41.0,1577.0,13.0,359.0,38.0,2019-08-22 03:08:57+00:00,620.0,130.0,Python,2025-04-24T04:15:15,977.0,GitHubActions,2021-03-16 08:26:30+00:00,41.5,0.2096774193548387,0.2777777777777778,0.7065412186379928,2232,113.07,34.22727148592184,low,low,GitHubActions,Python,13,open_issue_ratio=low | project_age_days=low | ci_type=GitHubActions | mainLanguage=Python,PGai
olofk/fusesoc,main,2581.0,15.0,1529.0,65.0,1267.0,75.0,2014-02-18 09:27:06+00:00,406.0,124.0,Python,2025-04-18T08:20:45,334.0,TravisCI,2016-06-30 00:47:27+00:00,20.386666666666667,0.3054187192118227,0.0956870139052557,0.3603582370963941,4243,307.9,38.94353860665679,low,high,TravisCI,Python,11,open_issue_ratio=low | project_age_days=high | ci_type=TravisCI | mainLanguage=Python,PTAi
bilde2910/hauk,master,6622.0,14.0,539.0,14.0,577.0,36.0,2019-08-23 09:08:13+00:00,177.0,46.0,Java,2024-05-24T09:05:24,30.0,GitHubActions,2023-08-13 13:21:10+00:00,14.97222222222222,0.2598870056497175,0.079336620349619,0.2415956969968624,2231,19.03,1.159608182080092,low,low,GitHubActions,Java,12,open_issue_ratio=low | project_age_days=low | ci_type=GitHubActions | mainLanguage=Java,JGai
swaroopch/byte-of-python,master,6284.0,32.0,398.0,159.0,2285.0,37.0,2012-11-02 05:12:56+00:00,36.0,3.0,Python,2024-07-23T10:07:33,86.0,GitHubActions,2020-01-23 00:10:34+00:00,10.756756756756756,0.0833333333333333,0.0076335877862595,0.0843935538592027,4716,99.34,0.0,low,high,GitHubActions,Python,9,open_issue_ratio=low | project_age_days=high | ci_type=GitHubActions | mainLanguage=Python,PGAi
jamesmudd/jhdf,master,4951.0,46.0,2042.0,11.0,149.0,14.0,2018-11-26 07:05:30+00:00,69.0,10.0,Java,2025-03-21T08:47:36,618.0,GitHubActions,2020-07-24 16:58:09+00:00,145.85714285714286,0.144927536231884,0.0275889644142343,0.8164734106357457,2501,143.49,61.94477245889727,low,low,GitHubActions,Java,12,open_issue_ratio=low | project_age_days=low | ci_type=GitHubActions | mainLanguage=Java,JGai
elastic/support-diagnostics,main,10625.0,87.0,770.0,136.0,291.0,73.0,2014-09-04 04:26:17+00:00,364.0,51.0,Java,2025-04-25T05:12:52,445.0,GitHubActions,2023-07-12 18:18:58+00:00,10.547945205479452,0.1401098901098901,0.0899876390605686,0.1903584672435105,4045,137.21,2.9405536227499622,low,high,GitHubActions,Java,8,open_issue_ratio=low | project_age_days=high | ci_type=GitHubActions | mainLanguage=Java,JGAi
cgatoxford/umi-tools,master,31183.0,34.0,922.0,34.0,502.0,41.0,2015-03-06 03:10:20+00:00,504.0,19.0,Python,2025-02-21T10:51:38,174.0,TravisCI,2016-04-22 13:23:34+00:00,22.48780487804878,0.0376984126984126,0.1305023303987571,0.2387364060072501,3862,205.63,2.9986052998605297,low,high,TravisCI,Python,11,open_issue_ratio=low | project_age_days=high | ci_type=TravisCI | mainLanguage=Python,PTAi
konloch/bytecode-viewer,master,648615.0,61.0,1469.0,374.0,14960.0,51.0,2014-10-14 10:26:46+00:00,360.0,86.0,Java,2025-04-17T05:53:40,172.0,GitHubActions,2021-07-24 01:31:56+00:00,28.80392156862745,0.2388888888888889,0.0898876404494382,0.3667915106117353,4005,464.15,0.2202780490845992,low,high,GitHubActions,Java,8,open_issue_ratio=low | project_age_days=high | ci_type=GitHubActions | mainLanguage=Java,JGAi
py2exe/py2exe,master,1257.0,19.0,1105.0,26.0,862.0,25.0,2019-03-11 01:16:35+00:00,167.0,13.0,Python,2024-11-12T07:44:33,38.0,GitHubActions,2021-02-20 19:08:52+00:00,44.2,0.0778443113772455,0.0696994991652754,0.4611853088480801,2396,87.69,16.348340154615734,low,low,GitHubActions,Python,13,open_issue_ratio=low | project_age_days=low | ci_type=GitHubActions | mainLanguage=Python,PGai
rsokl/mygrad,master,15360.0,16.0,1586.0,16.0,197.0,18.0,2017-07-17 03:31:24+00:00,110.0,4.0,Python,2025-01-01T01:44:45,330.0,TravisCI,2019-02-03 21:08:35+00:00,88.11111111111111,0.0363636363636363,0.0366911274182788,0.5290193462308206,2998,200.08,82.66705152258623,low,low,TravisCI,Python,15,open_issue_ratio=low | project_age_days=low | ci_type=TravisCI | mainLanguage=Python,PTai
lab313ru/ghidra_psx_ldr,master,12792.0,58.0,244.0,18.0,239.0,11.0,2019-03-28 04:40:56+00:00,61.0,16.0,Java,2024-11-15T08:49:00,16.0,GitHubActions,2024-09-03 05:50:37+00:00,22.181818181818183,0.2622950819672131,0.0256410256410256,0.1025641025641025,2379,221.45,0.0,low,low,GitHubActions,Java,12,open_issue_ratio=low | project_age_days=low | ci_type=GitHubActions | mainLanguage=Java,JGai
cuyler36/ghidra-gamecube-loader,master,379.0,20.0,134.0,17.0,259.0,19.0,2019-03-14 07:59:19+00:00,61.0,11.0,Java,2024-11-24T07:27:45,31.0,GitHubActions,2023-01-14 18:13:16+00:00,7.052631578947368,0.180327868852459,0.0254910154617634,0.055996656916005,2393,79.54,0.0,low,low,GitHubActions,Java,12,open_issue_ratio=low | project_age_days=low | ci_type=GitHubActions | mainLanguage=Java,JGai
borisbu/octorelay,master,5665.0,137.0,435.0,3.0,46.0,12.0,2021-03-12 06:39:39+00:00,110.0,5.0,Python,2025-01-19T04:39:07,235.0,GitHubActions,2023-07-05 16:01:06+00:00,36.25,0.0454545454545454,0.0661057692307692,0.2614182692307692,1664,201.09,29.062500000000004,low,low,GitHubActions,Python,13,open_issue_ratio=low | project_age_days=low | ci_type=GitHubActions | mainLanguage=Python,PGai
janeczku/calibre-web,master,94217.0,21.0,4117.0,173.0,11852.0,,2015-08-02 07:01:42+00:00,2402.0,385.0,Python,2024-06-03T06:41:52,664.0,TravisCI,2017-03-02 10:31:21+00:00,,0.1602830974188176,0.6469162402370051,1.1088068946943173,3713,0.0,0.0,low,high,TravisCI,Python,11,open_issue_ratio=low | project_age_days=high | ci_type=TravisCI | mainLanguage=Python,PTAi
jitsi/libjitsi,master,93769.0,17.0,2492.0,72.0,640.0,65.0,2013-04-24 09:01:15+00:00,118.0,33.0,Java,2024-05-09T03:30:19,466.0,GitHubActions,2020-04-05 23:05:50+00:00,38.33846153846154,0.2796610169491525,0.0259740259740259,0.5485362095531587,4543,212.16,3.1944455135359817,low,high,GitHubActions,Java,8,open_issue_ratio=low | project_age_days=high | ci_type=GitHubActions | mainLanguage=Java,JGAi
codenameone/codenameone,master,223859.0,126.0,7912.0,103.0,1758.0,74.0,2015-03-27 07:37:42+00:00,3514.0,612.0,Java,2025-04-12T02:38:34,381.0,TravisCI,2016-06-12 19:28:06+00:00,106.91891891891892,0.1741605008537279,0.9148659203332464,2.059880239520958,3841,86.33,4.034219723125575,low,high,TravisCI,Java,10,open_issue_ratio=low | project_age_days=high | ci_type=TravisCI | mainLanguage=Java,JTAi
smartdataanalytics/rdfprocessingtoolkit,develop,2379.0,29.0,648.0,7.0,40.0,6.0,2018-01-16 03:26:55+00:00,55.0,18.0,Java,2025-02-24T08:33:31,18.0,GitHubActions,2024-02-22 14:34:55+00:00,108.0,0.3272727272727272,0.019538188277087,0.2301953818827708,2815,220.3,1.9595760414099088,low,low,GitHubActions,Java,12,open_issue_ratio=low | project_age_days=low | ci_type=GitHubActions | mainLanguage=Java,JGai
aws/aws-iot-device-sdk-java-v2,main,3909.0,112.0,389.0,24.0,122.0,33.0,2018-11-13 09:50:23+00:00,111.0,3.0,Java,2025-04-24T09:29:56,474.0,GitHubActions,2020-03-06 18:07:19+00:00,11.787878787878787,0.027027027027027,0.0441527446300716,0.1547334924423229,2514,132.39,22.40087175039473,low,low,GitHubActions,Java,12,open_issue_ratio=low | project_age_days=low | ci_type=GitHubActions | mainLanguage=Java,JGai
aiolifx/aiolifx,master,310.0,29.0,232.0,6.0,22.0,7.0,2017-02-20 09:23:13+00:00,20.0,4.0,Python,2025-03-06T06:39:17,80.0,GitHubActions,2021-01-20 11:57:48+00:00,33.142857142857146,0.2,0.0063593004769475,0.0737678855325914,3145,87.78,0.0,low,low,GitHubActions,Python,13,open_issue_ratio=low | project_age_days=low | ci_type=GitHubActions | mainLanguage=Python,PGai
polygon-io/client-python,master,2300.0,77.0,507.0,33.0,987.0,34.0,2019-10-21 08:33:17+00:00,320.0,10.0,Python,2025-04-23T10:45:25,547.0,GitHubActions,2022-04-25 19:05:26+00:00,14.911764705882351,0.03125,0.147329650092081,0.2334254143646408,2172,51.53,6.161912834361633,low,low,GitHubActions,Python,13,open_issue_ratio=low | project_age_days=low | ci_type=GitHubActions | mainLanguage=Python,PGai
alibaba/canal,master,24135.0,32.0,1681.0,1179.0,28898.0,,2013-01-13 10:59:52+00:00,4655.0,1103.0,Java,2025-03-19T07:51:27,700.0,TravisCI,2019-03-21 08:16:31+00:00,,0.2369495166487647,1.002368647717485,0.3619724375538329,4644,0.0,11.632647658380325,low,high,TravisCI,Java,10,open_issue_ratio=low | project_age_days=high | ci_type=TravisCI | mainLanguage=Java,JTAi
slackapi/python-slack-sdk,main,15499.0,134.0,1426.0,161.0,3904.0,178.0,2014-11-10 09:32:02+00:00,867.0,32.0,Python,2025-04-08T01:57:05,807.0,TravisCI,2016-02-21 22:54:01+00:00,8.01123595505618,0.0369088811995386,0.2179487179487179,0.3584715937657114,3978,102.87,13.279836109248253,low,high,TravisCI,Python,11,open_issue_ratio=low | project_age_days=high | ci_type=TravisCI | mainLanguage=Python,PTAi
seaside1/jrule,main,1795.0,19.0,653.0,7.0,30.0,21.0,2021-04-26 07:46:06+00:00,60.0,10.0,Java,2025-03-24T08:14:03,146.0,GitHubActions,2022-06-02 18:41:31+00:00,31.09523809523809,0.1666666666666666,0.0370599135268684,0.4033353922174181,1619,45.49,50.21307244463118,low,low,GitHubActions,Java,12,open_issue_ratio=low | project_age_days=low | ci_type=GitHubActions | mainLanguage=Java,JGai
bluelabsio/records-mover,main,1380.0,25.0,741.0,17.0,37.0,11.0,2020-02-18 04:44:57+00:00,36.0,1.0,Python,2024-06-18T06:09:41,254.0,GitHubActions,2022-12-21 20:30:35+00:00,67.36363636363636,0.0277777777777777,0.0175438596491228,0.3611111111111111,2052,845.95,49.67000668002672,low,low,GitHubActions,Python,13,open_issue_ratio=low | project_age_days=low | ci_type=GitHubActions | mainLanguage=Python,PGai
serapieum-of-alex/hapi,main,273037.0,24.0,1925.0,2.0,32.0,7.0,2018-04-10 06:15:31+00:00,35.0,13.0,Python,2025-04-09T07:03:20,111.0,GitHubActions,2020-05-30 09:49:49+00:00,275.0,0.3714285714285714,0.0128158183815452,0.7048700109849871,2731,44.24,2.177655362368738,high,low,GitHubActions,Python,5,open_issue_ratio=high | project_age_days=low | ci_type=GitHubActions | mainLanguage=Python,PGaI
conflux-chain/java-conflux-sdk,master,518.0,27.0,91.0,14.0,41.0,8.0,2019-11-28 08:26:26+00:00,16.0,7.0,Java,2024-07-04T07:57:37,37.0,GitHubActions,2021-01-27 10:15:15+00:00,11.375,0.4375,0.007497656982193,0.042642924086223,2134,54.86,9.68239681110968,high,low,GitHubActions,Java,4,open_issue_ratio=high | project_age_days=low | ci_type=GitHubActions | mainLanguage=Java,JGaI
azuread/microsoft-authentication-library-for-java,dev,2322.0,57.0,946.0,55.0,309.0,49.0,2018-06-21 06:24:42+00:00,473.0,70.0,Java,2025-04-16T03:27:06,466.0,GitHubActions,2020-05-05 00:34:20+00:00,19.3061224489796,0.1479915433403805,0.1778864234674689,0.3557728469349379,2659,93.45,37.85776869158878,low,low,GitHubActions,Java,12,open_issue_ratio=low | project_age_days=low | ci_type=GitHubActions | mainLanguage=Java,JGai
wyfo/apischema,master,6996.0,54.0,543.0,8.0,226.0,13.0,2019-08-08 07:33:15+00:00,66.0,14.0,Python,2024-10-01T07:13:52,547.0,GitHubActions,2020-10-11 06:44:15+00:00,41.76923076923077,0.2121212121212121,0.0293855743544078,0.2417631344612644,2246,27.77,21.779761904761905,low,low,GitHubActions,Python,13,open_issue_ratio=low | project_age_days=low | ci_type=GitHubActions | mainLanguage=Python,PGai
pagehelper/mybatis-pagehelper,master,5303.0,14.0,692.0,506.0,12191.0,53.0,2014-06-09 03:32:30+00:00,747.0,42.0,Java,2024-09-30T09:24:35,86.0,TravisCI,2017-06-10 10:54:44+00:00,13.056603773584904,0.0562248995983935,0.180784123910939,0.1674733785091965,4132,268.35,48.927120365667854,low,high,TravisCI,Java,10,open_issue_ratio=low | project_age_days=high | ci_type=TravisCI | mainLanguage=Java,JTAi
wolpi/prim-ftpd,master,17471.0,49.0,1416.0,27.0,670.0,88.0,2012-06-03 04:24:33+00:00,299.0,57.0,Java,2025-03-08T11:32:11,109.0,TravisCI,2016-01-09 00:24:37+00:00,16.09090909090909,0.1906354515050167,0.0614215283483977,0.2908792111750205,4868,144.86,21.912647238395905,low,high,TravisCI,Java,10,open_issue_ratio=low | project_age_days=high | ci_type=TravisCI | mainLanguage=Java,JTAi
mailjet/mailjet-apiv3-java,master,9012.0,20.0,295.0,13.0,67.0,,2013-12-20 03:37:10+00:00,142.0,4.0,Java,2025-03-27T09:52:03,90.0,TravisCI,2015-11-16 09:14:19+00:00,,0.028169014084507,0.0330002323960027,0.0685568208226818,4303,0.0,31.926924749891256,low,high,TravisCI,Java,10,open_issue_ratio=low | project_age_days=high | ci_type=TravisCI | mainLanguage=Java,JTAi
wgzhao/addax,master,46168.0,46.0,1799.0,34.0,1263.0,31.0,2019-07-17 01:58:01+00:00,311.0,0.0,Java,2025-04-24T05:07:40,934.0,GitHubActions,2020-08-20 05:41:47+00:00,58.03225806451613,0.0,0.1371252204585538,0.7932098765432098,2268,31.0,0.0,low,low,GitHubActions,Java,12,open_issue_ratio=low | project_age_days=low | ci_type=GitHubActions | mainLanguage=Java,JGai
getkeops/keops,main,22446.0,19.0,4557.0,13.0,1087.0,43.0,2019-04-18 09:04:07+00:00,326.0,116.0,Python,2025-04-18T09:28:51,83.0,GitHubActions,2020-12-02 22:17:39+00:00,105.97674418604652,0.3558282208588957,0.1382527565733672,1.932569974554708,2358,69.53,17.16737154246269,high,low,GitHubActions,Python,5,open_issue_ratio=high | project_age_days=low | ci_type=GitHubActions | mainLanguage=Python,PGaI
guiymour/mindustry-extra-utilities-mod,main,25440.0,13.0,838.0,1.0,196.0,8.0,2021-02-05 01:36:14+00:00,31.0,11.0,Java,2025-04-26T06:46:24,15.0,GitHubActions,2023-07-30 04:28:58+00:00,104.75,0.3548387096774194,0.0182460270747498,0.4932313125367863,1699,112.34,0.0,high,low,GitHubActions,Java,4,open_issue_ratio=high | project_age_days=low | ci_type=GitHubActions | mainLanguage=Java,JGaI
secuso/privacy-friendly-qr-scanner,master,43691.0,30.0,638.0,11.0,380.0,63.0,2015-09-28 09:11:50+00:00,158.0,48.0,Java,2025-04-15T01:26:08,131.0,GitHubActions,2022-09-16 12:00:19+00:00,10.126984126984128,0.3037974683544304,0.0432166301969365,0.174507658643326,3656,377.08,1.3942434644837602,low,high,GitHubActions,Java,8,open_issue_ratio=low | project_age_days=high | ci_type=GitHubActions | mainLanguage=Java,JGAi
kostyasha/github-integration-plugin,master,1667.0,43.0,584.0,106.0,99.0,,2015-05-04 08:47:38+00:00,206.0,77.0,Java,2025-01-15T12:38:59,187.0,TravisCI,2016-05-23 21:11:34+00:00,,0.3737864077669903,0.0541677622929266,0.1535629765974231,3803,0.0,35.18645933672767,high,high,TravisCI,Java,2,open_issue_ratio=high | project_age_days=high | ci_type=TravisCI | mainLanguage=Java,JTAI
bchew/dynamodump,master,362.0,29.0,354.0,21.0,870.0,32.0,2013-11-15 05:00:00+00:00,21.0,2.0,Python,2025-04-02T01:49:51,284.0,TravisCI,2016-04-27 05:26:08+00:00,11.0625,0.0952380952380952,0.0048409405255878,0.0816044260027662,4338,448.58,3.8461538461538463,low,high,TravisCI,Python,11,open_issue_ratio=low | project_age_days=high | ci_type=TravisCI | mainLanguage=Python,PTAi
eclipse-birt/birt,master,225774.0,16.0,32950.0,65.0,484.0,228.0,2014-05-15 01:55:31+00:00,566.0,28.0,Java,2025-04-24T09:11:29,1087.0,TravisCI,2018-08-30 11:05:44+00:00,144.51754385964912,0.0494699646643109,0.1361558816454173,7.926389222997354,4157,58.42,15.11830366301608,low,high,TravisCI,Java,10,open_issue_ratio=low | project_age_days=high | ci_type=TravisCI | mainLanguage=Java,JTAi
apache/incubator-kie-kogito-runtimes,main,301157.0,14.0,20795.0,55.0,561.0,361.0,2019-03-07 08:49:09+00:00,268.0,71.0,Java,2025-04-26T06:21:36,3635.0,GitHubActions,2020-04-23 07:23:33+00:00,57.60387811634349,0.2649253731343283,0.1116666666666666,8.664583333333333,2400,82.41,31.213857256034792,low,low,GitHubActions,Java,12,open_issue_ratio=low | project_age_days=low | ci_type=GitHubActions | mainLanguage=Java,JGai
bazelbuild/intellij,master,168506.0,302.0,5108.0,44.0,788.0,135.0,2016-07-08 02:19:29+00:00,1586.0,202.0,Java,2025-04-25T10:37:31,6042.0,GitHubActions,2023-02-03 21:04:58+00:00,37.83703703703704,0.1273644388398487,0.4703440094899169,1.5148279952550414,3372,320.31,46.280928986154535,low,low,GitHubActions,Java,12,open_issue_ratio=low | project_age_days=low | ci_type=GitHubActions | mainLanguage=Java,JGai
funnyguilds/funnyguilds,4.x,5700.0,102.0,1750.0,37.0,194.0,57.0,2014-09-23 10:18:52+00:00,1373.0,23.0,Java,2025-04-06T08:44:18,1151.0,TravisCI,2017-07-05 21:00:45+00:00,30.70175438596491,0.0167516387472687,0.3410332836562345,0.4346746150024838,4026,100.04,0.0,low,high,TravisCI,Java,10,open_issue_ratio=low | project_age_days=high | ci_type=TravisCI | mainLanguage=Java,JTAi
plotly/kaleido,master,11981.0,34.0,724.0,15.0,379.0,11.0,2020-06-01 11:22:37+00:00,176.0,71.0,Python,2024-11-18T01:56:51,56.0,GitHubActions,2024-10-01 13:20:57+00:00,65.81818181818181,0.4034090909090909,0.0903490759753593,0.3716632443531827,1948,429.02,0.0160896586085419,high,low,GitHubActions,Python,5,open_issue_ratio=high | project_age_days=low | ci_type=GitHubActions | mainLanguage=Python,PGaI
qutip/qutip,master,63137.0,31.0,11776.0,76.0,1811.0,219.0,2012-10-09 06:20:46+00:00,991.0,121.0,Python,2025-04-27T10:12:08,1651.0,TravisCI,2014-02-25 01:12:44+00:00,53.77168949771689,0.1220988900100908,0.2090717299578059,2.4843881856540087,4740,240.37,45.21461382682714,low,high,TravisCI,Python,11,open_issue_ratio=low | project_age_days=high | ci_type=TravisCI | mainLanguage=Python,PTAi
elastic/ecs-logging-java,main,718.0,22.0,286.0,233.0,146.0,38.0,2019-08-08 07:36:05+00:00,90.0,25.0,Java,2025-04-14T11:37:23,229.0,GitHubActions,2021-10-11 09:51:43+00:00,7.526315789473684,0.2777777777777778,0.0400712377560106,0.1273374888691006,2246,62.45,46.60894660894661,low,low,GitHubActions,Java,12,open_issue_ratio=low | project_age_days=low | ci_type=GitHubActions | mainLanguage=Java,JGai
muflone/gwakeonlan,master,664.0,17.0,400.0,4.0,52.0,11.0,2013-09-19 08:44:42+00:00,16.0,2.0,Python,2024-08-28T06:56:22,18.0,TravisCI,2015-07-26 15:15:30+00:00,36.36363636363637,0.125,0.0036405005688282,0.0910125142207053,4395,536.57,0.0,low,high,TravisCI,Python,11,open_issue_ratio=low | project_age_days=high | ci_type=TravisCI | mainLanguage=Python,PTAi
finos/rune-dsl,main,7511.0,152.0,1042.0,11.0,30.0,26.0,2019-06-26 05:13:51+00:00,304.0,123.0,Java,2025-04-25T02:00:49,685.0,GitHubActions,2023-11-08 14:29:48+00:00,40.07692307692308,0.4046052631578947,0.1328090869375273,0.455220620358235,2289,207.57,35.97320531974822,high,low,GitHubActions,Java,4,open_issue_ratio=high | project_age_days=low | ci_type=GitHubActions | mainLanguage=Java,JGaI
dromara/sureness,master,8668.0,23.0,590.0,31.0,870.0,19.0,2019-01-21 03:35:21+00:00,47.0,9.0,Java,2024-12-26T02:25:30,137.0,GitHubActions,2020-08-20 14:02:27+00:00,31.05263157894737,0.1914893617021276,0.0192229038854805,0.2413087934560327,2445,69.55,5.567151151758947,low,low,GitHubActions,Java,12,open_issue_ratio=low | project_age_days=low | ci_type=GitHubActions | mainLanguage=Java,JGai
diennea/majordodo,master,7651.0,21.0,543.0,11.0,28.0,17.0,2015-02-18 08:25:50+00:00,130.0,19.0,Java,2025-03-20T11:10:03,94.0,TravisCI,2019-01-02 20:45:44+00:00,31.94117647058824,0.1461538461538461,0.0335224342444559,0.1400206291903042,3878,9.65,14.155580119221508,low,high,TravisCI,Java,10,open_issue_ratio=low | project_age_days=high | ci_type=TravisCI | mainLanguage=Java,JTAi
iflytek/aiges,grpc,137298.0,36.0,425.0,24.0,273.0,12.0,2019-10-17 01:53:23+00:00,42.0,11.0,Python,2024-05-07T09:11:51,44.0,GitHubActions,2022-06-08 06:42:37+00:00,35.416666666666664,0.2619047619047619,0.0193014705882352,0.1953125,2176,202.17,0.0170039947065825,low,low,GitHubActions,Python,13,open_issue_ratio=low | project_age_days=low | ci_type=GitHubActions | mainLanguage=Python,PGai
wkentaro/labelme,main,48093.0,73.0,1574.0,151.0,14250.0,70.0,2016-05-09 12:30:26+00:00,768.0,109.0,Python,2025-04-01T11:58:16,549.0,TravisCI,2017-05-17 16:48:30+00:00,22.485714285714284,0.1419270833333333,0.2237762237762237,0.4586247086247086,3432,131.07,2.4828487422410976,low,low,TravisCI,Python,15,open_issue_ratio=low | project_age_days=low | ci_type=TravisCI | mainLanguage=Python,PTai
skelsec/msldap,main,733.0,21.0,326.0,9.0,406.0,15.0,2018-06-29 10:44:00+00:00,21.0,5.0,Python,2025-03-15T01:38:04,42.0,GitHubActions,2023-11-28 08:44:42+00:00,21.73333333333333,0.238095238095238,0.0079215390418709,0.1229724632214258,2651,210.97,1.8711980957418672,low,low,GitHubActions,Python,13,open_issue_ratio=low | project_age_days=low | ci_type=GitHubActions | mainLanguage=Python,PGai
spring-projects/spring-data-couchbase,main,7791.0,156.0,1335.0,50.0,275.0,66.0,2013-05-31 08:53:23+00:00,1377.0,84.0,Java,2025-04-24T12:59:16,660.0,GitHubActions,2023-06-27 21:02:19+00:00,20.227272727272727,0.0610021786492374,0.3055925432756325,0.296271637816245,4506,158.58,65.78756634168012,low,high,GitHubActions,Java,8,open_issue_ratio=low | project_age_days=high | ci_type=GitHubActions | mainLanguage=Java,JGAi
nordicsemiconductor/android-dfu-library,main,6209.0,51.0,868.0,56.0,786.0,37.0,2015-02-18 03:31:26+00:00,357.0,42.0,Java,2024-12-30T02:21:11,133.0,GitHubActions,2021-10-22 12:16:49+00:00,23.45945945945946,0.1176470588235294,0.0920577617328519,0.223826714801444,3878,114.76,0.0,low,high,GitHubActions,Java,8,open_issue_ratio=low | project_age_days=high | ci_type=GitHubActions | mainLanguage=Java,JGAi
discopop-project/discopop,master,10483.0,20.0,1809.0,5.0,41.0,15.0,2019-05-07 07:24:04+00:00,232.0,26.0,Python,2025-03-04T10:32:51,450.0,GitHubActions,2020-08-27 15:28:31+00:00,120.6,0.1120689655172413,0.099187687045746,0.7734074390765284,2339,28.37,8.291769344504681,low,low,GitHubActions,Python,13,open_issue_ratio=low | project_age_days=low | ci_type=GitHubActions | mainLanguage=Python,PGai
tencent/tencentkona-8,master,534471.0,28.0,49796.0,45.0,956.0,810.0,2019-11-01 05:02:09+00:00,52.0,7.0,Java,2025-02-26T07:36:26,99.0,GitHubActions,2022-04-06 19:47:14+00:00,61.47654320987655,0.1346153846153846,0.0240629338269319,23.04303563165201,2161,235.28,37.32048560522655,low,low,GitHubActions,Java,12,open_issue_ratio=low | project_age_days=low | ci_type=GitHubActions | mainLanguage=Java,JGai
ocean-perception/oplab_pipeline,master,10144.0,13.0,2105.0,6.0,10.0,30.0,2017-08-26 09:13:16+00:00,70.0,21.0,Python,2025-04-11T01:46:52,95.0,TravisCI,2019-11-27 16:48:53+00:00,70.16666666666667,0.3,0.0236646382691007,0.7116294793779581,2958,118.34,21.01713964596797,low,low,TravisCI,Python,15,open_issue_ratio=low | project_age_days=low | ci_type=TravisCI | mainLanguage=Python,PTai
google/nomulus,master,116933.0,1000.0,5015.0,60.0,1736.0,65.0,2016-02-29 08:16:48+00:00,48.0,0.0,Java,2025-04-23T03:09:37,2686.0,TravisCI,2018-11-01 19:25:59+00:00,77.15384615384616,0.0,0.0137064534551684,1.4320388349514563,3502,757.62,37.92759650245255,low,low,TravisCI,Java,14,open_issue_ratio=low | project_age_days=low | ci_type=TravisCI | mainLanguage=Java,JTai
haikuports/haikuporter,master,1826.0,14.0,1416.0,21.0,42.0,61.0,2015-06-30 02:02:02+00:00,215.0,94.0,Python,2025-04-06T07:34:44,107.0,GitHubActions,2023-10-09 18:11:53+00:00,23.21311475409836,0.4372093023255814,0.0573945541911372,0.3780032034169781,3746,194.95,0.2789776817854572,high,high,GitHubActions,Python,1,open_issue_ratio=high | project_age_days=high | ci_type=GitHubActions | mainLanguage=Python,PGAI
thecacophonyproject/classifier-pipeline,master,22804.0,124.0,1501.0,10.0,20.0,12.0,2017-12-04 12:11:35+00:00,27.0,16.0,Python,2025-04-21T11:24:58,194.0,TravisCI,2019-04-09 01:33:21+00:00,125.08333333333331,0.5925925925925926,0.0094471658502449,0.5251924422673198,2858,140.02,7.643069097075032,high,low,TravisCI,Python,7,open_issue_ratio=high | project_age_days=low | ci_type=TravisCI | mainLanguage=Python,PTaI
aramis-lab/clinica,dev,36809.0,45.0,3577.0,14.0,244.0,72.0,2019-05-17 01:50:31+00:00,401.0,75.0,Python,2025-04-11T03:10:55,1055.0,GitHubActions,2020-08-07 13:41:33+00:00,49.68055555555556,0.1870324189526184,0.1721768999570631,1.535852297123229,2329,77.73,32.631227014376464,low,low,GitHubActions,Python,13,open_issue_ratio=low | project_age_days=low | ci_type=GitHubActions | mainLanguage=Python,PGai
jberet/jsr352,main,76943.0,15.0,1636.0,13.0,129.0,28.0,2012-11-19 05:48:12+00:00,76.0,23.0,Java,2025-04-11T09:40:55,547.0,GitHubActions,2022-03-27 18:18:06+00:00,58.42857142857143,0.3026315789473684,0.0161736539689295,0.3481591828048521,4699,38.32,47.22381589851469,low,high,GitHubActions,Java,8,open_issue_ratio=low | project_age_days=high | ci_type=GitHubActions | mainLanguage=Java,JGAi
artisan-roaster-scope/artisan,master,851126.0,36.0,5702.0,65.0,1014.0,50.0,2015-03-13 08:35:11+00:00,846.0,28.0,Python,2025-04-25T07:18:38,266.0,TravisCI,2018-03-17 20:53:40+00:00,114.04,0.0330969267139479,0.2194552529182879,1.479118028534371,3855,40.62,0.0174073365794338,low,high,TravisCI,Python,11,open_issue_ratio=low | project_age_days=high | ci_type=TravisCI | mainLanguage=Python,PTAi
adobe/aemanalyser-maven-plugin,main,7364.0,25.0,614.0,12.0,25.0,17.0,2020-07-22 01:28:24+00:00,127.0,16.0,Java,2025-04-25T12:11:54,193.0,GitHubActions,2023-02-09 23:29:10+00:00,36.11764705882353,0.1259842519685039,0.0669478123352662,0.323668950975224,1897,65.33,23.793843951324263,low,low,GitHubActions,Java,12,open_issue_ratio=low | project_age_days=low | ci_type=GitHubActions | mainLanguage=Java,JGai
oliviermary/aw-watcher-jetbrains,master,247.0,16.0,91.0,5.0,62.0,3.0,2018-11-21 11:42:15+00:00,18.0,2.0,Java,2024-02-29T09:03:05,126.0,GitHubActions,2023-02-03 00:30:55+00:00,30.33333333333333,0.1111111111111111,0.0071827613727055,0.0363128491620111,2506,308.03,0.0,low,low,GitHubActions,Java,12,open_issue_ratio=low | project_age_days=low | ci_type=GitHubActions | mainLanguage=Java,JGai
liflab/beepbeep-3,master,42964.0,23.0,757.0,7.0,25.0,4.0,2015-10-19 08:05:20+00:00,56.0,20.0,Java,2024-10-10T02:15:22,27.0,TravisCI,2016-12-18 22:30:40+00:00,189.25,0.3571428571428571,0.0154057771664374,0.2082530949105914,3635,433.36,17.557079035678257,high,high,TravisCI,Java,2,open_issue_ratio=high | project_age_days=high | ci_type=TravisCI | mainLanguage=Java,JTAI
bitcraze/crazyflie-clients-python,master,17486.0,42.0,1734.0,35.0,315.0,70.0,2014-02-05 09:37:58+00:00,510.0,43.0,Python,2025-04-11T12:03:02,226.0,TravisCI,2015-08-21 14:59:56+00:00,24.77142857142857,0.084313725490196,0.1198308270676691,0.4074248120300752,4256,244.42,1.493303467263988,low,high,TravisCI,Python,11,open_issue_ratio=low | project_age_days=high | ci_type=TravisCI | mainLanguage=Python,PTAi
jonghwanhyeon/python-ffmpeg,main,5715.0,13.0,157.0,4.0,261.0,13.0,2018-06-03 04:50:15+00:00,40.0,5.0,Python,2024-04-15T10:14:03,22.0,GitHubActions,2023-01-24 10:22:08+00:00,12.076923076923077,0.125,0.0149420993649607,0.058647740007471,2677,113.45,29.86903253062949,low,low,GitHubActions,Python,13,open_issue_ratio=low | project_age_days=low | ci_type=GitHubActions | mainLanguage=Python,PGai
meraki/dashboard-api-python,main,2354.0,29.0,418.0,67.0,314.0,29.0,2017-09-01 09:41:08+00:00,163.0,1.0,Python,2025-04-21T11:27:12,132.0,GitHubActions,2022-02-10 19:40:48+00:00,14.413793103448276,0.0061349693251533,0.0552168021680216,0.1415989159891598,2952,56.89,0.7762379045121044,low,low,GitHubActions,Python,13,open_issue_ratio=low | project_age_days=low | ci_type=GitHubActions | mainLanguage=Python,PGai
anyoptimization/pymoo,main,18663.0,13.0,976.0,29.0,2471.0,55.0,2017-09-19 09:52:39+00:00,446.0,20.0,Python,2025-04-16T04:25:12,112.0,TravisCI,2019-08-14 17:53:19+00:00,17.745454545454546,0.0448430493273542,0.1520109066121336,0.332651670074983,2934,51.59,11.41825781324214,low,low,TravisCI,Python,15,open_issue_ratio=low | project_age_days=low | ci_type=TravisCI | mainLanguage=Python,PTai
nanite/bettercompatibilitychecker,main,6184.0,29.0,79.0,2.0,12.0,5.0,2021-12-02 07:24:37+00:00,33.0,14.0,Java,2025-03-15T11:00:05,8.0,GitHubActions,2023-07-31 10:15:14+00:00,15.8,0.4242424242424242,0.0235882773409578,0.0564689063616869,1399,4.44,0.0,high,low,GitHubActions,Java,4,open_issue_ratio=high | project_age_days=low | ci_type=GitHubActions | mainLanguage=Java,JGaI
modcluster/mod_cluster,main,7197.0,24.0,2001.0,15.0,95.0,24.0,2012-09-10 01:25:41+00:00,30.0,1.0,Java,2025-04-14T05:51:49,853.0,TravisCI,2016-06-17 16:03:24+00:00,83.375,0.0333333333333333,0.0062906269658209,0.4195848186202558,4769,103.11,52.96586968424894,low,high,TravisCI,Java,10,open_issue_ratio=low | project_age_days=high | ci_type=TravisCI | mainLanguage=Java,JTAi
comic/grand-challenge.org,main,66399.0,23.0,7017.0,14.0,178.0,42.0,2012-06-05 09:26:39+00:00,1329.0,40.0,Python,2025-04-25T10:19:04,2643.0,TravisCI,2017-04-10 09:37:13+00:00,167.07142857142858,0.0300978179082016,0.2731196054254007,1.442046855733662,4866,140.52,17.79768974497779,low,high,TravisCI,Python,11,open_issue_ratio=low | project_age_days=high | ci_type=TravisCI | mainLanguage=Python,PTAi
togglz/togglz,master,3721.0,29.0,1515.0,34.0,976.0,112.0,2011-12-21 04:49:03+00:00,353.0,63.0,Java,2025-03-04T12:02:06,874.0,TravisCI,2013-09-30 06:03:30+00:00,13.526785714285714,0.178470254957507,0.0701370951718656,0.3010133121398768,5033,286.05,41.309592188397474,low,high,TravisCI,Java,10,open_issue_ratio=low | project_age_days=high | ci_type=TravisCI | mainLanguage=Java,JTAi
hyperfoil/qdup,master,2193.0,21.0,921.0,4.0,13.0,15.0,2018-01-16 09:49:25+00:00,129.0,54.0,Java,2025-04-02T01:15:47,107.0,GitHubActions,2022-05-24 07:55:14+00:00,61.4,0.4186046511627907,0.0458259325044404,0.3271758436944937,2815,174.64,47.32055331663217,high,low,GitHubActions,Java,4,open_issue_ratio=high | project_age_days=low | ci_type=GitHubActions | mainLanguage=Java,JGaI
jsqlparser/jsqlparser,master,13068.0,35.0,2439.0,217.0,5652.0,174.0,2011-06-23 10:51:52+00:00,1561.0,85.0,Java,2025-04-18T08:04:52,528.0,TravisCI,2015-04-06 20:04:47+00:00,14.017241379310343,0.0544522741832158,0.2993862677406981,0.4677790563866513,5214,222.64,44.13947225166891,low,high,TravisCI,Java,10,open_issue_ratio=low | project_age_days=high | ci_type=TravisCI | mainLanguage=Java,JTAi
jetbrains/arend-lib,master,4567.0,13.0,1553.0,10.0,79.0,25.0,2015-05-14 07:30:54+00:00,31.0,16.0,Java,2024-11-11T07:17:13,42.0,GitHubActions,2020-04-27 07:22:18+00:00,62.12,0.5161290322580645,0.0081729501713683,0.4094384392301608,3793,152.2,0.0,high,high,GitHubActions,Java,0,open_issue_ratio=high | project_age_days=high | ci_type=GitHubActions | mainLanguage=Java,JGAI
fescobar/allure-docker-service,master,25498.0,16.0,189.0,21.0,631.0,11.0,2018-07-24 09:40:35+00:00,157.0,15.0,Python,2024-03-15T08:43:43,105.0,TravisCI,2019-08-17 17:34:16+00:00,17.181818181818183,0.0955414012738853,0.0597867479055597,0.0719725818735719,2626,68.06,0.0,low,low,TravisCI,Python,15,open_issue_ratio=low | project_age_days=low | ci_type=TravisCI | mainLanguage=Python,PTai
baidu/starlight,main,4818.0,22.0,128.0,54.0,963.0,6.0,2018-12-20 08:24:32+00:00,104.0,5.0,Java,2025-04-17T02:06:19,306.0,GitHubActions,2022-10-03 14:38:54+00:00,21.33333333333333,0.048076923076923,0.0419862737182075,0.0516754138070246,2477,363.25,51.98402872353597,low,low,GitHubActions,Java,12,open_issue_ratio=low | project_age_days=low | ci_type=GitHubActions | mainLanguage=Java,JGai
jellylabscripts/farmhelper,master,30097.0,341.0,1082.0,5.0,134.0,30.0,2022-03-21 12:46:28+00:00,72.0,18.0,Java,2025-04-26T10:25:24,222.0,GitHubActions,2023-09-24 11:06:33+00:00,36.06666666666667,0.25,0.055813953488372,0.8387596899224806,1290,24.68,0.0,low,low,GitHubActions,Java,12,open_issue_ratio=low | project_age_days=low | ci_type=GitHubActions | mainLanguage=Java,JGai
jonathanshor/doubletdetection,main,8442.0,21.0,183.0,6.0,90.0,4.0,2017-03-26 06:41:24+00:00,54.0,6.0,Python,2025-02-06T09:50:36,116.0,GitHubActions,2020-12-15 08:31:38+00:00,45.75,0.1111111111111111,0.017357762777242,0.0588235294117647,3111,165.96,5.667060212514758,low,low,GitHubActions,Python,13,open_issue_ratio=low | project_age_days=low | ci_type=GitHubActions | mainLanguage=Python,PGai
mathisdt/sdb2,master,52798.0,489.0,1214.0,4.0,14.0,7.0,2014-01-11 08:24:43+00:00,55.0,7.0,Java,2025-04-18T11:23:56,404.0,TravisCI,2016-10-09 19:19:44+00:00,173.42857142857142,0.1272727272727272,0.0128474655454333,0.2835786031301098,4281,482.95,7.901769591910438,low,high,TravisCI,Java,10,open_issue_ratio=low | project_age_days=high | ci_type=TravisCI | mainLanguage=Java,JTAi
dcm4che/dcm4che,master,71937.0,56.0,3439.0,120.0,1282.0,62.0,2010-09-15 11:13:55+00:00,926.0,112.0,Java,2025-02-17T08:44:29,439.0,TravisCI,2014-07-21 16:57:14+00:00,55.46774193548387,0.120950323974082,0.1685168334849863,0.6258416742493176,5495,26.99,2.769219517100776,low,high,TravisCI,Java,10,open_issue_ratio=low | project_age_days=high | ci_type=TravisCI | mainLanguage=Java,JTAi
cpicpgx/cpic-data,main,8983.0,68.0,892.0,15.0,29.0,3.0,2018-10-05 08:52:46+00:00,33.0,6.0,Java,2025-03-08T12:16:42,12.0,GitHubActions,2021-04-19 02:30:03+00:00,297.3333333333333,0.1818181818181818,0.0129259694477085,0.3493928711320015,2553,18.52,5.617260308949317,low,low,GitHubActions,Java,12,open_issue_ratio=low | project_age_days=low | ci_type=GitHubActions | mainLanguage=Java,JGai
cogeotiff/rio-tiler,main,61026.0,13.0,778.0,63.0,539.0,33.0,2017-10-06 09:49:03+00:00,308.0,13.0,Python,2025-04-22T08:26:08,432.0,GitHubActions,2020-08-24 18:38:18+00:00,23.57575757575757,0.0422077922077922,0.1055879328076791,0.2667123757284881,2917,42.37,39.16037543358498,low,low,GitHubActions,Python,13,open_issue_ratio=low | project_age_days=low | ci_type=GitHubActions | mainLanguage=Python,PGai
seismicsource/sourcespec,main,1901.0,19.0,1561.0,6.0,65.0,6.0,2020-02-26 03:43:22+00:00,25.0,4.0,Python,2025-04-18T10:41:44,30.0,GitHubActions,2021-10-07 08:39:10+00:00,260.1666666666667,0.16,0.0122309197651663,0.7636986301369864,2044,14.34,4.552977547387815,low,low,GitHubActions,Python,13,open_issue_ratio=low | project_age_days=low | ci_type=GitHubActions | mainLanguage=Python,PGai
mailu/mailu,master,8871.0,133.0,4954.0,90.0,6333.0,249.0,2016-01-10 09:35:55+00:00,1936.0,113.0,Python,2025-03-16T12:29:34,1620.0,TravisCI,2017-11-04 21:47:40+00:00,19.895582329317268,0.0583677685950413,0.545045045045045,1.394707207207207,3552,110.02,2.7191679049034176,low,high,TravisCI,Python,11,open_issue_ratio=low | project_age_days=high | ci_type=TravisCI | mainLanguage=Python,PTAi
ftsrg/theta,master,507018.0,139.0,6118.0,18.0,52.0,42.0,2015-07-20 03:34:13+00:00,150.0,34.0,Java,2025-04-25T03:46:39,212.0,TravisCI,2016-09-05 14:36:45+00:00,145.66666666666666,0.2266666666666666,0.0402576489533011,1.6419753086419753,3726,346.52,9.08441952171875,low,high,TravisCI,Java,10,open_issue_ratio=low | project_age_days=high | ci_type=TravisCI | mainLanguage=Java,JTAi
jberkel/sms-backup-plus,master,16454.0,53.0,1788.0,194.0,1826.0,,2010-01-05 01:49:00+00:00,891.0,168.0,Java,2025-01-22T04:13:54,136.0,TravisCI,2013-04-05 23:38:13+00:00,,0.1885521885521885,0.1550104384133611,0.3110647181628392,5748,0.0,18.702913439755545,low,high,TravisCI,Java,10,open_issue_ratio=low | project_age_days=high | ci_type=TravisCI | mainLanguage=Java,JTAi
tencent/qt4a,master,15051.0,60.0,277.0,35.0,329.0,6.0,2016-09-22 02:41:20+00:00,47.0,29.0,Python,2024-09-19T07:44:14,91.0,TravisCI,2018-11-06 09:10:36+00:00,46.16666666666666,0.6170212765957447,0.014259708737864,0.0840412621359223,3296,36.73,18.13890222435589,high,low,TravisCI,Python,7,open_issue_ratio=high | project_age_days=low | ci_type=TravisCI | mainLanguage=Python,PTaI
googleapis/python-bigquery-storage,main,3077.0,60.0,674.0,49.0,120.0,39.0,2019-12-10 12:09:08+00:00,189.0,17.0,Python,2025-04-23T05:10:48,734.0,GitHubActions,2022-01-21 11:04:42+00:00,17.28205128205128,0.0899470899470899,0.089066918001885,0.3176248821866164,2122,65.58,60.58438549750955,low,low,GitHubActions,Python,13,open_issue_ratio=low | project_age_days=low | ci_type=GitHubActions | mainLanguage=Python,PGai
musculoskeletalatlasproject/mapclient,main,9242.0,44.0,727.0,5.0,22.0,7.0,2015-04-20 10:15:37+00:00,22.0,5.0,Python,2025-04-17T01:47:02,119.0,GitHubActions,2021-11-14 01:51:16+00:00,103.85714285714286,0.2272727272727272,0.0057636887608069,0.1904637149593921,3817,43.99,0.0,low,high,GitHubActions,Python,9,open_issue_ratio=low | project_age_days=high | ci_type=GitHubActions | mainLanguage=Python,PGAi
kagkarlsson/db-scheduler,master,2970.0,67.0,915.0,19.0,1368.0,67.0,2015-08-12 06:01:34+00:00,309.0,72.0,Java,2025-04-23T05:40:53,277.0,TravisCI,2017-12-02 20:48:10+00:00,13.656716417910449,0.233009708737864,0.0834458547123953,0.2470969484201998,3703,193.27,44.20216116683626,low,high,TravisCI,Java,10,open_issue_ratio=low | project_age_days=high | ci_type=TravisCI | mainLanguage=Java,JTAi
dials/dials,main,104072.0,76.0,12414.0,27.0,85.0,65.0,2015-07-22 01:36:00+00:00,1435.0,163.0,Python,2025-04-25T09:59:27,1441.0,TravisCI,2018-05-01 11:59:40+00:00,190.98461538461532,0.113588850174216,0.3853383458646616,3.3335123523093446,3724,272.8,33.3260188264155,low,high,TravisCI,Python,11,open_issue_ratio=low | project_age_days=high | ci_type=TravisCI | mainLanguage=Python,PTAi
dnsjava/dnsjava,master,8381.0,71.0,2198.0,46.0,961.0,37.0,2014-02-22 12:43:49+00:00,224.0,16.0,Java,2025-01-26T02:15:01,144.0,TravisCI,2019-05-18 12:54:11+00:00,59.4054054054054,0.0714285714285714,0.0528426515687662,0.5185185185185185,4239,68.47,56.0223970815924,low,high,TravisCI,Java,10,open_issue_ratio=low | project_age_days=high | ci_type=TravisCI | mainLanguage=Java,JTAi
seppinho/mutserve,master,652991.0,47.0,935.0,10.0,33.0,8.0,2016-10-21 08:16:23+00:00,40.0,10.0,Java,2024-12-23T11:29:30,12.0,TravisCI,2017-11-24 20:43:56+00:00,116.875,0.25,0.0122436486072849,0.2861952861952861,3267,298.59,1.0215469138981883,low,low,TravisCI,Java,14,open_issue_ratio=low | project_age_days=low | ci_type=TravisCI | mainLanguage=Java,JTai
neuro-ml/deep_pipe,master,13284.0,29.0,1291.0,14.0,38.0,32.0,2017-05-17 02:30:58+00:00,46.0,3.0,Python,2024-11-25T12:11:38,46.0,GitHubActions,2022-08-22 20:55:15+00:00,40.34375,0.0652173913043478,0.0150375939849624,0.4220333442301405,3059,112.25,23.44987444465907,low,low,GitHubActions,Python,13,open_issue_ratio=low | project_age_days=low | ci_type=GitHubActions | mainLanguage=Python,PGai
7lpdwcaw/growtracker-android,master,145480.0,28.0,1599.0,20.0,147.0,4.0,2015-07-31 01:34:56+00:00,196.0,14.0,Java,2024-05-11T05:25:24,80.0,TravisCI,2019-08-14 12:22:55+00:00,399.75,0.0714285714285714,0.0527590847913862,0.4304172274562584,3715,98.43,0.0,low,high,TravisCI,Java,10,open_issue_ratio=low | project_age_days=high | ci_type=TravisCI | mainLanguage=Java,JTAi
mitre-attack/mitreattack-python,master,9228.0,21.0,608.0,27.0,540.0,23.0,2020-12-11 02:05:58+00:00,87.0,28.0,Python,2025-04-22T01:45:56,98.0,GitHubActions,2022-08-24 14:45:06+00:00,26.43478260869565,0.3218390804597701,0.0495726495726495,0.3464387464387464,1755,53.91,28.29071166363328,low,low,GitHubActions,Python,13,open_issue_ratio=low | project_age_days=low | ci_type=GitHubActions | mainLanguage=Python,PGai
aws-cloudformation/cloudformation-cli-java-plugin,master,1121.0,48.0,308.0,23.0,30.0,49.0,2018-10-11 04:47:40+00:00,96.0,31.0,Java,2025-04-14T10:34:47,354.0,TravisCI,2019-12-06 22:05:33+00:00,6.285714285714286,0.3229166666666667,0.0376914016489988,0.1209265802905378,2547,94.31,65.26263627353815,low,low,TravisCI,Java,14,open_issue_ratio=low | project_age_days=low | ci_type=TravisCI | mainLanguage=Java,JTai
chakki-works/seqeval,master,184.0,15.0,178.0,9.0,1080.0,11.0,2018-02-15 12:02:36+00:00,66.0,20.0,Python,2024-08-28T11:35:48,42.0,TravisCI,2019-06-03 04:42:24+00:00,16.181818181818183,0.303030303030303,0.0236983842010772,0.0639138240574506,2785,91.12,28.231597845601435,low,low,TravisCI,Python,15,open_issue_ratio=low | project_age_days=low | ci_type=TravisCI | mainLanguage=Python,PTai
hystax/optscale,integration,670111.0,56.0,1599.0,27.0,1447.0,26.0,2021-02-01 06:00:14+00:00,185.0,11.0,Python,2025-04-25T03:41:29,434.0,GitHubActions,2023-08-16 13:18:22+00:00,61.5,0.0594594594594594,0.1086318261890781,0.9389312977099236,1703,81.93,19.74489968535372,low,low,GitHubActions,Python,13,open_issue_ratio=low | project_age_days=low | ci_type=GitHubActions | mainLanguage=Python,PGai
ncssar/radiolog,master,5140.0,27.0,683.0,9.0,13.0,3.0,2016-04-30 06:10:42+00:00,621.0,115.0,Python,2024-09-25T04:39:32,146.0,GitHubActions,2022-07-18 00:39:58+00:00,227.66666666666663,0.1851851851851851,0.1804707933740191,0.1984888113920372,3441,109.66,0.0,low,low,GitHubActions,Python,13,open_issue_ratio=low | project_age_days=low | ci_type=GitHubActions | mainLanguage=Python,PGai
pnx-si/usershub,master,3314.0,35.0,917.0,19.0,14.0,32.0,2015-01-28 05:12:50+00:00,130.0,44.0,Python,2025-03-10T04:24:11,108.0,GitHubActions,2022-11-15 20:17:46+00:00,28.65625,0.3384615384615385,0.033341882533983,0.2351885098743267,3899,199.77,19.876733436055467,low,high,GitHubActions,Python,9,open_issue_ratio=low | project_age_days=high | ci_type=GitHubActions | mainLanguage=Python,PGAi
nordicsemiconductor/android-ble-library,main,3114.0,68.0,1051.0,66.0,2113.0,27.0,2017-12-18 02:17:43+00:00,423.0,35.0,Java,2025-03-06T01:03:29,181.0,GitHubActions,2021-09-23 11:17:39+00:00,38.92592592592592,0.0827423167848699,0.1487341772151898,0.3695499296765119,2844,108.14,18.95407178695484,low,low,GitHubActions,Java,12,open_issue_ratio=low | project_age_days=low | ci_type=GitHubActions | mainLanguage=Java,JGai
epadd/epadd,main,90254.0,51.0,999.0,21.0,122.0,,2015-06-26 05:50:46+00:00,446.0,35.0,Java,2025-03-28T12:33:20,41.0,TravisCI,2021-08-06 16:32:24+00:00,,0.0784753363228699,0.1189333333333333,0.2664,3750,0.0,0.0631098874699227,low,high,TravisCI,Java,10,open_issue_ratio=low | project_age_days=high | ci_type=TravisCI | mainLanguage=Java,JTAi
graphhopper/jsprit,master,10906.0,19.0,2187.0,113.0,1676.0,32.0,2013-03-27 01:35:04+00:00,388.0,45.0,Java,2025-02-19T12:34:46,169.0,TravisCI,2014-08-06 20:33:28+00:00,68.34375,0.1159793814432989,0.0848829577772916,0.4784511047910741,4571,265.83,60.19736842105263,low,high,TravisCI,Java,10,open_issue_ratio=low | project_age_days=high | ci_type=TravisCI | mainLanguage=Java,JTAi
supabase/realtime-py,main,792.0,21.0,253.0,25.0,151.0,34.0,2020-09-22 07:56:30+00:00,54.0,2.0,Python,2025-04-24T10:56:52,247.0,GitHubActions,2021-10-15 06:53:20+00:00,7.4411764705882355,0.037037037037037,0.0294277929155313,0.1378746594005449,1835,261.2,25.13741297178453,low,low,GitHubActions,Python,13,open_issue_ratio=low | project_age_days=low | ci_type=GitHubActions | mainLanguage=Python,PGai
yeti-platform/yeti,main,36353.0,41.0,3421.0,101.0,1843.0,74.0,2015-12-13 04:54:26+00:00,598.0,32.0,Python,2025-04-19T09:37:41,632.0,TravisCI,2017-03-17 02:35:39+00:00,46.229729729729726,0.0535117056856187,0.1670391061452514,0.955586592178771,3580,386.23,31.06288551226117,low,high,TravisCI,Python,11,open_issue_ratio=low | project_age_days=high | ci_type=TravisCI | mainLanguage=Python,PTAi
microg/gmscore,master,13353.0,39.0,2101.0,225.0,9775.0,192.0,2014-04-23 07:28:47+00:00,2256.0,1055.0,Java,2025-04-23T09:17:11,550.0,TravisCI,2015-08-27 21:46:36+00:00,10.942708333333334,0.4676418439716312,0.5398420674802584,0.5027518545106485,4179,210.48,0.7519561536858054,high,high,TravisCI,Java,2,open_issue_ratio=high | project_age_days=high | ci_type=TravisCI | mainLanguage=Java,JTAI
frappe/bench,develop,31815.0,78.0,2434.0,116.0,1503.0,150.0,2014-07-09 10:24:30+00:00,719.0,113.0,Python,2025-04-09T11:00:33,845.0,TravisCI,2016-02-25 12:11:08+00:00,16.226666666666667,0.1571627260083449,0.1752803510482691,0.5933690882496343,4102,156.03,6.922057849414882,low,high,TravisCI,Python,11,open_issue_ratio=low | project_age_days=high | ci_type=TravisCI | mainLanguage=Python,PTAi
bobbylight/rsyntaxtextarea,master,14577.0,38.0,1066.0,57.0,1154.0,52.0,2013-08-08 03:40:21+00:00,466.0,116.0,Java,2025-03-18T02:19:28,135.0,TravisCI,2015-02-15 04:55:16+00:00,20.5,0.2489270386266094,0.1050259184133423,0.2402524228082037,4437,133.34,36.36962580314144,low,high,TravisCI,Java,10,open_issue_ratio=low | project_age_days=high | ci_type=TravisCI | mainLanguage=Java,JTAi
dell/ansible-powerstore,main,2423.0,22.0,170.0,11.0,36.0,27.0,2020-05-06 11:29:29+00:00,25.0,4.0,Python,2025-04-25T06:18:40,55.0,GitHubActions,2021-12-09 16:24:25+00:00,6.296296296296297,0.16,0.0126646403242147,0.0861195542046605,1974,154.21,47.09257669543216,low,low,GitHubActions,Python,13,open_issue_ratio=low | project_age_days=low | ci_type=GitHubActions | mainLanguage=Python,PGai
django-helpdesk/django-helpdesk,main,25435.0,40.0,2753.0,91.0,1599.0,159.0,2010-10-14 12:59:09+00:00,671.0,88.0,Python,2025-04-13T07:40:21,551.0,TravisCI,2012-08-08 04:32:28+00:00,17.31446540880503,0.1311475409836065,0.1227588730332967,0.5036589828027809,5466,339.15,2.0063740617862225,low,high,TravisCI,Python,11,open_issue_ratio=low | project_age_days=high | ci_type=TravisCI | mainLanguage=Python,PTAi
runtimeverification/evm-semantics,master,36500.0,948.0,3511.0,52.0,527.0,91.0,2016-10-03 02:08:34+00:00,353.0,70.0,Python,2025-04-25T09:19:02,2370.0,GitHubActions,2022-07-04 04:41:54+00:00,38.582417582417584,0.1983002832861189,0.1074581430745814,1.0687975646879757,3285,142.87,0.2279728602218467,low,low,GitHubActions,Python,13,open_issue_ratio=low | project_age_days=low | ci_type=GitHubActions | mainLanguage=Python,PGai
toufool/autosplit,main,195213.0,19.0,671.0,11.0,281.0,13.0,2018-03-29 01:13:43+00:00,144.0,33.0,Python,2025-03-27T11:27:12,175.0,GitHubActions,2022-09-04 00:28:39+00:00,51.61538461538461,0.2291666666666666,0.0524972657674079,0.2446226759022967,2743,173.13,0.0,low,low,GitHubActions,Python,13,open_issue_ratio=low | project_age_days=low | ci_type=GitHubActions | mainLanguage=Python,PGai
theporgs/exegol,master,33115.0,24.0,1354.0,44.0,2335.0,34.0,2020-03-09 07:12:11+00:00,102.0,7.0,Python,2025-04-09T04:55:16,120.0,GitHubActions,2023-02-10 15:25:31+00:00,39.8235294117647,0.0686274509803921,0.0501968503937007,0.6663385826771654,2032,34.6,0.1602330662782228,low,low,GitHubActions,Python,13,open_issue_ratio=low | project_age_days=low | ci_type=GitHubActions | mainLanguage=Python,PGai
rpetit3/fastq-dl,master,292.0,17.0,144.0,4.0,309.0,5.0,2019-10-10 01:02:30+00:00,24.0,9.0,Python,2025-03-21T04:20:30,15.0,GitHubActions,2020-12-16 16:48:27+00:00,28.8,0.375,0.0109940448923499,0.0659642693540998,2183,84.46,10.334996436208126,high,low,GitHubActions,Python,5,open_issue_ratio=high | project_age_days=low | ci_type=GitHubActions | mainLanguage=Python,PGaI
gridhead/nvidia-auto-installer-for-fedora-linux,master,1714.0,13.0,520.0,9.0,514.0,9.0,2020-05-18 04:34:49+00:00,100.0,40.0,Python,2025-04-21T06:25:43,242.0,GitHubActions,2022-03-06 06:59:11+00:00,57.77777777777778,0.4,0.0509683995922528,0.2650356778797146,1962,64.71,0.0,high,low,GitHubActions,Python,5,open_issue_ratio=high | project_age_days=low | ci_type=GitHubActions | mainLanguage=Python,PGaI
marcelmay/hadoop-hdfs-fsimage-exporter,master,550.0,14.0,423.0,5.0,154.0,3.0,2017-07-17 08:59:40+00:00,89.0,6.0,Java,2025-04-24T08:42:08,158.0,GitHubActions,2024-02-19 21:59:26+00:00,141.0,0.0674157303370786,0.0296864576384256,0.1410940627084723,2998,65.87,22.09085252022402,low,low,GitHubActions,Java,12,open_issue_ratio=low | project_age_days=low | ci_type=GitHubActions | mainLanguage=Java,JGai
anaconda/anaconda-client,master,2339.0,53.0,1393.0,50.0,152.0,75.0,2013-03-27 09:52:37+00:00,377.0,80.0,Python,2025-04-25T11:18:56,353.0,TravisCI,2016-07-29 15:37:54+00:00,18.57333333333333,0.2122015915119363,0.0824764821702034,0.3047473200612557,4571,227.39,29.13047075370233,low,high,TravisCI,Python,11,open_issue_ratio=low | project_age_days=high | ci_type=TravisCI | mainLanguage=Python,PTAi
sap/infrabox,master,19523.0,13.0,2321.0,15.0,268.0,50.0,2018-03-22 02:06:46+00:00,194.0,46.0,Python,2024-11-05T03:50:50,385.0,GitHubActions,2020-08-03 09:34:48+00:00,46.42,0.2371134020618556,0.0705454545454545,0.844,2750,113.06,10.239227681807732,low,low,GitHubActions,Python,13,open_issue_ratio=low | project_age_days=low | ci_type=GitHubActions | mainLanguage=Python,PGai
gltn/stdm,master,57645.0,14.0,2318.0,16.0,31.0,22.0,2014-06-03 06:45:23+00:00,415.0,41.0,Python,2025-04-10T11:55:25,103.0,TravisCI,2020-11-01 23:45:16+00:00,105.36363636363636,0.0987951807228915,0.1002899951667472,0.5601739971000483,4138,186.81,9.009975223312926,low,high,TravisCI,Python,11,open_issue_ratio=low | project_age_days=high | ci_type=TravisCI | mainLanguage=Python,PTAi
inception-project/inception,main,134753.0,221.0,20187.0,13.0,627.0,82.0,2018-03-27 03:04:00+00:00,2968.0,260.0,Java,2025-04-26T07:52:46,2401.0,GitHubActions,2020-02-24 19:50:29+00:00,246.1829268292683,0.0876010781671159,1.0812386156648452,7.354098360655738,2745,79.46,9.15658469421152,low,low,GitHubActions,Java,12,open_issue_ratio=low | project_age_days=low | ci_type=GitHubActions | mainLanguage=Java,JGai
opendcs/opendcs,main,164972.0,36.0,2969.0,11.0,37.0,30.0,2014-05-27 05:16:15+00:00,432.0,234.0,Java,2025-04-25T04:53:04,548.0,GitHubActions,2021-11-16 23:21:12+00:00,98.96666666666668,0.5416666666666666,0.1042219541616405,0.7162846803377564,4145,156.46,3.725517860578465,high,high,GitHubActions,Java,0,open_issue_ratio=high | project_age_days=high | ci_type=GitHubActions | mainLanguage=Java,JGAI
tomasmcguinness/homeassistant-mixergy,main,130.0,22.0,147.0,7.0,39.0,4.0,2021-06-23 01:59:11+00:00,31.0,5.0,Python,2025-02-27T02:20:16,20.0,GitHubActions,2022-07-22 09:12:56+00:00,36.75,0.1612903225806451,0.019859064702114,0.0941704035874439,1561,63.31,47.51001717229536,low,low,GitHubActions,Python,13,open_issue_ratio=low | project_age_days=low | ci_type=GitHubActions | mainLanguage=Python,PGai
mmuckley/torchkbnufft,main,14909.0,20.0,118.0,7.0,218.0,7.0,2019-11-11 03:01:08+00:00,42.0,9.0,Python,2024-12-04T02:54:05,48.0,GitHubActions,2021-01-14 00:28:14+00:00,16.857142857142858,0.2142857142857142,0.0195258019525801,0.0548582054858205,2151,31.05,30.342765125373823,low,low,GitHubActions,Python,13,open_issue_ratio=low | project_age_days=low | ci_type=GitHubActions | mainLanguage=Python,PGai
opengamma/strata,main,44319.0,152.0,4807.0,88.0,884.0,73.0,2014-06-16 11:45:55+00:00,429.0,76.0,Java,2025-04-14T11:02:26,2288.0,TravisCI,2015-07-15 13:43:58+00:00,65.84931506849315,0.1771561771561771,0.104,1.165333333333333,4125,101.06,45.569338263102544,low,high,TravisCI,Java,10,open_issue_ratio=low | project_age_days=high | ci_type=TravisCI | mainLanguage=Java,JTAi
pgjdbc/r2dbc-postgresql,main,3605.0,29.0,807.0,54.0,1010.0,81.0,2018-06-11 09:50:49+00:00,440.0,23.0,Java,2024-10-17T09:13:32,186.0,TravisCI,2019-12-16 19:33:03+00:00,9.962962962962964,0.0522727272727272,0.1648557512176845,0.3023604346197077,2669,39.74,69.65654500954788,low,low,TravisCI,Java,14,open_issue_ratio=low | project_age_days=low | ci_type=TravisCI | mainLanguage=Java,JTai
climada-project/climada_petals,main,166729.0,13.0,4309.0,6.0,28.0,69.0,2021-07-20 08:26:42+00:00,57.0,29.0,Python,2025-03-03T06:23:06,102.0,GitHubActions,2023-05-08 12:00:31+00:00,62.44927536231884,0.5087719298245614,0.0371577574967405,2.8089960886571057,1534,72.54,19.79310799235685,high,low,GitHubActions,Python,5,open_issue_ratio=high | project_age_days=low | ci_type=GitHubActions | mainLanguage=Python,PGaI
ccavanaugh/jgnash,master,28481.0,43.0,4554.0,18.0,141.0,19.0,2013-03-03 05:46:49+00:00,49.0,10.0,Java,2024-09-28T07:47:31,50.0,TravisCI,2017-11-28 10:46:01+00:00,239.68421052631572,0.2040816326530612,0.0106637649619151,0.9910772578890098,4595,32.55,8.37999253452781,low,high,TravisCI,Java,10,open_issue_ratio=low | project_age_days=high | ci_type=TravisCI | mainLanguage=Java,JTAi
googlesamples/android-testdpc,master,9316.0,31.0,1347.0,84.0,797.0,78.0,2015-05-22 02:46:28+00:00,199.0,15.0,Java,2025-01-08T05:12:37,36.0,GitHubActions,2024-03-23 20:53:45+00:00,17.26923076923077,0.0753768844221105,0.0525759577278731,0.3558784676354029,3785,354.64,104.15346902801112,low,high,GitHubActions,Java,8,open_issue_ratio=low | project_age_days=high | ci_type=GitHubActions | mainLanguage=Java,JGAi
hannesa2/panoramagl,master,12009.0,17.0,613.0,12.0,178.0,13.0,2015-09-19 09:38:12+00:00,35.0,11.0,Java,2025-04-22T04:30:33,346.0,TravisCI,2020-01-07 19:42:56+00:00,47.15384615384615,0.3142857142857143,0.0095497953615279,0.1672578444747612,3665,359.89,0.0,low,high,TravisCI,Java,10,open_issue_ratio=low | project_age_days=high | ci_type=TravisCI | mainLanguage=Java,JTAi
markqvist/reticulum,master,98748.0,85.0,2144.0,71.0,2518.0,35.0,2018-04-04 01:28:06+00:00,121.0,3.0,Python,2025-04-18T10:25:47,93.0,GitHubActions,2024-09-03 16:52:10+00:00,61.25714285714286,0.024793388429752,0.0442089879430032,0.783339422725612,2737,36.52,4.110912092157482,low,low,GitHubActions,Python,13,open_issue_ratio=low | project_age_days=low | ci_type=GitHubActions | mainLanguage=Python,PGai
googleapis/java-bigtable-hbase,main,20813.0,133.0,3725.0,72.0,176.0,,2014-04-04 02:54:35+00:00,658.0,110.0,Java,2025-04-02T12:18:21,3817.0,TravisCI,2016-08-05 00:17:20+00:00,,0.1671732522796352,0.1567413053835159,0.8873272987136732,4198,0.0,70.34582829504232,low,high,TravisCI,Java,10,open_issue_ratio=low | project_age_days=high | ci_type=TravisCI | mainLanguage=Java,JTAi
open-edge-platform/training_extensions,develop,436113.0,70.0,1165.0,47.0,1162.0,32.0,2018-10-26 02:02:29+00:00,409.0,10.0,Python,2025-04-25T10:51:10,3952.0,GitHubActions,2023-11-23 04:24:48+00:00,36.40625,0.0244498777506112,0.1615323854660347,0.4601105845181674,2532,113.51,17.73759731527063,low,low,GitHubActions,Python,13,open_issue_ratio=low | project_age_days=low | ci_type=GitHubActions | mainLanguage=Python,PGai
aiogram/aiogram,dev-3.x,9477.0,87.0,2145.0,101.0,5108.0,139.0,2017-11-18 02:11:13+00:00,613.0,17.0,Python,2025-04-26T01:18:49,893.0,GitHubActions,2019-11-16 20:53:42+00:00,15.431654676258994,0.0277324632952691,0.2132915796798886,0.7463465553235908,2874,116.77,11.81472483363262,low,low,GitHubActions,Python,13,open_issue_ratio=low | project_age_days=low | ci_type=GitHubActions | mainLanguage=Python,PGai
plasmoapp/plasmo-voice,v2.1.x,4665.0,75.0,855.0,7.0,238.0,8.0,2021-04-05 11:07:37+00:00,354.0,30.0,Java,2025-04-23T01:45:49,89.0,GitHubActions,2023-02-17 14:18:37+00:00,106.875,0.0847457627118644,0.2158536585365853,0.5213414634146342,1640,94.54,1.3548883756735952,low,low,GitHubActions,Java,12,open_issue_ratio=low | project_age_days=low | ci_type=GitHubActions | mainLanguage=Java,JGai
kairosdb/kairosdb,develop,50495.0,15.0,1445.0,114.0,1742.0,83.0,2013-02-05 10:27:48+00:00,474.0,125.0,Java,2025-04-01T03:15:46,212.0,TravisCI,2016-08-03 14:02:33+00:00,17.40963855421687,0.2637130801687763,0.1025752001731227,0.3127028781648994,4621,224.86,18.5307701909874,low,high,TravisCI,Java,10,open_issue_ratio=low | project_age_days=high | ci_type=TravisCI | mainLanguage=Java,JTAi
iheanyi/bandcamp-dl,master,238.0,28.0,252.0,37.0,1017.0,39.0,2013-04-29 11:28:43+00:00,180.0,14.0,Python,2025-04-26T06:35:57,78.0,TravisCI,2016-12-19 18:00:13+00:00,6.461538461538462,0.0777777777777777,0.0396650506831203,0.0555310709563684,4538,139.05,0.0,low,high,TravisCI,Python,11,open_issue_ratio=low | project_age_days=high | ci_type=TravisCI | mainLanguage=Python,PTAi
quantizr/dungeonroomsmod,3.x,7752.0,22.0,62.0,7.0,117.0,5.0,2021-02-15 05:40:49+00:00,20.0,2.0,Java,2024-03-25T09:01:04,9.0,GitHubActions,2023-09-15 04:32:09+00:00,12.4,0.1,0.0118413262285375,0.0367081113084665,1689,113.73,0.0,low,low,GitHubActions,Java,12,open_issue_ratio=low | project_age_days=low | ci_type=GitHubActions | mainLanguage=Java,JGai
maxmaeder/drivebackupv2,master,37317.0,36.0,858.0,6.0,166.0,27.0,2020-05-08 06:43:23+00:00,124.0,20.0,Java,2025-01-07T08:37:50,84.0,GitHubActions,2021-05-20 23:36:41+00:00,31.77777777777778,0.1612903225806451,0.0628803245436105,0.4350912778904665,1972,74.35,1.5382382818168627,low,low,GitHubActions,Java,12,open_issue_ratio=low | project_age_days=low | ci_type=GitHubActions | mainLanguage=Java,JGai
garulf/ha-commander,main,25753.0,26.0,321.0,2.0,25.0,5.0,2017-07-08 06:39:19+00:00,17.0,4.0,Python,2025-01-09T03:20:53,51.0,GitHubActions,2021-07-20 17:00:19+00:00,64.2,0.2352941176470588,0.0056534752244762,0.1067509145327569,3007,58.71,0.0,low,low,GitHubActions,Python,13,open_issue_ratio=low | project_age_days=low | ci_type=GitHubActions | mainLanguage=Python,PGai
allure-framework/allure-java,main,2790.0,54.0,768.0,35.0,357.0,81.0,2017-02-03 11:19:50+00:00,408.0,86.0,Java,2024-11-29T10:36:30,733.0,GitHubActions,2020-11-24 20:47:04+00:00,9.48148148148148,0.2107843137254902,0.1290322580645161,0.2428842504743833,3162,321.72,94.6700873425384,low,low,GitHubActions,Java,12,open_issue_ratio=low | project_age_days=low | ci_type=GitHubActions | mainLanguage=Java,JGai
aws/aws-msk-iam-auth,main,328.0,21.0,215.0,14.0,156.0,29.0,2020-09-01 04:42:38+00:00,116.0,23.0,Java,2025-04-09T11:04:26,92.0,GitHubActions,2023-08-11 22:03:52+00:00,7.413793103448276,0.1982758620689655,0.0625,0.1158405172413793,1856,163.12,48.720896809428,low,low,GitHubActions,Java,12,open_issue_ratio=low | project_age_days=low | ci_type=GitHubActions | mainLanguage=Java,JGai
anchore/anchore-charts,main,2450.0,302.0,858.0,21.0,47.0,58.0,2018-12-07 03:02:02+00:00,92.0,22.0,Python,2025-04-04T06:45:09,356.0,GitHubActions,2020-01-12 22:52:41+00:00,14.79310344827586,0.2391304347826087,0.0369477911646586,0.344578313253012,2490,246.98,17.675236060376317,low,low,GitHubActions,Python,13,open_issue_ratio=low | project_age_days=low | ci_type=GitHubActions | mainLanguage=Python,PGai
powerapi-ng/powerapi,master,7797.0,48.0,2279.0,9.0,217.0,20.0,2019-03-11 02:27:02+00:00,84.0,3.0,Python,2025-04-25T11:46:08,504.0,GitHubActions,2021-09-17 07:48:05+00:00,113.95,0.0357142857142857,0.0350584307178631,0.951168614357262,2396,175.3,88.46549066620997,low,low,GitHubActions,Python,13,open_issue_ratio=low | project_age_days=low | ci_type=GitHubActions | mainLanguage=Python,PGai
glyph/pomodouroboros,trunk,9423.0,19.0,604.0,14.0,212.0,5.0,2021-08-17 12:45:47+00:00,62.0,29.0,Python,2025-04-23T05:40:24,15.0,GitHubActions,2024-05-20 15:06:23+00:00,120.8,0.4677419354838709,0.0411686586985391,0.4010624169986719,1506,231.93,15.882753919563736,high,low,GitHubActions,Python,5,open_issue_ratio=high | project_age_days=low | ci_type=GitHubActions | mainLanguage=Python,PGaI
scikit-rf/scikit-rf,master,103259.0,38.0,5556.0,56.0,774.0,136.0,2012-01-19 02:25:58+00:00,434.0,37.0,Python,2025-04-24T02:41:21,754.0,TravisCI,2014-10-14 19:32:30+00:00,40.85294117647059,0.0852534562211981,0.0867306155075939,1.1103117505995204,5004,144.97,15.135141258297653,low,high,TravisCI,Python,11,open_issue_ratio=low | project_age_days=high | ci_type=TravisCI | mainLanguage=Python,PTAi
mediathekview/mlib,master,22946.0,18.0,1063.0,15.0,36.0,19.0,2014-08-16 01:43:42+00:00,39.0,2.0,Java,2025-03-10T07:35:55,123.0,TravisCI,2016-10-25 07:53:36+00:00,55.94736842105263,0.0512820512820512,0.0095964566929133,0.2615649606299212,4064,269.29,0.8907823392718823,low,high,TravisCI,Java,10,open_issue_ratio=low | project_age_days=high | ci_type=TravisCI | mainLanguage=Java,JTAi
y-young/nazurin,master,1064.0,27.0,437.0,3.0,282.0,9.0,2020-02-15 02:38:11+00:00,51.0,3.0,Python,2025-04-26T03:45:19,52.0,GitHubActions,2022-09-10 09:22:23+00:00,48.55555555555556,0.0588235294117647,0.0248175182481751,0.2126520681265206,2055,40.46,1.5276580017247752,low,low,GitHubActions,Python,13,open_issue_ratio=low | project_age_days=low | ci_type=GitHubActions | mainLanguage=Python,PGai
etiennestuder/teamcity-build-scan-plugin,main,2318.0,39.0,1146.0,2.0,23.0,32.0,2016-09-24 10:28:43+00:00,22.0,1.0,Java,2025-04-22T09:40:58,430.0,GitHubActions,2020-01-30 16:18:42+00:00,35.8125,0.0454545454545454,0.0066788099574984,0.3479052823315118,3294,59.78,1.7672858617131064,low,low,GitHubActions,Java,12,open_issue_ratio=low | project_age_days=low | ci_type=GitHubActions | mainLanguage=Java,JGai
hanjinliu/magic-class,main,30186.0,62.0,1717.0,3.0,43.0,5.0,2021-09-06 11:47:24+00:00,50.0,5.0,Python,2025-04-18T08:01:24,113.0,GitHubActions,2023-05-05 02:51:38+00:00,343.4,0.1,0.0336473755047106,1.1554508748317631,1486,49.78,22.204607221431345,low,low,GitHubActions,Python,13,open_issue_ratio=low | project_age_days=low | ci_type=GitHubActions | mainLanguage=Python,PGai
snowblossomcoin/snowblossom,master,3140.0,28.0,933.0,8.0,70.0,15.0,2018-04-25 08:41:32+00:00,190.0,56.0,Java,2025-03-06T05:05:06,39.0,GitHubActions,2021-03-02 05:08:09+00:00,62.2,0.2947368421052631,0.0699558173784977,0.343519882179676,2716,54.1,37.64615221088435,low,low,GitHubActions,Java,12,open_issue_ratio=low | project_age_days=low | ci_type=GitHubActions | mainLanguage=Java,JGai
activeloopai/deeplake,main,68484.0,239.0,9214.0,93.0,8549.0,148.0,2019-08-09 06:17:59+00:00,469.0,51.0,Python,2025-04-23T08:05:29,2534.0,GitHubActions,2021-05-01 20:30:46+00:00,62.25675675675676,0.1087420042643923,0.2089086859688196,4.104231625835189,2245,73.2,17.22941411984519,low,low,GitHubActions,Python,13,open_issue_ratio=low | project_age_days=low | ci_type=GitHubActions | mainLanguage=Python,PGai
rptools/maptool,develop,234490.0,84.0,12569.0,38.0,834.0,81.0,2014-10-21 12:26:48+00:00,2397.0,829.0,Java,2025-04-24T03:36:14,2939.0,TravisCI,2016-05-14 09:05:58+00:00,155.17283950617283,0.3458489778890279,0.5995497748874438,3.1438219109554777,3998,158.83,3.0446735395189,low,high,TravisCI,Java,10,open_issue_ratio=low | project_age_days=high | ci_type=TravisCI | mainLanguage=Java,JTAi
terraformersmc/traverse,1.21.5,33361.0,100.0,341.0,4.0,149.0,26.0,2019-06-26 12:36:59+00:00,80.0,8.0,Java,2025-04-02T02:39:40,37.0,GitHubActions,2021-01-22 21:44:01+00:00,13.115384615384617,0.1,0.0349497597204019,0.1489733508082132,2289,17.19,0.0,low,low,GitHubActions,Java,12,open_issue_ratio=low | project_age_days=low | ci_type=GitHubActions | mainLanguage=Java,JGai
vmenger/deduce,main,7561.0,23.0,884.0,4.0,51.0,8.0,2017-08-25 11:26:34+00:00,30.0,9.0,Python,2024-07-16T02:18:11,116.0,GitHubActions,2021-07-19 15:10:42+00:00,110.5,0.3,0.0101385603244339,0.2987495775599865,2959,216.78,0.4823479882119444,low,low,GitHubActions,Python,13,open_issue_ratio=low | project_age_days=low | ci_type=GitHubActions | mainLanguage=Python,PGai
sekwah41/advanced-portals,main,9588.0,86.0,1044.0,10.0,162.0,34.0,2013-10-07 04:19:26+00:00,329.0,27.0,Java,2025-04-13T12:54:04,219.0,TravisCI,2017-07-14 11:05:47+00:00,30.705882352941178,0.0820668693009118,0.0751656385652273,0.2385195339273475,4377,182.0,0.0,low,high,TravisCI,Java,10,open_issue_ratio=low | project_age_days=high | ci_type=TravisCI | mainLanguage=Java,JTAi
chipsec/chipsec,main,110834.0,89.0,2327.0,189.0,3020.0,117.0,2014-03-06 09:57:10+00:00,456.0,37.0,Python,2025-04-23T04:06:12,1985.0,TravisCI,2016-07-06 03:01:39+00:00,19.88888888888889,0.0811403508771929,0.1078779276082328,0.5505086349656967,4227,338.18,1.331784115077019,low,high,TravisCI,Python,11,open_issue_ratio=low | project_age_days=high | ci_type=TravisCI | mainLanguage=Python,PTAi
tiny-pilot/tinypilot,master,15771.0,32.0,1044.0,40.0,3175.0,27.0,2020-06-16 08:46:33+00:00,662.0,141.0,Python,2025-04-15T01:55:32,1150.0,GitHubActions,2021-12-02 18:11:01+00:00,38.66666666666666,0.2129909365558912,0.3424728401448526,0.5400931195033627,1933,64.64,12.988133764832794,low,low,GitHubActions,Python,13,open_issue_ratio=low | project_age_days=low | ci_type=GitHubActions | mainLanguage=Python,PGai
juju/charm-tools,master,56496.0,24.0,1219.0,19.0,42.0,69.0,2013-09-17 03:04:44+00:00,370.0,128.0,Python,2024-11-13T04:06:21,313.0,TravisCI,2015-10-02 13:29:39+00:00,17.666666666666668,0.3459459459459459,0.0841482829201728,0.2772344780532181,4397,71.49,59.86000736803327,low,high,TravisCI,Python,11,open_issue_ratio=low | project_age_days=high | ci_type=TravisCI | mainLanguage=Python,PTAi
spring-cloud/spring-cloud-kubernetes,main,58616.0,26.0,2430.0,170.0,3491.0,145.0,2016-12-13 09:36:25+00:00,759.0,35.0,Java,2025-04-11T10:58:47,1150.0,GitHubActions,2022-06-08 19:29:00+00:00,16.75862068965517,0.0461133069828722,0.2361543248288737,0.7560672059738643,3214,106.21,114.4453525288404,low,low,GitHubActions,Java,12,open_issue_ratio=low | project_age_days=low | ci_type=GitHubActions | mainLanguage=Java,JGai
tianocore/edk2-pytool-library,master,1439.0,78.0,525.0,14.0,58.0,27.0,2019-05-31 09:38:03+00:00,100.0,4.0,Python,2025-03-25T03:36:47,616.0,GitHubActions,2022-07-14 01:58:36+00:00,19.444444444444443,0.04,0.0431965442764578,0.2267818574514039,2315,181.83,62.11694809255784,low,low,GitHubActions,Python,13,open_issue_ratio=low | project_age_days=low | ci_type=GitHubActions | mainLanguage=Python,PGai
opsilab/idra,master,27380.0,18.0,384.0,2.0,23.0,16.0,2018-07-13 12:52:59+00:00,25.0,3.0,Java,2025-04-16T01:40:29,117.0,GitHubActions,2021-03-15 09:34:06+00:00,24.0,0.12,0.0094804702313234,0.1456200227531285,2637,175.24,0.0,low,low,GitHubActions,Java,12,open_issue_ratio=low | project_age_days=low | ci_type=GitHubActions | mainLanguage=Java,JGai
vertigo-io/vertigo-libs,master,94747.0,26.0,8238.0,10.0,12.0,35.0,2015-08-04 02:28:55+00:00,13.0,2.0,Java,2025-03-31T02:28:23,129.0,GitHubActions,2022-02-23 09:02:43+00:00,235.37142857142857,0.1538461538461538,0.0035030988951765,2.219886822958771,3711,68.41,15.623625922887612,low,high,GitHubActions,Java,8,open_issue_ratio=low | project_age_days=high | ci_type=GitHubActions | mainLanguage=Java,JGAi
algolia/algoliasearch-client-python,main,71095.0,49.0,1947.0,79.0,200.0,28.0,2013-05-22 01:57:40+00:00,170.0,13.0,Python,2025-04-14T04:27:36,406.0,GitHubActions,2021-11-30 10:37:36+00:00,69.53571428571429,0.0764705882352941,0.0376522702104097,0.4312292358803987,4515,199.94,7.145123658422772,low,high,GitHubActions,Python,9,open_issue_ratio=low | project_age_days=high | ci_type=GitHubActions | mainLanguage=Python,PGAi
jodaorg/joda-convert,main,665.0,24.0,309.0,8.0,90.0,4.0,2011-05-10 05:13:40+00:00,27.0,0.0,Java,2025-03-10T12:24:04,125.0,TravisCI,2013-06-24 14:47:11+00:00,77.25,0.0,0.005135032331685,0.0587675922403955,5258,70.67,56.57701057139034,low,high,TravisCI,Java,10,open_issue_ratio=low | project_age_days=high | ci_type=TravisCI | mainLanguage=Java,JTAi
robotframework/remoteswinglibrary,master,483.0,26.0,302.0,22.0,31.0,28.0,2014-03-10 09:42:10+00:00,77.0,14.0,Python,2024-07-01T05:58:44,44.0,GitHubActions,2022-02-02 14:53:09+00:00,10.785714285714286,0.1818181818181818,0.0182334833057068,0.0715131423158891,4223,351.23,18.24580400649702,low,high,GitHubActions,Python,9,open_issue_ratio=low | project_age_days=high | ci_type=GitHubActions | mainLanguage=Python,PGAi
flowingcode/applayoutaddon,master,586.0,13.0,343.0,8.0,22.0,7.0,2018-06-25 03:16:12+00:00,68.0,4.0,Java,2025-04-07T05:37:34,65.0,GitHubActions,2023-02-15 13:10:09+00:00,49.0,0.0588235294117647,0.0256120527306967,0.1291902071563088,2655,157.35,49.506514015001976,low,low,GitHubActions,Java,12,open_issue_ratio=low | project_age_days=low | ci_type=GitHubActions | mainLanguage=Java,JGai
vmware/alb-sdk,eng,233653.0,192.0,7435.0,81.0,70.0,102.0,2016-03-07 09:29:17+00:00,16.0,5.0,Java,2025-04-08T06:42:31,3018.0,TravisCI,2017-08-01 15:11:18+00:00,72.8921568627451,0.3125,0.0045779685264663,2.127324749642346,3495,77.01,0.5253263234973488,low,low,TravisCI,Java,14,open_issue_ratio=low | project_age_days=low | ci_type=TravisCI | mainLanguage=Java,JTai
johnvictorfs/simple-utilities-mod,master,1761.0,21.0,211.0,3.0,27.0,37.0,2020-01-01 12:26:53+00:00,39.0,15.0,Java,2024-10-25T10:14:02,39.0,GitHubActions,2022-04-08 14:22:17+00:00,5.702702702702703,0.3846153846153846,0.0185714285714285,0.1004761904761904,2100,68.97,0.0,high,low,GitHubActions,Java,4,open_issue_ratio=high | project_age_days=low | ci_type=GitHubActions | mainLanguage=Java,JGaI
pivx-project/pivx-spmt,master,13703.0,20.0,480.0,12.0,20.0,10.0,2018-05-06 04:59:52+00:00,22.0,6.0,Python,2025-02-24T03:27:23,53.0,TravisCI,2019-06-05 23:37:58+00:00,48.0,0.2727272727272727,0.0081330868761552,0.177449168207024,2705,39.92,6.231003039513678,low,low,TravisCI,Python,15,open_issue_ratio=low | project_age_days=low | ci_type=TravisCI | mainLanguage=Python,PTai
basnijholt/adaptive-scheduler,main,956.0,66.0,868.0,4.0,30.0,7.0,2019-05-03 05:46:40+00:00,41.0,13.0,Python,2025-04-08T05:15:29,218.0,GitHubActions,2020-09-23 11:43:05+00:00,124.0,0.3170731707317073,0.0174989329918907,0.370465215535638,2343,133.62,49.522173306131215,low,low,GitHubActions,Python,13,open_issue_ratio=low | project_age_days=low | ci_type=GitHubActions | mainLanguage=Python,PGai
jenkinsci/next-executions-plugin,main,603.0,22.0,432.0,97.0,11.0,17.0,2011-06-07 08:35:21+00:00,14.0,4.0,Java,2025-04-08T12:28:45,156.0,GitHubActions,2023-04-22 11:02:03+00:00,25.41176470588235,0.2857142857142857,0.0026768642447418,0.0826003824091778,5230,9.41,33.60215053763441,low,high,GitHubActions,Java,8,open_issue_ratio=low | project_age_days=high | ci_type=GitHubActions | mainLanguage=Java,JGAi
modelon-community/assimulo,master,86801.0,21.0,722.0,4.0,79.0,14.0,2018-12-18 08:01:23+00:00,34.0,9.0,Python,2025-04-09T02:00:27,82.0,GitHubActions,2023-03-01 14:38:44+00:00,51.57142857142857,0.2647058823529412,0.0137152077450584,0.291246470350948,2479,172.97,9.987708581644815,low,low,GitHubActions,Python,13,open_issue_ratio=low | project_age_days=low | ci_type=GitHubActions | mainLanguage=Python,PGai
python-visualization/folium,main,367261.0,35.0,1979.0,161.0,7106.0,182.0,2013-05-09 04:21:35+00:00,1163.0,72.0,Python,2025-04-22T03:51:39,951.0,TravisCI,2014-12-02 18:18:09+00:00,10.873626373626374,0.0619088564058469,0.2568462897526501,0.4370583038869258,4528,207.49,11.402566855857238,low,high,TravisCI,Python,11,open_issue_ratio=low | project_age_days=high | ci_type=TravisCI | mainLanguage=Python,PTAi
zalando-stups/baigan-config,main,456.0,15.0,271.0,20.0,10.0,24.0,2015-09-22 06:31:32+00:00,17.0,1.0,Java,2024-07-08T08:10:40,90.0,GitHubActions,2023-06-19 21:24:07+00:00,11.291666666666666,0.0588235294117647,0.0046422719825232,0.07400327689787,3662,103.36,47.220487195502805,low,high,GitHubActions,Java,8,open_issue_ratio=low | project_age_days=high | ci_type=GitHubActions | mainLanguage=Java,JGAi
scrapy/w3lib,master,571.0,14.0,522.0,25.0,400.0,49.0,2011-04-16 10:23:16+00:00,61.0,11.0,Python,2025-03-24T06:45:37,181.0,TravisCI,2013-07-12 12:21:49+00:00,10.653061224489797,0.180327868852459,0.0115486558121923,0.0988262021961378,5282,313.63,70.5386289445049,low,high,TravisCI,Python,11,open_issue_ratio=low | project_age_days=high | ci_type=TravisCI | mainLanguage=Python,PTAi
tensorflow/model-optimization,master,2333.0,21.0,837.0,119.0,1516.0,90.0,2018-10-31 08:34:28+00:00,360.0,192.0,Python,2025-02-10T11:24:42,794.0,GitHubActions,2020-07-27 20:21:58+00:00,9.3,0.5333333333333333,0.1424614166996438,0.3312227938266719,2527,73.01,70.07184764534246,high,low,GitHubActions,Python,5,open_issue_ratio=high | project_age_days=low | ci_type=GitHubActions | mainLanguage=Python,PGaI
cookiecutter/cookiecutter-django,master,9954.0,620.0,8236.0,198.0,12709.0,459.0,2013-08-14 05:43:31+00:00,1243.0,82.0,Python,2025-04-09T11:30:20,4446.0,TravisCI,2014-10-30 11:30:50+00:00,17.943355119825707,0.0659694288012872,0.2805235838411193,1.8587226359738207,4431,161.6,6.036729857819905,low,high,TravisCI,Python,11,open_issue_ratio=low | project_age_days=high | ci_type=TravisCI | mainLanguage=Python,PTAi
nordicsemiconductor/android-nrf-mesh-library,main,9091.0,53.0,1599.0,26.0,424.0,28.0,2018-06-07 07:12:55+00:00,340.0,22.0,Java,2025-01-31T01:25:42,263.0,GitHubActions,2022-03-30 14:46:30+00:00,57.10714285714285,0.0647058823529411,0.1271979049756827,0.5982042648709316,2673,67.35,3.244279410700938,low,low,GitHubActions,Java,12,open_issue_ratio=low | project_age_days=low | ci_type=GitHubActions | mainLanguage=Java,JGai
newrelic/nrjmx,master,5311.0,34.0,433.0,21.0,40.0,38.0,2017-07-20 10:20:08+00:00,18.0,0.0,Java,2025-04-23T07:04:24,152.0,GitHubActions,2021-09-08 07:08:36+00:00,11.394736842105264,0.0,0.0060100166944908,0.1445742904841402,2995,215.33,2.8618255168935955,low,low,GitHubActions,Java,12,open_issue_ratio=low | project_age_days=low | ci_type=GitHubActions | mainLanguage=Java,JGai
beemdevelopment/aegis,master,21788.0,69.0,1640.0,91.0,10127.0,69.0,2016-08-15 07:10:31+00:00,1113.0,61.0,Java,2025-04-23T06:57:15,495.0,TravisCI,2019-05-15 18:47:11+00:00,23.768115942028984,0.054806828391734,0.3338332333533293,0.4919016196760647,3334,82.54,5.3955052203149885,low,low,TravisCI,Java,14,open_issue_ratio=low | project_age_days=low | ci_type=TravisCI | mainLanguage=Java,JTai
mik3y/usb-serial-for-android,master,945.0,33.0,301.0,236.0,5134.0,42.0,2013-06-30 11:17:45+00:00,544.0,33.0,Java,2025-04-18T06:37:24,78.0,GitHubActions,2019-11-15 22:57:39+00:00,7.166666666666667,0.0606617647058823,0.1215370866845397,0.0672475424486148,4476,257.88,43.67816091954023,low,high,GitHubActions,Java,8,open_issue_ratio=low | project_age_days=high | ci_type=GitHubActions | mainLanguage=Java,JGAi
libgdx/libgdx,master,1105974.0,13.0,15487.0,1141.0,23949.0,727.0,2012-08-10 07:34:38+00:00,3799.0,238.0,Java,2025-04-22T08:48:57,3781.0,TravisCI,2018-05-03 02:15:28+00:00,21.30261348005502,0.0626480652803369,0.7914583333333334,3.226458333333333,4800,100.33,9.06489355430316,low,high,TravisCI,Java,10,open_issue_ratio=low | project_age_days=high | ci_type=TravisCI | mainLanguage=Java,JTAi
neuro-inc/apolo-cli,master,6444.0,17.0,2797.0,15.0,19.0,30.0,2018-05-04 03:22:15+00:00,789.0,19.0,Python,2025-04-24T12:04:41,2437.0,GitHubActions,2020-06-04 13:58:22+00:00,93.23333333333332,0.0240811153358681,0.2914665681566309,1.0332471370520873,2707,75.35,53.725297070597954,low,low,GitHubActions,Python,13,open_issue_ratio=low | project_age_days=low | ci_type=GitHubActions | mainLanguage=Python,PGai
real-logic/aeron,master,70009.0,112.0,17743.0,356.0,7523.0,143.0,2014-02-07 05:16:58+00:00,802.0,15.0,Java,2025-01-23T09:29:00,924.0,TravisCI,2018-10-26 00:41:52+00:00,124.07692307692308,0.0187032418952618,0.1885284438175834,4.170897978373295,4254,67.97,29.51164078763918,low,high,TravisCI,Java,10,open_issue_ratio=low | project_age_days=high | ci_type=TravisCI | mainLanguage=Java,JTAi
rdegges/django-twilio,master,574.0,33.0,735.0,13.0,326.0,40.0,2011-06-25 11:22:08+00:00,88.0,13.0,Python,2024-03-27T08:09:56,153.0,TravisCI,2014-02-12 04:45:04+00:00,18.375,0.1477272727272727,0.0168841135840368,0.1410207214121258,5212,250.31,45.84221748400853,low,high,TravisCI,Python,11,open_issue_ratio=low | project_age_days=high | ci_type=TravisCI | mainLanguage=Python,PTAi
ovirt/ovirt-engine,master,337294.0,30.0,34806.0,62.0,543.0,303.0,2012-10-26 11:48:34+00:00,159.0,102.0,Java,2025-04-25T10:12:03,838.0,TravisCI,2016-05-07 03:39:18+00:00,114.87128712871286,0.6415094339622641,0.0336650434046157,7.369468558119839,4723,105.68,14.882847012434846,high,high,TravisCI,Java,2,open_issue_ratio=high | project_age_days=high | ci_type=TravisCI | mainLanguage=Java,JTAI
unit8co/darts,master,217859.0,48.0,1336.0,62.0,8519.0,144.0,2018-09-13 03:17:28+00:00,1669.0,222.0,Python,2025-04-20T08:45:39,1114.0,GitHubActions,2020-04-09 15:35:37+00:00,9.27777777777778,0.1330137807070102,0.6481553398058253,0.5188349514563106,2575,83.89,9.86854317174402,low,low,GitHubActions,Python,13,open_issue_ratio=low | project_age_days=low | ci_type=GitHubActions | mainLanguage=Python,PGai
ssl-hep/servicex,develop,21579.0,70.0,2425.0,12.0,20.0,30.0,2019-04-08 07:19:12+00:00,434.0,108.0,Python,2025-04-25T03:40:28,608.0,GitHubActions,2022-09-28 20:19:52+00:00,80.83333333333333,0.2488479262672811,0.183277027027027,1.024070945945946,2368,281.8,45.96316061284214,low,low,GitHubActions,Python,13,open_issue_ratio=low | project_age_days=low | ci_type=GitHubActions | mainLanguage=Python,PGai
freedomofpress/dangerzone,main,15919.0,22.0,1591.0,46.0,4054.0,31.0,2020-01-06 08:42:37+00:00,627.0,191.0,Python,2025-04-14T01:08:32,495.0,GitHubActions,2023-01-04 15:37:28+00:00,51.32258064516129,0.3046251993620414,0.2992840095465394,0.7594272076372315,2095,130.33,20.230500102901832,low,low,GitHubActions,Python,13,open_issue_ratio=low | project_age_days=low | ci_type=GitHubActions | mainLanguage=Python,PGai
michel-kraemer/gradle-download-task,master,2069.0,38.0,594.0,18.0,682.0,20.0,2013-09-02 12:33:25+00:00,187.0,4.0,Java,2024-07-24T05:05:07,224.0,TravisCI,2015-03-14 10:19:39+00:00,29.7,0.0213903743315508,0.0423844061650045,0.1346328195829556,4412,70.34,39.022630370613314,low,high,TravisCI,Java,10,open_issue_ratio=low | project_age_days=high | ci_type=TravisCI | mainLanguage=Java,JTAi
dcache/dcache,master,418708.0,54.0,13320.0,30.0,297.0,116.0,2013-03-30 08:58:49+00:00,973.0,364.0,Java,2025-04-16T02:07:56,6805.0,GitHubActions,2023-08-04 09:49:46+00:00,114.82758620689656,0.3741007194244604,0.2130035026269702,2.915936952714536,4568,179.78,19.72376176651711,high,high,GitHubActions,Java,0,open_issue_ratio=high | project_age_days=high | ci_type=GitHubActions | mainLanguage=Java,JGAI
viur-framework/viur-core,main,64204.0,88.0,3465.0,8.0,16.0,31.0,2019-12-11 01:14:58+00:00,289.0,111.0,Python,2025-04-22T02:49:47,1173.0,GitHubActions,2021-11-09 10:55:35+00:00,111.7741935483871,0.3840830449826989,0.1362564827911362,1.6336633663366336,2121,126.48,6.815180371168415,high,low,GitHubActions,Python,5,open_issue_ratio=high | project_age_days=low | ci_type=GitHubActions | mainLanguage=Python,PGaI
kwindrem/guimods,main,25189.0,103.0,430.0,35.0,236.0,2.0,2021-02-16 01:18:39+00:00,284.0,88.0,Python,2025-04-21T08:29:37,20.0,GitHubActions,2023-12-16 20:08:59+00:00,215.0,0.3098591549295774,0.1682464454976303,0.254739336492891,1688,13.19,0.0,low,low,GitHubActions,Python,13,open_issue_ratio=low | project_age_days=low | ci_type=GitHubActions | mainLanguage=Python,PGai
beeware/toga,main,35377.0,16.0,10129.0,88.0,4826.0,314.0,2014-08-01 09:44:10+00:00,1071.0,243.0,Python,2025-04-21T12:33:26,1974.0,GitHubActions,2019-10-12 05:19:34+00:00,32.25796178343949,0.226890756302521,0.2625643540083354,2.483206668301054,4079,211.07,63.14999018010836,low,high,GitHubActions,Python,9,open_issue_ratio=low | project_age_days=high | ci_type=GitHubActions | mainLanguage=Python,PGAi
python-semver/python-semver,master,902.0,21.0,499.0,13.0,480.0,47.0,2012-02-07 08:46:16+00:00,187.0,13.0,Python,2025-01-28T12:40:12,257.0,TravisCI,2014-10-02 17:49:19+00:00,10.617021276595745,0.0695187165775401,0.0375125376128385,0.1001003009027081,4985,114.86,34.30641380779885,low,high,TravisCI,Python,11,open_issue_ratio=low | project_age_days=high | ci_type=TravisCI | mainLanguage=Python,PTAi
tornaco/thanox,master,259842.0,123.0,1831.0,39.0,2475.0,24.0,2019-12-14 11:54:54+00:00,811.0,375.0,Java,2025-04-26T02:36:22,404.0,GitHubActions,2021-07-17 14:33:05+00:00,76.29166666666667,0.4623921085080148,0.3829084041548631,0.8644948064211521,2118,77.95,0.812333064737137,high,low,GitHubActions,Java,4,open_issue_ratio=high | project_age_days=low | ci_type=GitHubActions | mainLanguage=Java,JGaI
freerouting/freerouting,master,514760.0,15.0,1442.0,50.0,1374.0,32.0,2014-06-28 05:00:48+00:00,261.0,20.0,Java,2025-04-14T09:09:01,165.0,GitHubActions,2020-03-14 22:13:04+00:00,45.0625,0.0766283524904214,0.0634573304157549,0.3505956722586919,4113,219.94,1.4468490442136863,low,high,GitHubActions,Java,8,open_issue_ratio=low | project_age_days=high | ci_type=GitHubActions | mainLanguage=Java,JGAi
kaljurand/k6nele,master,25697.0,26.0,519.0,21.0,275.0,3.0,2011-12-21 12:57:58+00:00,78.0,26.0,Java,2024-12-01T10:53:21,29.0,GitHubActions,2019-09-02 17:17:57+00:00,173.0,0.3333333333333333,0.0154977150804689,0.1031194118815815,5033,53.5,0.0,low,high,GitHubActions,Java,8,open_issue_ratio=low | project_age_days=high | ci_type=GitHubActions | mainLanguage=Java,JGAi
matplotlib/basemap,develop,952507.0,14.0,3458.0,59.0,787.0,81.0,2011-02-19 02:58:42+00:00,362.0,109.0,Python,2025-02-26T12:22:04,256.0,TravisCI,2015-10-27 20:54:59+00:00,42.69135802469136,0.3011049723756906,0.0678156612963656,0.6478081678531286,5338,262.87,14.432578897035384,low,high,TravisCI,Python,11,open_issue_ratio=low | project_age_days=high | ci_type=TravisCI | mainLanguage=Python,PTAi
jacksonllee/pycantonese,main,15833.0,20.0,328.0,21.0,335.0,,2014-12-13 08:40:56+00:00,41.0,8.0,Python,2024-05-23T12:48:29,8.0,TravisCI,2016-02-25 05:27:52+00:00,,0.1951219512195122,0.0103929024081115,0.0831432192648922,3945,0.0,0.1585069007040563,low,high,TravisCI,Python,11,open_issue_ratio=low | project_age_days=high | ci_type=TravisCI | mainLanguage=Python,PTAi
pymodaq/pymodaq,5.0.x,223995.0,111.0,2606.0,15.0,127.0,17.0,2018-09-27 07:28:28+00:00,186.0,37.0,Python,2025-04-24T03:01:28,383.0,TravisCI,2020-11-28 20:25:31+00:00,153.2941176470588,0.1989247311827957,0.0726278797344787,1.0175712612260837,2561,75.75,1.4584701636547068,low,low,TravisCI,Python,15,open_issue_ratio=low | project_age_days=low | ci_type=TravisCI | mainLanguage=Python,PTai
qbraid/qbraid,main,42063.0,39.0,2599.0,5.0,83.0,39.0,2019-09-11 06:49:15+00:00,229.0,23.0,Python,2025-04-25T03:55:15,737.0,GitHubActions,2021-08-25 20:51:03+00:00,66.64102564102564,0.1004366812227074,0.1035262206148282,1.1749547920433996,2212,116.53,85.8051636043718,low,low,GitHubActions,Python,13,open_issue_ratio=low | project_age_days=low | ci_type=GitHubActions | mainLanguage=Python,PGai
qupath/qupath,main,101994.0,44.0,4517.0,55.0,1145.0,22.0,2016-08-28 02:31:41+00:00,847.0,38.0,Java,2025-04-24T11:32:11,997.0,GitHubActions,2021-05-27 09:32:27+00:00,205.3181818181818,0.0448642266824085,0.2550436615477265,1.360132490213791,3321,131.12,12.59855728904546,low,low,GitHubActions,Java,12,open_issue_ratio=low | project_age_days=low | ci_type=GitHubActions | mainLanguage=Java,JGai
knugihk/whatsapp-chat-exporter,main,741.0,17.0,534.0,12.0,721.0,11.0,2021-01-10 01:53:20+00:00,115.0,24.0,Python,2025-04-27T08:21:38,15.0,GitHubActions,2022-02-22 14:01:36+00:00,48.54545454545455,0.208695652173913,0.0666666666666666,0.3095652173913043,1725,135.11,6.40230394328755,low,low,GitHubActions,Python,13,open_issue_ratio=low | project_age_days=low | ci_type=GitHubActions | mainLanguage=Python,PGai
consensys/teku,master,551576.0,112.0,5927.0,31.0,703.0,112.0,2018-09-07 09:30:05+00:00,2803.0,155.0,Java,2025-04-23T09:58:37,6542.0,GitHubActions,2021-05-18 19:34:12+00:00,52.91964285714285,0.0552978951123795,1.0860131731886866,2.296396745447501,2581,50.51,50.50042680102764,low,low,GitHubActions,Java,12,open_issue_ratio=low | project_age_days=low | ci_type=GitHubActions | mainLanguage=Java,JGai
theelectronwill/night-config,master,2087.0,47.0,822.0,8.0,248.0,,2016-11-20 03:52:01+00:00,154.0,22.0,Java,2025-04-22T08:48:54,33.0,TravisCI,2019-02-26 17:41:52+00:00,,0.1428571428571428,0.0475749150447945,0.2539388322520852,3237,0.0,37.38506959088992,low,low,TravisCI,Java,14,open_issue_ratio=low | project_age_days=low | ci_type=TravisCI | mainLanguage=Java,JTai
stevenblack/hosts,master,1381013.0,746.0,4108.0,589.0,27974.0,168.0,2012-04-12 08:22:50+00:00,2056.0,85.0,Python,2025-04-25T07:34:03,686.0,TravisCI,2017-05-15 23:17:07+00:00,24.45238095238096,0.0413424124513618,0.4178861788617886,0.8349593495934959,4920,52.34,10.53775122216187,low,high,TravisCI,Python,11,open_issue_ratio=low | project_age_days=high | ci_type=TravisCI | mainLanguage=Python,PTAi
oracle/microservices-datadriven,main,452151.0,49.0,593.0,11.0,73.0,21.0,2021-03-12 03:46:56+00:00,305.0,2.0,Java,2025-04-23T05:40:00,749.0,GitHubActions,2023-11-30 14:25:24+00:00,28.23809523809524,0.0065573770491803,0.1832932692307692,0.3563701923076923,1664,443.71,0.8036805821801373,low,low,GitHubActions,Java,12,open_issue_ratio=low | project_age_days=low | ci_type=GitHubActions | mainLanguage=Java,JGai
prodperfect/monday,master,560.0,19.0,228.0,13.0,86.0,23.0,2019-10-06 07:02:17+00:00,42.0,17.0,Python,2024-10-02T03:28:43,89.0,GitHubActions,2021-05-19 17:52:45+00:00,9.91304347826087,0.4047619047619047,0.0192043895747599,0.1042524005486968,2187,42.44,11.50060024009604,high,low,GitHubActions,Python,5,open_issue_ratio=high | project_age_days=low | ci_type=GitHubActions | mainLanguage=Python,PGaI
nextstrain/augur,master,19858.0,77.0,5197.0,30.0,269.0,59.0,2016-04-22 08:28:36+00:00,750.0,221.0,Python,2025-04-25T08:24:58,1039.0,TravisCI,2018-07-07 02:10:21+00:00,88.08474576271186,0.2946666666666667,0.2174543345897361,1.5068135691504785,3449,194.51,14.824926113309624,low,low,TravisCI,Python,15,open_issue_ratio=low | project_age_days=low | ci_type=TravisCI | mainLanguage=Python,PTai
jungmannlab/picasso,master,28667.0,29.0,2390.0,15.0,112.0,23.0,2016-10-27 08:13:20+00:00,124.0,7.0,Python,2025-02-06T02:42:55,362.0,GitHubActions,2020-04-10 16:46:57+00:00,103.91304347826087,0.0564516129032258,0.0380251456608402,0.7329040171726464,3261,104.68,44.2007025277223,low,low,GitHubActions,Python,13,open_issue_ratio=low | project_age_days=low | ci_type=GitHubActions | mainLanguage=Python,PGai
enioka-haute-couture/pyoupyou,master,1163.0,44.0,542.0,5.0,12.0,16.0,2017-03-15 12:30:11+00:00,143.0,17.0,Python,2025-02-27T08:14:25,203.0,GitHubActions,2020-11-12 14:42:47+00:00,33.875,0.1188811188811188,0.0458039718129404,0.1736066623959,3122,224.78,19.175980714442257,low,low,GitHubActions,Python,13,open_issue_ratio=low | project_age_days=low | ci_type=GitHubActions | mainLanguage=Python,PGai
databrickslabs/dbldatagen,master,11606.0,18.0,303.0,16.0,396.0,10.0,2019-07-23 11:42:56+00:00,76.0,13.0,Python,2025-03-06T08:02:52,223.0,GitHubActions,2021-06-09 17:35:23+00:00,30.3,0.1710526315789473,0.0335985853227232,0.1339522546419098,2262,111.32,63.8155161156289,low,low,GitHubActions,Python,13,open_issue_ratio=low | project_age_days=low | ci_type=GitHubActions | mainLanguage=Python,PGai
amplitude/amplitude-android,main,46910.0,109.0,970.0,92.0,163.0,37.0,2012-09-06 01:18:59+00:00,153.0,26.0,Java,2024-06-12T05:46:26,237.0,GitHubActions,2021-04-08 17:59:45+00:00,26.216216216216218,0.1699346405228758,0.0320553111250785,0.2032264822962497,4773,168.08,61.1324216144096,low,high,GitHubActions,Java,8,open_issue_ratio=low | project_age_days=high | ci_type=GitHubActions | mainLanguage=Java,JGAi
briis/securityspy,master,1356.0,30.0,293.0,10.0,37.0,4.0,2020-03-27 09:57:40+00:00,56.0,7.0,Python,2024-09-23T08:23:09,44.0,GitHubActions,2021-12-22 11:14:46+00:00,73.25,0.125,0.0278053624627606,0.1454816285998013,2014,66.39,0.0,low,low,GitHubActions,Python,13,open_issue_ratio=low | project_age_days=low | ci_type=GitHubActions | mainLanguage=Python,PGai
metomi/rose,master,65236.0,82.0,6694.0,17.0,56.0,52.0,2012-10-15 08:31:10+00:00,988.0,161.0,Python,2025-04-15T08:33:54,1903.0,TravisCI,2016-09-20 13:22:53+00:00,128.73076923076923,0.1629554655870445,0.2087029995775242,1.414026193493874,4734,233.19,8.784023192140442,low,high,TravisCI,Python,11,open_issue_ratio=low | project_age_days=high | ci_type=TravisCI | mainLanguage=Python,PTAi
terrafirmacraft/terrafirmacraft,1.21.x,179769.0,209.0,4853.0,33.0,561.0,80.0,2018-04-25 09:55:45+00:00,2177.0,29.0,Java,2025-04-16T11:11:45,729.0,GitHubActions,2021-05-06 00:40:00+00:00,60.6625,0.0133210840606339,0.8015463917525774,1.786818851251841,2716,43.29,0.4779925350612554,low,low,GitHubActions,Java,12,open_issue_ratio=low | project_age_days=low | ci_type=GitHubActions | mainLanguage=Java,JGai
mkrd/dictdatabase,main,6267.0,26.0,428.0,6.0,237.0,9.0,2021-01-31 08:36:28+00:00,32.0,14.0,Python,2025-04-18T02:57:03,34.0,GitHubActions,2022-10-04 06:33:54+00:00,47.55555555555556,0.4375,0.0187793427230046,0.2511737089201878,1704,5.32,73.35575485799701,high,low,GitHubActions,Python,5,open_issue_ratio=high | project_age_days=low | ci_type=GitHubActions | mainLanguage=Python,PGaI
winder/universal-g-code-sender,master,70495.0,33.0,3253.0,168.0,1998.0,71.0,2012-06-26 10:30:07+00:00,1647.0,175.0,Java,2025-04-26T04:59:20,775.0,TravisCI,2016-01-18 13:15:10+00:00,45.816901408450704,0.1062537947783849,0.339938080495356,0.6714138286893705,4845,151.37,4.790017885879594,low,high,TravisCI,Java,10,open_issue_ratio=low | project_age_days=high | ci_type=TravisCI | mainLanguage=Java,JTAi
sanders41/sas7bdat-converter,main,1730.0,44.0,1346.0,2.0,21.0,7.0,2018-05-27 11:34:43+00:00,17.0,2.0,Python,2025-04-27T09:47:31,666.0,TravisCI,2020-07-16 14:44:22+00:00,192.28571428571428,0.1176470588235294,0.0063338301043219,0.5014903129657228,2684,48.36,84.47259870359458,low,low,TravisCI,Python,15,open_issue_ratio=low | project_age_days=low | ci_type=TravisCI | mainLanguage=Python,PTai
ehrbase/ehrbase,develop,87050.0,56.0,4253.0,23.0,300.0,61.0,2019-10-08 08:54:57+00:00,381.0,47.0,Java,2025-04-14T05:56:20,1086.0,GitHubActions,2021-09-06 09:28:18+00:00,69.72131147540983,0.1233595800524934,0.174370709382151,1.9464530892448515,2185,126.83,4.450895798080525,low,low,GitHubActions,Java,12,open_issue_ratio=low | project_age_days=low | ci_type=GitHubActions | mainLanguage=Java,JGai
dzieciou/curl-logger,master,354.0,20.0,292.0,6.0,65.0,8.0,2016-03-01 07:39:06+00:00,47.0,7.0,Java,2024-03-12T07:12:14,117.0,TravisCI,2017-07-22 13:56:41+00:00,36.5,0.1489361702127659,0.0134247357897743,0.0834047415024278,3501,127.06,89.3254262416605,low,low,TravisCI,Java,14,open_issue_ratio=low | project_age_days=low | ci_type=TravisCI | mainLanguage=Java,JTai
spring-projects/spring-session,main,24237.0,92.0,3220.0,147.0,1886.0,108.0,2014-06-20 09:16:58+00:00,2237.0,198.0,Java,2025-04-22T08:46:15,1147.0,TravisCI,2016-03-14 15:58:51+00:00,29.814814814814813,0.0885113991953509,0.5428294103372968,0.7813637466634312,4121,87.03,71.95294010558894,low,high,TravisCI,Java,10,open_issue_ratio=low | project_age_days=high | ci_type=TravisCI | mainLanguage=Java,JTAi
wildmeorg/wildbook,main,883679.0,39.0,14013.0,15.0,113.0,77.0,2016-07-12 10:09:20+00:00,360.0,119.0,Java,2025-04-25T10:07:23,738.0,GitHubActions,2020-07-28 17:29:52+00:00,181.98701298701292,0.3305555555555555,0.1068883610451306,4.16062945368171,3368,103.97,0.6720282289295049,low,low,GitHubActions,Java,12,open_issue_ratio=low | project_age_days=low | ci_type=GitHubActions | mainLanguage=Java,JGai
twireapp/twire,master,39649.0,35.0,730.0,22.0,1124.0,38.0,2019-03-24 12:12:09+00:00,349.0,100.0,Java,2025-04-10T01:34:36,93.0,GitHubActions,2021-04-11 10:19:41+00:00,19.21052631578948,0.2865329512893982,0.146454049517415,0.3063365505665128,2383,224.24,0.7043601424032462,low,low,GitHubActions,Java,12,open_issue_ratio=low | project_age_days=low | ci_type=GitHubActions | mainLanguage=Java,JGai
modesty/pdf2json,master,127130.0,27.0,372.0,51.0,2039.0,57.0,2012-11-09 06:21:24+00:00,261.0,97.0,Java,2025-01-21T12:29:33,118.0,TravisCI,2016-09-11 17:48:49+00:00,6.526315789473684,0.3716475095785441,0.0554257804204714,0.0789976640475684,4709,441.4,0.0,high,high,TravisCI,Java,2,open_issue_ratio=high | project_age_days=high | ci_type=TravisCI | mainLanguage=Java,JTAI
b2ihealthcare/snow-owl,9.x,563240.0,160.0,16326.0,12.0,270.0,43.0,2015-01-09 11:31:14+00:00,93.0,3.0,Java,2025-04-16T05:25:05,1272.0,TravisCI,2018-09-11 15:36:47+00:00,379.6744186046512,0.032258064516129,0.0237366003062787,4.166921898928025,3918,119.8,32.08089620303361,low,high,TravisCI,Java,10,open_issue_ratio=low | project_age_days=high | ci_type=TravisCI | mainLanguage=Java,JTAi
smallrye/smallrye-jwt,main,1757.0,41.0,726.0,13.0,74.0,40.0,2018-05-25 08:19:37+00:00,187.0,15.0,Java,2025-04-16T09:45:41,667.0,GitHubActions,2020-03-20 16:16:44+00:00,18.15,0.0802139037433155,0.0696202531645569,0.2702903946388682,2686,81.41,54.583872946629405,low,low,GitHubActions,Java,12,open_issue_ratio=low | project_age_days=low | ci_type=GitHubActions | mainLanguage=Java,JGai
pph-collective/titan,main,112014.0,31.0,1652.0,5.0,15.0,12.0,2017-01-28 10:32:30+00:00,79.0,20.0,Python,2024-06-20T06:46:26,167.0,GitHubActions,2019-09-24 18:40:01+00:00,137.66666666666666,0.2531645569620253,0.0249368686868686,0.5214646464646465,3168,109.9,19.541908595447584,low,low,GitHubActions,Python,13,open_issue_ratio=low | project_age_days=low | ci_type=GitHubActions | mainLanguage=Python,PGai
pext/pext,master,13307.0,39.0,2300.0,14.0,405.0,68.0,2016-01-06 06:16:31+00:00,151.0,34.0,Python,2024-09-17T06:30:01,388.0,TravisCI,2017-11-05 20:32:49+00:00,33.8235294117647,0.2251655629139073,0.0424634420697412,0.6467941507311586,3556,125.7,0.1540389535794475,low,high,TravisCI,Python,11,open_issue_ratio=low | project_age_days=high | ci_type=TravisCI | mainLanguage=Python,PTAi
mrcrayfish/configured,multiloader/1.21.5,1519.0,31.0,469.0,3.0,65.0,23.0,2021-03-19 03:58:54+00:00,111.0,33.0,Java,2025-04-12T05:42:45,53.0,GitHubActions,2024-02-05 12:22:30+00:00,20.39130434782609,0.2972972972972973,0.0669885334942667,0.2830416415208208,1657,25.72,3.621429904797461,low,low,GitHubActions,Java,12,open_issue_ratio=low | project_age_days=low | ci_type=GitHubActions | mainLanguage=Java,JGai
pusher/pusher-http-python,master,675.0,22.0,446.0,23.0,377.0,69.0,2010-04-28 11:07:18+00:00,76.0,4.0,Python,2025-01-21T10:44:04,162.0,TravisCI,2014-09-01 12:11:47+00:00,6.463768115942029,0.0526315789473684,0.0134871339840283,0.079148181011535,5635,254.64,45.525291828793776,low,high,TravisCI,Python,11,open_issue_ratio=low | project_age_days=high | ci_type=TravisCI | mainLanguage=Python,PTAi
javamelody/javamelody,master,114398.0,62.0,3782.0,222.0,2998.0,,2015-06-21 04:32:48+00:00,1007.0,36.0,Java,2025-03-26T08:47:16,187.0,TravisCI,2019-12-27 19:03:41+00:00,,0.0357497517378351,0.2681757656458056,1.007190412782956,3755,0.0,18.56026004531812,low,high,TravisCI,Java,10,open_issue_ratio=low | project_age_days=high | ci_type=TravisCI | mainLanguage=Java,JTAi
valkryst/schillsaver,master,2596.0,20.0,875.0,10.0,80.0,4.0,2015-11-03 06:26:56+00:00,29.0,1.0,Java,2025-04-16T03:28:18,96.0,GitHubActions,2023-03-09 16:55:19+00:00,218.75,0.0344827586206896,0.0080110497237569,0.2417127071823204,3620,100.94,0.0,low,high,GitHubActions,Java,8,open_issue_ratio=low | project_age_days=high | ci_type=GitHubActions | mainLanguage=Java,JGAi
bluesky/event-model,main,85212.0,29.0,1018.0,12.0,19.0,53.0,2015-12-17 04:48:02+00:00,104.0,44.0,Python,2025-04-15T01:24:08,249.0,TravisCI,2018-10-12 18:52:32+00:00,19.20754716981132,0.4230769230769231,0.029082774049217,0.284675615212528,3576,51.05,25.336374002280504,high,high,TravisCI,Python,3,open_issue_ratio=high | project_age_days=high | ci_type=TravisCI | mainLanguage=Python,PTAI
epispot/epispot,main,6286.0,15.0,113.0,3.0,15.0,3.0,2020-07-17 09:22:16+00:00,52.0,2.0,Python,2024-02-16T05:21:34,188.0,GitHubActions,2022-08-21 02:31:06+00:00,37.66666666666666,0.0384615384615384,0.0273396424815983,0.0594111461619348,1902,68.09,20.97976570820021,low,low,GitHubActions,Python,13,open_issue_ratio=low | project_age_days=low | ci_type=GitHubActions | mainLanguage=Python,PGai
oras-project/oras-py,main,3098.0,35.0,159.0,7.0,42.0,32.0,2021-04-28 05:24:31+00:00,57.0,28.0,Python,2025-04-25T12:42:48,134.0,GitHubActions,2022-05-25 03:03:21+00:00,4.96875,0.4912280701754385,0.0352504638218923,0.098330241187384,1617,52.61,16.87831909489725,high,low,GitHubActions,Python,5,open_issue_ratio=high | project_age_days=low | ci_type=GitHubActions | mainLanguage=Python,PGaI
fau-advanced-separations/cadet-process,dev,4482.0,20.0,1006.0,4.0,28.0,15.0,2019-11-23 01:21:43+00:00,110.0,53.0,Python,2025-04-24T08:58:50,151.0,GitHubActions,2021-09-23 15:54:57+00:00,67.06666666666666,0.4818181818181818,0.0514258999532491,0.4703132304815334,2139,129.31,36.52615994860192,high,low,GitHubActions,Python,5,open_issue_ratio=high | project_age_days=low | ci_type=GitHubActions | mainLanguage=Python,PGaI
pypsa/pypsa,master,49545.0,70.0,2953.0,71.0,1490.0,105.0,2016-01-11 09:04:18+00:00,394.0,82.0,Python,2025-04-25T02:59:22,805.0,TravisCI,2017-12-01 14:42:23+00:00,28.123809523809523,0.2081218274111675,0.1109546606589693,0.8315967333145593,3551,159.4,18.64015490020852,low,high,TravisCI,Python,11,open_issue_ratio=low | project_age_days=high | ci_type=TravisCI | mainLanguage=Python,PTAi
ome/openmicroscopy,develop,1985418.0,20.0,48809.0,29.0,210.0,97.0,2011-08-18 02:26:02+00:00,84.0,25.0,Java,2025-04-02T04:34:29,6342.0,TravisCI,2013-02-16 16:10:06+00:00,503.1855670103093,0.2976190476190476,0.016285381930981,9.462776269872045,5158,77.14,64.91233803369227,low,high,TravisCI,Java,10,open_issue_ratio=low | project_age_days=high | ci_type=TravisCI | mainLanguage=Java,JTAi
grapheneos/auditor,main,2387.0,88.0,959.0,27.0,523.0,27.0,2018-01-30 03:08:48+00:00,111.0,21.0,Java,2025-04-21T03:42:48,170.0,GitHubActions,2020-12-21 23:05:17+00:00,35.51851851851852,0.1891891891891892,0.0396287040342734,0.3423777222420564,2801,189.05,56.38860887096774,low,low,GitHubActions,Java,12,open_issue_ratio=low | project_age_days=low | ci_type=GitHubActions | mainLanguage=Java,JGai
adobe/aem-core-wcm-components,main,30365.0,76.0,2845.0,124.0,754.0,143.0,2015-12-01 11:25:24+00:00,1498.0,443.0,Java,2025-04-24T11:05:02,1343.0,TravisCI,2017-05-30 18:32:24+00:00,19.895104895104897,0.2957276368491321,0.4170378619153674,0.7920378619153675,3592,81.42,23.291982681855867,low,high,TravisCI,Java,10,open_issue_ratio=low | project_age_days=high | ci_type=TravisCI | mainLanguage=Java,JTAi
rosemoe/sora-editor,main,13447.0,74.0,2162.0,27.0,1056.0,37.0,2020-02-04 07:50:29+00:00,294.0,32.0,Java,2025-04-23T02:06:39,364.0,GitHubActions,2021-10-15 15:46:09+00:00,58.43243243243244,0.1088435374149659,0.1423039690222652,1.046466602129719,2066,46.12,0.8566985809707295,low,low,GitHubActions,Java,12,open_issue_ratio=low | project_age_days=low | ci_type=GitHubActions | mainLanguage=Java,JGai
mlb-led-scoreboard/mlb-led-scoreboard,master,25342.0,82.0,839.0,47.0,619.0,25.0,2018-01-23 01:18:03+00:00,264.0,7.0,Python,2025-04-10T05:08:06,316.0,GitHubActions,2023-03-01 03:56:17+00:00,33.56,0.0265151515151515,0.094017094017094,0.2987891737891738,2808,202.86,14.660438375853396,low,low,GitHubActions,Python,13,open_issue_ratio=low | project_age_days=low | ci_type=GitHubActions | mainLanguage=Python,PGai
ansible-collections/cisco.nxos,main,5498.0,19.0,645.0,10.0,124.0,52.0,2020-02-13 06:22:54+00:00,349.0,79.0,Python,2025-04-17T06:47:54,600.0,GitHubActions,2022-05-24 11:59:42+00:00,12.403846153846152,0.2263610315186246,0.1696645600388915,0.3135634419056879,2057,91.64,37.02692198611359,low,low,GitHubActions,Python,13,open_issue_ratio=low | project_age_days=low | ci_type=GitHubActions | mainLanguage=Python,PGai
cucumber/cucumber-eclipse,main,95626.0,38.0,627.0,91.0,192.0,57.0,2012-11-06 10:29:33+00:00,307.0,44.0,Java,2024-10-12T03:05:08,208.0,TravisCI,2018-12-28 19:04:35+00:00,11.0,0.1433224755700325,0.0651528013582343,0.1330645161290322,4712,543.96,12.352870526062937,low,high,TravisCI,Java,10,open_issue_ratio=low | project_age_days=high | ci_type=TravisCI | mainLanguage=Java,JTAi
finos/common-domain-model,master,105282.0,598.0,6074.0,30.0,166.0,108.0,2018-02-08 11:42:16+00:00,545.0,78.0,Java,2025-04-24T03:34:02,3057.0,GitHubActions,2023-02-14 13:29:58+00:00,56.24074074074074,0.1431192660550458,0.1952005730659025,2.1755014326647566,2792,99.99,0.9157184456472508,low,low,GitHubActions,Java,12,open_issue_ratio=low | project_age_days=low | ci_type=GitHubActions | mainLanguage=Java,JGai
junrar/junrar,master,13825.0,17.0,405.0,16.0,293.0,27.0,2012-09-04 01:14:45+00:00,49.0,1.0,Java,2025-02-21T03:07:50,132.0,TravisCI,2018-12-16 15:45:52+00:00,15.0,0.0204081632653061,0.010261780104712,0.0848167539267015,4775,149.22,0.06798414698455,low,high,TravisCI,Java,10,open_issue_ratio=low | project_age_days=high | ci_type=TravisCI | mainLanguage=Java,JTAi
cekit/cekit,develop,3299.0,74.0,1235.0,12.0,107.0,24.0,2017-08-31 01:47:13+00:00,445.0,29.0,Python,2025-02-20T10:17:30,482.0,TravisCI,2019-06-10 08:17:08+00:00,51.458333333333336,0.0651685393258427,0.1506942092786996,0.4182187605824585,2953,156.04,74.53377794244783,low,low,TravisCI,Python,15,open_issue_ratio=low | project_age_days=low | ci_type=TravisCI | mainLanguage=Python,PTai
titivermeesch/commandtimer,main,2507.0,60.0,268.0,2.0,28.0,5.0,2018-11-27 01:30:18+00:00,172.0,23.0,Java,2025-03-11T07:40:29,134.0,GitHubActions,2022-04-09 18:25:10+00:00,53.6,0.1337209302325581,0.0688,0.1072,2500,128.01,1.2921414307529662,low,low,GitHubActions,Java,12,open_issue_ratio=low | project_age_days=low | ci_type=GitHubActions | mainLanguage=Java,JGai
museumsvictoria/nodel,dev,2770.0,35.0,519.0,12.0,64.0,,2014-03-06 06:36:42+00:00,253.0,64.0,Java,2025-04-15T05:56:08,79.0,TravisCI,2015-10-05 07:24:20+00:00,,0.2529644268774703,0.0598533238703572,0.1227821149751596,4227,0.0,4.1760542545686254,low,high,TravisCI,Java,10,open_issue_ratio=low | project_age_days=high | ci_type=TravisCI | mainLanguage=Java,JTAi
42bv/beanmapper,master,2382.0,27.0,391.0,19.0,29.0,17.0,2015-05-04 09:30:18+00:00,117.0,13.0,Java,2024-11-26T10:52:35,95.0,TravisCI,2016-11-29 10:51:18+00:00,23.0,0.1111111111111111,0.0307651853799631,0.1028135682356034,3803,189.26,64.58250440516115,low,high,TravisCI,Java,10,open_issue_ratio=low | project_age_days=high | ci_type=TravisCI | mainLanguage=Java,JTAi
auth0/lock.android,main,6647.0,66.0,1312.0,51.0,145.0,31.0,2014-12-02 10:13:43+00:00,191.0,3.0,Java,2024-10-09T07:04:03,473.0,TravisCI,2016-01-28 20:24:32+00:00,42.32258064516129,0.0157068062827225,0.0482810920121334,0.3316481294236603,3956,51.32,43.36333276730628,low,high,TravisCI,Java,10,open_issue_ratio=low | project_age_days=high | ci_type=TravisCI | mainLanguage=Java,JTAi
wrensecurity/wrenidm,main,111561.0,14.0,7635.0,12.0,42.0,89.0,2017-06-26 07:28:57+00:00,95.0,33.0,Java,2025-04-23T01:12:09,118.0,GitHubActions,2020-11-25 19:52:29+00:00,85.78651685393258,0.3473684210526316,0.031467373302418,2.5289831069890694,3019,464.34,11.714703787134908,low,low,GitHubActions,Java,12,open_issue_ratio=low | project_age_days=low | ci_type=GitHubActions | mainLanguage=Java,JGai
archlinux/archinstall,master,14747.0,79.0,4009.0,73.0,6781.0,262.0,2018-04-06 04:07:40+00:00,1438.0,166.0,Python,2025-04-27T03:03:22,1873.0,GitHubActions,2021-03-22 12:58:35+00:00,15.301526717557252,0.1154381084840055,0.5257769652650822,1.4658135283363802,2735,98.81,0.8346833838134816,low,low,GitHubActions,Python,13,open_issue_ratio=low | project_age_days=low | ci_type=GitHubActions | mainLanguage=Python,PGai
smallrye/smallrye-mutiny-vertx-bindings,main,144622.0,76.0,1922.0,8.0,81.0,19.0,2019-03-04 02:39:38+00:00,72.0,11.0,Java,2025-04-25T08:48:34,1024.0,GitHubActions,2020-05-20 22:12:44+00:00,101.15789473684212,0.1527777777777778,0.0299625468164794,0.7998335414065751,2403,85.84,56.61062829462886,low,low,GitHubActions,Java,12,open_issue_ratio=low | project_age_days=low | ci_type=GitHubActions | mainLanguage=Java,JGai
mrcrayfish/backpacked,multiloader/1.21.1,3080.0,18.0,576.0,4.0,90.0,15.0,2019-12-26 12:26:15+00:00,197.0,58.0,Java,2025-04-26T09:25:23,43.0,GitHubActions,2023-08-07 11:25:43+00:00,38.4,0.2944162436548223,0.0935422602089268,0.2735042735042735,2106,41.68,0.0,low,low,GitHubActions,Java,12,open_issue_ratio=low | project_age_days=low | ci_type=GitHubActions | mainLanguage=Java,JGai
pgjdbc/pgjdbc,master,45705.0,59.0,3750.0,89.0,1577.0,326.0,2012-02-06 07:30:35+00:00,1329.0,399.0,Java,2025-04-25T12:06:09,2170.0,TravisCI,2014-03-23 17:48:32+00:00,11.503067484662576,0.3002257336343115,0.266546329723225,0.7521058965102286,4986,252.18,46.15781112688433,low,high,TravisCI,Java,10,open_issue_ratio=low | project_age_days=high | ci_type=TravisCI | mainLanguage=Java,JTAi
glotzerlab/signac,main,7537.0,15.0,2591.0,12.0,132.0,42.0,2019-01-30 11:37:23+00:00,262.0,9.0,Python,2025-04-25T10:52:40,760.0,GitHubActions,2021-02-01 19:13:40+00:00,61.69047619047619,0.0343511450381679,0.1075533661740558,1.0636288998357963,2436,119.26,59.83755606740211,low,low,GitHubActions,Python,13,open_issue_ratio=low | project_age_days=low | ci_type=GitHubActions | mainLanguage=Python,PGai
daveleroy/sublimedebugger,master,10067.0,49.0,897.0,10.0,378.0,23.0,2018-10-28 06:53:56+00:00,236.0,23.0,Python,2024-12-22T12:34:33,48.0,GitHubActions,2022-10-23 02:37:26+00:00,39.0,0.097457627118644,0.0932806324110672,0.3545454545454545,2530,139.22,9.68014762417346,low,low,GitHubActions,Python,13,open_issue_ratio=low | project_age_days=low | ci_type=GitHubActions | mainLanguage=Python,PGai
openml/openml-python,develop,203817.0,14.0,1701.0,21.0,291.0,56.0,2014-03-20 10:46:41+00:00,588.0,121.0,Python,2025-03-19T12:54:31,790.0,TravisCI,2015-09-02 13:42:11+00:00,30.375,0.20578231292517,0.1395680037977688,0.4037502967006883,4213,232.41,5.604263535345575,low,high,TravisCI,Python,11,open_issue_ratio=low | project_age_days=high | ci_type=TravisCI | mainLanguage=Python,PTAi
django-ordered-model/django-ordered-model,master,547.0,14.0,414.0,14.0,735.0,66.0,2010-01-24 02:32:27+00:00,136.0,13.0,Python,2024-11-15T03:16:07,198.0,TravisCI,2012-11-15 00:56:44+00:00,6.2727272727272725,0.0955882352941176,0.0237388724035608,0.0722639204049572,5729,447.16,64.54760496747487,low,high,TravisCI,Python,11,open_issue_ratio=low | project_age_days=high | ci_type=TravisCI | mainLanguage=Python,PTAi
sladkoff/minecraft-prometheus-exporter,master,2929.0,22.0,513.0,8.0,466.0,30.0,2017-02-08 08:42:08+00:00,83.0,7.0,Java,2025-03-06T08:46:27,206.0,GitHubActions,2020-05-07 21:48:31+00:00,17.1,0.0843373493975903,0.0262907823883433,0.162496040544821,3157,112.65,4.979279166143414,low,low,GitHubActions,Java,12,open_issue_ratio=low | project_age_days=low | ci_type=GitHubActions | mainLanguage=Java,JGai
dell/dell-recovery,master,26535.0,40.0,1752.0,19.0,97.0,42.0,2016-03-11 08:58:17+00:00,35.0,6.0,Python,2024-04-24T05:20:57,157.0,TravisCI,2017-06-08 16:15:25+00:00,41.71428571428572,0.1714285714285714,0.0100257805786307,0.5018619306788886,3491,25.98,7.770760433558078,low,low,TravisCI,Python,15,open_issue_ratio=low | project_age_days=low | ci_type=TravisCI | mainLanguage=Python,PTai
sonatype/nexus-public,main,164004.0,145.0,5219.0,119.0,2082.0,109.0,2015-07-31 11:42:41+00:00,487.0,245.0,Java,2025-02-04T08:23:41,128.0,GitHubActions,2024-01-22 19:41:45+00:00,47.88073394495413,0.5030800821355236,0.1310901749663526,1.4048452220726784,3715,65.08,24.646487003644907,high,high,GitHubActions,Java,0,open_issue_ratio=high | project_age_days=high | ci_type=GitHubActions | mainLanguage=Java,JGAI
megamek/megameklab,master,544198.0,89.0,5707.0,36.0,91.0,58.0,2015-08-16 02:39:10+00:00,996.0,72.0,Java,2025-04-26T02:21:25,756.0,GitHubActions,2020-03-30 02:15:15+00:00,98.39655172413794,0.072289156626506,0.2692619626926196,1.5428494187618276,3699,111.54,0.0640409407628397,low,high,GitHubActions,Java,8,open_issue_ratio=low | project_age_days=high | ci_type=GitHubActions | mainLanguage=Java,JGAi
smallrye/smallrye-context-propagation,main,918.0,17.0,504.0,6.0,29.0,14.0,2018-09-12 01:05:19+00:00,34.0,5.0,Java,2025-04-14T07:21:33,458.0,GitHubActions,2020-05-19 19:21:55+00:00,36.0,0.1470588235294117,0.0131987577639751,0.1956521739130435,2576,23.38,49.27551903114187,low,low,GitHubActions,Java,12,open_issue_ratio=low | project_age_days=low | ci_type=GitHubActions | mainLanguage=Java,JGai
sathyabhat/spotify-dl,master,1372.0,32.0,218.0,23.0,1686.0,53.0,2015-12-28 06:49:30+00:00,169.0,24.0,Python,2024-07-12T07:36:07,157.0,GitHubActions,2020-02-17 14:39:28+00:00,4.113207547169812,0.1420118343195266,0.0474053295932678,0.0611500701262272,3565,118.84,35.534774985388665,low,high,GitHubActions,Python,9,open_issue_ratio=low | project_age_days=high | ci_type=GitHubActions | mainLanguage=Python,PGAi
edunext/eox-core,master,2023.0,65.0,736.0,6.0,15.0,49.0,2018-07-18 08:54:39+00:00,17.0,4.0,Python,2025-03-07T08:13:23,301.0,GitHubActions,2022-02-17 18:59:54+00:00,15.020408163265309,0.2352941176470588,0.0064589665653495,0.2796352583586626,2632,104.07,52.354857819905206,low,low,GitHubActions,Python,13,open_issue_ratio=low | project_age_days=low | ci_type=GitHubActions | mainLanguage=Python,PGai
facelessuser/brackethighlighter,master,5644.0,53.0,884.0,75.0,1745.0,63.0,2011-09-16 06:51:35+00:00,498.0,9.0,Python,2025-02-27T04:55:12,140.0,TravisCI,2015-05-12 21:19:05+00:00,14.031746031746032,0.0180722891566265,0.0970949502827061,0.1723532852407877,5129,29.66,4.207221350078493,low,high,TravisCI,Python,11,open_issue_ratio=low | project_age_days=high | ci_type=TravisCI | mainLanguage=Python,PTAi
ebourg/jsign,master,3388.0,15.0,956.0,13.0,307.0,39.0,2012-05-21 09:53:40+00:00,175.0,34.0,Java,2025-04-25T04:41:07,77.0,TravisCI,2016-03-12 21:47:55+00:00,24.512820512820515,0.1942857142857142,0.0358533087482073,0.1958615037902069,4881,183.88,52.83378636050144,low,high,TravisCI,Java,10,open_issue_ratio=low | project_age_days=high | ci_type=TravisCI | mainLanguage=Java,JTAi
wso2/carbon-kernel,master,88541.0,91.0,2614.0,293.0,149.0,82.0,2014-01-23 04:23:41+00:00,367.0,134.0,Java,2025-03-14T02:57:39,3897.0,GitHubActions,2021-06-15 10:55:31+00:00,31.87804878048781,0.3651226158038147,0.0859686109159053,0.6123213867416257,4269,130.62,47.69491187892064,high,high,GitHubActions,Java,0,open_issue_ratio=high | project_age_days=high | ci_type=GitHubActions | mainLanguage=Java,JGAI
aws-ia/taskcat,main,8007.0,66.0,2059.0,38.0,1180.0,,2016-11-15 12:29:01+00:00,351.0,31.0,Python,2025-04-07T03:37:15,500.0,TravisCI,2018-09-14 01:16:59+00:00,,0.0883190883190883,0.108266502159161,0.635101789019124,3242,0.0,27.359572029040883,low,low,TravisCI,Python,15,open_issue_ratio=low | project_age_days=low | ci_type=TravisCI | mainLanguage=Python,PTai
waikato/moa,master,32216.0,16.0,1330.0,54.0,612.0,78.0,2014-05-02 05:44:33+00:00,86.0,18.0,Java,2024-09-19T08:32:50,224.0,TravisCI,2016-03-21 16:20:34+00:00,17.05128205128205,0.2093023255813953,0.0206235011990407,0.3189448441247002,4170,276.59,8.578182187881254,low,high,TravisCI,Java,10,open_issue_ratio=low | project_age_days=high | ci_type=TravisCI | mainLanguage=Java,JTAi
jenkinsci/jira-plugin,master,10281.0,32.0,1584.0,102.0,171.0,124.0,2010-12-13 05:42:51+00:00,29.0,10.0,Java,2025-04-23T10:19:51,617.0,TravisCI,2015-09-03 13:37:07+00:00,12.774193548387096,0.3448275862068966,0.0053644099149093,0.293007769145394,5406,318.89,43.37797619047619,low,high,TravisCI,Java,10,open_issue_ratio=low | project_age_days=high | ci_type=TravisCI | mainLanguage=Java,JTAi
hydrusnetwork/hydrus,master,160552.0,533.0,1193.0,69.0,2589.0,27.0,2013-02-19 08:08:04+00:00,1521.0,706.0,Python,2025-04-23T08:18:44,186.0,GitHubActions,2021-04-14 04:19:32+00:00,44.18518518518518,0.4641683103221565,0.3301497720859561,0.2589537660082483,4607,329.98,19.41399152029073,high,high,GitHubActions,Python,1,open_issue_ratio=high | project_age_days=high | ci_type=GitHubActions | mainLanguage=Python,PGAI
clevertap/apns-http2,master,228.0,13.0,170.0,34.0,216.0,16.0,2016-01-19 09:41:35+00:00,59.0,19.0,Java,2024-12-01T07:09:59,56.0,TravisCI,2017-06-08 06:57:05+00:00,10.625,0.3220338983050847,0.0166525543324865,0.0479819362122495,3543,36.24,26.417445482866043,low,high,TravisCI,Java,10,open_issue_ratio=low | project_age_days=high | ci_type=TravisCI | mainLanguage=Java,JTAi
grapheneos/pdfviewer,main,4507.0,28.0,619.0,25.0,720.0,27.0,2017-01-16 09:20:40+00:00,107.0,34.0,Java,2025-04-23T10:03:40,368.0,GitHubActions,2020-12-21 23:06:32+00:00,22.925925925925927,0.3177570093457944,0.0336477987421383,0.1946540880503144,3180,200.13,0.0,low,low,GitHubActions,Java,12,open_issue_ratio=low | project_age_days=low | ci_type=GitHubActions | mainLanguage=Java,JGai
terraformersmc/modmenu,1.21.5,2894.0,167.0,742.0,9.0,535.0,96.0,2018-11-11 10:32:57+00:00,472.0,102.0,Java,2025-03-25T06:28:36,363.0,GitHubActions,2021-02-11 02:54:34+00:00,7.729166666666667,0.2161016949152542,0.1875993640699523,0.294912559618442,2516,56.33,0.0,low,low,GitHubActions,Java,12,open_issue_ratio=low | project_age_days=low | ci_type=GitHubActions | mainLanguage=Java,JGai
festim-dev/festim,main,60703.0,35.0,2989.0,5.0,101.0,39.0,2018-10-22 12:44:44+00:00,414.0,40.0,Python,2025-04-10T04:57:09,563.0,GitHubActions,2021-04-17 09:30:04+00:00,76.64102564102564,0.0966183574879227,0.1632492113564669,1.178627760252366,2536,112.57,83.69697894415624,low,low,GitHubActions,Python,13,open_issue_ratio=low | project_age_days=low | ci_type=GitHubActions | mainLanguage=Python,PGai
anaelmobilia/nextinpact-unofficial,main,19567.0,74.0,1588.0,5.0,16.0,5.0,2013-12-14 09:21:13+00:00,297.0,2.0,Java,2025-01-22T12:55:16,24.0,TravisCI,2015-03-01 15:13:01+00:00,317.6,0.0067340067340067,0.0689255047574843,0.3685309816662799,4309,113.43,0.0,low,high,TravisCI,Java,10,open_issue_ratio=low | project_age_days=high | ci_type=TravisCI | mainLanguage=Java,JTAi
nipy/heudiconv,master,11971.0,37.0,1789.0,18.0,246.0,60.0,2015-09-17 10:34:11+00:00,444.0,183.0,Python,2025-03-25T01:43:57,374.0,TravisCI,2016-09-17 03:37:04+00:00,29.816666666666663,0.4121621621621621,0.1210799018271066,0.48786473956913,3667,180.66,46.46771037181996,high,high,TravisCI,Python,3,open_issue_ratio=high | project_age_days=high | ci_type=TravisCI | mainLanguage=Python,PTAI
anaconda-platform/anaconda-client,master,2173.0,52.0,1388.0,48.0,142.0,75.0,2013-03-27 09:52:37+00:00,368.0,87.0,Python,2024-02-26T12:22:51,329.0,TravisCI,2016-07-29 15:37:54+00:00,18.506666666666668,0.2364130434782608,0.0805075475825858,0.3036534675125793,4571,227.39,29.13047075370233,low,high,TravisCI,Python,11,open_issue_ratio=low | project_age_days=high | ci_type=TravisCI | mainLanguage=Python,PTAi
cadet/cadet-python,master,244.0,18.0,131.0,10.0,19.0,8.0,2017-06-23 07:48:33+00:00,21.0,7.0,Python,2025-04-23T12:35:19,35.0,GitHubActions,2022-02-18 10:45:08+00:00,16.375,0.3333333333333333,0.0069490403706154,0.043348775645268,3022,385.02,52.14440825190011,low,low,GitHubActions,Python,13,open_issue_ratio=low | project_age_days=low | ci_type=GitHubActions | mainLanguage=Python,PGai
camunda-community-hub/zeebe-simple-monitor,main,21016.0,46.0,1171.0,16.0,172.0,38.0,2016-11-15 07:28:59+00:00,162.0,19.0,Java,2025-02-16T01:23:39,619.0,GitHubActions,2021-05-14 04:43:26+00:00,30.81578947368421,0.1172839506172839,0.0499691548426897,0.3611967921036397,3242,139.46,2.7661584131696126,low,low,GitHubActions,Java,12,open_issue_ratio=low | project_age_days=low | ci_type=GitHubActions | mainLanguage=Java,JGai
mapstruct/mapstruct,main,10936.0,35.0,1765.0,139.0,7225.0,159.0,2012-05-28 12:42:42+00:00,2405.0,424.0,Java,2025-01-24T01:41:35,1150.0,TravisCI,2017-04-06 19:22:38+00:00,11.10062893081761,0.1762993762993763,0.4934345506770619,0.3621255642183011,4874,141.41,110.01030373622436,low,high,TravisCI,Java,10,open_issue_ratio=low | project_age_days=high | ci_type=TravisCI | mainLanguage=Java,JTAi
cryptosharks131/lndg,master,3015.0,27.0,803.0,18.0,235.0,26.0,2021-03-13 11:09:27+00:00,145.0,31.0,Python,2025-04-26T02:32:37,248.0,GitHubActions,2022-08-27 00:56:46+00:00,30.884615384615383,0.2137931034482758,0.0871918220084185,0.4828622970535177,1663,61.09,0.0,low,low,GitHubActions,Python,13,open_issue_ratio=low | project_age_days=low | ci_type=GitHubActions | mainLanguage=Python,PGai
leonardehrenfried/jspc-maven-plugin,master,1403.0,20.0,725.0,8.0,30.0,17.0,2011-05-19 04:08:59+00:00,26.0,10.0,Java,2025-04-01T02:28:48,240.0,TravisCI,2017-07-07 07:28:02+00:00,42.64705882352941,0.3846153846153846,0.004953324442751,0.1381215469613259,5249,187.18,13.48314606741573,high,high,TravisCI,Java,2,open_issue_ratio=high | project_age_days=high | ci_type=TravisCI | mainLanguage=Java,JTAI
okta/okta-sdk-python,master,5920.0,22.0,574.0,238.0,252.0,37.0,2015-05-08 08:55:50+00:00,172.0,35.0,Python,2025-04-16T11:47:28,269.0,TravisCI,2017-03-02 19:59:37+00:00,15.513513513513514,0.2034883720930232,0.0452750723874703,0.1510923927349302,3799,216.84,15.136525524337156,low,high,TravisCI,Python,11,open_issue_ratio=low | project_age_days=high | ci_type=TravisCI | mainLanguage=Python,PTAi
sockless-coding/panasonic_cc,master,501.0,80.0,375.0,8.0,192.0,20.0,2020-05-01 08:19:03+00:00,281.0,20.0,Python,2025-01-12T08:03:14,98.0,GitHubActions,2024-09-22 14:10:00+00:00,18.75,0.0711743772241993,0.1419909044972208,0.1894896412329459,1979,225.31,0.0,low,low,GitHubActions,Python,13,open_issue_ratio=low | project_age_days=low | ci_type=GitHubActions | mainLanguage=Python,PGai
uqfoundation/dill,master,1583.0,27.0,1043.0,24.0,2341.0,,2013-06-28 04:42:27+00:00,521.0,166.0,Python,2025-04-18T02:04:06,192.0,TravisCI,2016-12-27 17:51:50+00:00,,0.3186180422264875,0.1163465832961143,0.2329164805716838,4478,0.0,51.37989298789073,low,high,TravisCI,Python,11,open_issue_ratio=low | project_age_days=high | ci_type=TravisCI | mainLanguage=Python,PTAi
dfir-iris/iris-web,master,33487.0,37.0,4572.0,31.0,1181.0,48.0,2021-12-20 08:19:15+00:00,473.0,224.0,Python,2025-02-27T04:06:37,273.0,GitHubActions,2024-02-07 07:20:04+00:00,95.25,0.4735729386892177,0.3425054308472122,3.310644460535844,1381,73.1,3.351489840340774,high,low,GitHubActions,Python,5,open_issue_ratio=high | project_age_days=low | ci_type=GitHubActions | mainLanguage=Python,PGaI
cloudflare/cloudflare-access-for-atlassian,master,423.0,17.0,112.0,17.0,48.0,12.0,2018-05-06 09:10:34+00:00,41.0,4.0,Java,2025-03-03T07:01:02,59.0,GitHubActions,2021-11-11 00:54:43+00:00,9.333333333333334,0.0975609756097561,0.0151571164510166,0.0414048059149722,2705,38.04,22.9621339302369,low,low,GitHubActions,Java,12,open_issue_ratio=low | project_age_days=low | ci_type=GitHubActions | mainLanguage=Java,JGai
htr-united/htr-united,master,33209.0,201.0,372.0,3.0,42.0,30.0,2020-09-24 02:45:31+00:00,84.0,18.0,Python,2025-04-22T04:21:24,97.0,GitHubActions,2021-10-31 18:26:46+00:00,12.4,0.2142857142857142,0.0458265139116202,0.2029459901800327,1833,137.66,0.0,low,low,GitHubActions,Python,13,open_issue_ratio=low | project_age_days=low | ci_type=GitHubActions | mainLanguage=Python,PGai
xcollateral/vulkanmod,dev,8475.0,53.0,360.0,46.0,1690.0,8.0,2022-04-14 10:08:39+00:00,425.0,119.0,Java,2025-03-11T05:05:58,137.0,GitHubActions,2023-05-14 15:59:09+00:00,45.0,0.28,0.3357030015797788,0.2843601895734597,1266,152.44,0.0,low,low,GitHubActions,Java,12,open_issue_ratio=low | project_age_days=low | ci_type=GitHubActions | mainLanguage=Java,JGai
jenkinsci/jenkins-test-harness,master,29870.0,253.0,2439.0,105.0,115.0,104.0,2016-01-15 07:11:45+00:00,42.0,11.0,Java,2025-04-25T08:29:23,917.0,GitHubActions,2021-03-02 19:56:50+00:00,23.45192307692308,0.2619047619047619,0.0118409923879334,0.6876233436707077,3547,127.33,152.6287078077054,low,high,GitHubActions,Java,8,open_issue_ratio=low | project_age_days=high | ci_type=GitHubActions | mainLanguage=Java,JGAi
ni/nidaqmx-python,master,5370.0,21.0,465.0,38.0,483.0,35.0,2017-02-17 03:30:54+00:00,228.0,51.0,Python,2025-04-21T02:20:12,466.0,GitHubActions,2023-03-16 15:35:41+00:00,13.285714285714286,0.2236842105263158,0.0724269377382465,0.147712833545108,3148,376.1,9.166738280410776,low,low,GitHubActions,Python,13,open_issue_ratio=low | project_age_days=low | ci_type=GitHubActions | mainLanguage=Python,PGai
reactivex/rxjava,3.x,143598.0,235.0,6218.0,2202.0,48087.0,338.0,2013-01-08 08:11:48+00:00,3168.0,12.0,Java,2025-04-24T05:54:18,4014.0,TravisCI,2014-08-29 23:42:53+00:00,18.39644970414201,0.0037878787878787,0.6814368681436869,1.3374919337491933,4649,54.82,89.17817432404082,low,high,TravisCI,Java,10,open_issue_ratio=low | project_age_days=high | ci_type=TravisCI | mainLanguage=Java,JTAi
fairlearn/fairlearn,main,79953.0,16.0,960.0,37.0,2045.0,104.0,2018-05-15 01:51:35+00:00,502.0,117.0,Python,2025-04-13T06:41:32,998.0,GitHubActions,2020-03-09 17:17:09+00:00,9.23076923076923,0.2330677290836653,0.1862017804154302,0.3560830860534125,2696,226.75,58.98235503098726,low,low,GitHubActions,Python,13,open_issue_ratio=low | project_age_days=low | ci_type=GitHubActions | mainLanguage=Python,PGai
pig-mesh/pig,jdk17,39006.0,19.0,1897.0,94.0,6250.0,150.0,2019-08-26 03:24:53+00:00,870.0,286.0,Java,2025-04-25T03:27:58,301.0,GitHubActions,2021-04-16 03:47:36+00:00,12.646666666666668,0.328735632183908,0.3904847396768402,0.8514362657091562,2228,0.49,0.1727341725771415,low,low,GitHubActions,Java,12,open_issue_ratio=low | project_age_days=low | ci_type=GitHubActions | mainLanguage=Java,JGai
ehrbase/openehr_sdk,develop,10552.0,51.0,1883.0,14.0,55.0,48.0,2019-10-08 09:37:30+00:00,101.0,20.0,Java,2025-04-01T04:28:16,563.0,GitHubActions,2021-12-07 18:44:43+00:00,39.22916666666666,0.198019801980198,0.0462242562929061,0.8617848970251716,2185,44.69,21.9953575504068,low,low,GitHubActions,Java,12,open_issue_ratio=low | project_age_days=low | ci_type=GitHubActions | mainLanguage=Java,JGai
bk138/droidvnc-ng,master,1680.0,46.0,655.0,45.0,1584.0,14.0,2020-11-26 01:33:06+00:00,231.0,32.0,Java,2025-04-08T04:44:55,37.0,GitHubActions,2024-08-26 17:22:11+00:00,46.785714285714285,0.1385281385281385,0.1305084745762711,0.3700564971751412,1770,64.33,2.6396983201919784,low,low,GitHubActions,Java,12,open_issue_ratio=low | project_age_days=low | ci_type=GitHubActions | mainLanguage=Java,JGai
rtm516/mcxboxbroadcast,master,645.0,48.0,171.0,13.0,209.0,12.0,2022-03-15 03:16:50+00:00,117.0,7.0,Java,2024-08-12T10:36:22,14.0,GitHubActions,2023-08-03 16:58:48+00:00,14.25,0.0598290598290598,0.0902777777777777,0.1319444444444444,1296,23.39,0.0,low,low,GitHubActions,Java,12,open_issue_ratio=low | project_age_days=low | ci_type=GitHubActions | mainLanguage=Java,JGai
advancedxray/xray-mod,main,1273.0,46.0,495.0,9.0,161.0,14.0,2015-03-27 02:24:22+00:00,259.0,31.0,Java,2025-03-29T11:47:43,26.0,GitHubActions,2020-12-26 12:23:37+00:00,35.357142857142854,0.1196911196911196,0.0674303566779484,0.1288726894038011,3841,128.52,0.0,low,high,GitHubActions,Java,8,open_issue_ratio=low | project_age_days=high | ci_type=GitHubActions | mainLanguage=Java,JGAi
odpi/egeria,main,700774.0,48.0,21100.0,37.0,841.0,96.0,2018-05-31 12:18:34+00:00,2489.0,48.0,Java,2025-04-24T09:18:04,6092.0,GitHubActions,2019-11-18 23:57:39+00:00,219.79166666666663,0.0192848533547609,0.928731343283582,7.873134328358209,2680,116.4,13.217944622726725,low,low,GitHubActions,Java,12,open_issue_ratio=low | project_age_days=low | ci_type=GitHubActions | mainLanguage=Java,JGai
wmo-im/wmds,master,19258.0,18.0,857.0,22.0,18.0,20.0,2018-09-03 10:23:23+00:00,293.0,41.0,Python,2025-03-14T09:29:35,282.0,TravisCI,2019-10-19 20:15:50+00:00,42.85,0.1399317406143344,0.1133462282398452,0.3315280464216634,2585,162.9,8.39924670433145,low,low,TravisCI,Python,15,open_issue_ratio=low | project_age_days=low | ci_type=TravisCI | mainLanguage=Python,PTai
awslabs/amazon-kinesis-client,master,4700.0,120.0,613.0,78.0,648.0,107.0,2013-11-07 07:02:44+00:00,511.0,214.0,Java,2025-04-17T05:16:12,950.0,TravisCI,2016-07-20 20:14:25+00:00,5.728971962616822,0.4187866927592955,0.1175793833410032,0.141049240681086,4346,490.57,72.98255771875226,high,high,TravisCI,Java,2,open_issue_ratio=high | project_age_days=high | ci_type=TravisCI | mainLanguage=Java,JTAI
jenkinsci/jenkinsfile-runner,main,1793.0,25.0,948.0,32.0,1162.0,72.0,2018-02-24 11:56:01+00:00,169.0,81.0,Java,2025-02-15T08:58:21,559.0,GitHubActions,2020-10-10 12:20:23+00:00,13.166666666666666,0.4792899408284023,0.060878962536023,0.3414985590778098,2776,129.1,10.371758825367072,high,low,GitHubActions,Java,4,open_issue_ratio=high | project_age_days=low | ci_type=GitHubActions | mainLanguage=Java,JGaI
avrae/avrae,nightly,13418.0,217.0,6028.0,8.0,427.0,52.0,2017-02-02 04:40:12+00:00,1327.0,50.0,Python,2025-04-21T06:43:01,787.0,TravisCI,2018-07-24 02:26:13+00:00,115.92307692307692,0.0376789751318764,0.4195384128991464,1.905785646538097,3163,43.28,15.532654284002398,low,low,TravisCI,Python,15,open_issue_ratio=low | project_age_days=low | ci_type=TravisCI | mainLanguage=Python,PTai
boutiques/boutiques,master,92475.0,29.0,1991.0,15.0,60.0,44.0,2015-03-21 02:23:09+00:00,354.0,90.0,Python,2025-01-30T06:50:49,351.0,TravisCI,2017-09-01 02:16:10+00:00,45.25,0.2542372881355932,0.0920197556537561,0.5175461398492331,3847,141.53,26.549111572111485,low,high,TravisCI,Python,11,open_issue_ratio=low | project_age_days=high | ci_type=TravisCI | mainLanguage=Python,PTAi
python-pillow/pillow,main,207421.0,59.0,19459.0,219.0,12739.0,503.0,2012-07-24 09:38:39+00:00,3278.0,67.0,Python,2025-04-27T03:16:34,5448.0,TravisCI,2014-06-28 16:30:10+00:00,38.685884691848905,0.0204392922513727,0.6805065393398381,4.039651235208636,4817,136.07,34.211953161414286,low,high,TravisCI,Python,11,open_issue_ratio=low | project_age_days=high | ci_type=TravisCI | mainLanguage=Python,PTAi
chancesd/pvpmanager,master,19463.0,39.0,1228.0,4.0,135.0,29.0,2013-12-18 04:07:18+00:00,298.0,7.0,Java,2025-04-25T08:35:13,270.0,TravisCI,2015-10-06 11:00:00+00:00,42.3448275862069,0.023489932885906,0.0692218350754936,0.2852497096399535,4305,145.09,6.491212576172392,low,high,TravisCI,Java,10,open_issue_ratio=low | project_age_days=high | ci_type=TravisCI | mainLanguage=Java,JTAi
cdk/depict,master,440.0,13.0,281.0,9.0,56.0,9.0,2015-10-25 05:19:48+00:00,54.0,8.0,Java,2025-03-29T09:05:46,34.0,GitHubActions,2022-04-21 12:48:53+00:00,31.22222222222222,0.1481481481481481,0.0148801322678423,0.0774317993937723,3629,121.19,2.122015915119363,low,high,GitHubActions,Java,8,open_issue_ratio=low | project_age_days=high | ci_type=GitHubActions | mainLanguage=Java,JGAi
bndtools/bnd,master,761903.0,29.0,17454.0,41.0,537.0,146.0,2010-04-12 05:30:15+00:00,2276.0,13.0,Java,2025-04-25T10:59:14,4292.0,TravisCI,2014-05-23 16:18:02+00:00,119.54794520547944,0.0057117750439367,0.4027605733498496,3.0886568748894003,5651,123.83,6.388741422363791,low,high,TravisCI,Java,10,open_issue_ratio=low | project_age_days=high | ci_type=TravisCI | mainLanguage=Java,JTAi
rundeck-plugins/ansible-plugin,main,911.0,52.0,462.0,34.0,333.0,48.0,2016-03-11 08:33:59+00:00,286.0,104.0,Java,2024-12-11T01:11:55,119.0,TravisCI,2017-08-07 21:23:11+00:00,9.625,0.3636363636363636,0.0819249498710971,0.1323403036379261,3491,159.05,0.3780471907182897,high,low,TravisCI,Java,6,open_issue_ratio=high | project_age_days=low | ci_type=TravisCI | mainLanguage=Java,JTaI
real-logic/artio,master,16005.0,161.0,5491.0,45.0,308.0,68.0,2015-01-23 04:09:57+00:00,309.0,44.0,Java,2025-01-20T04:55:28,230.0,TravisCI,2018-12-14 14:01:09+00:00,80.75,0.1423948220064725,0.0791495901639344,1.4065061475409837,3904,73.4,47.92970825864911,low,high,TravisCI,Java,10,open_issue_ratio=low | project_age_days=high | ci_type=TravisCI | mainLanguage=Java,JTAi
googlefonts/ufo2ft,main,3128.0,97.0,2177.0,28.0,154.0,38.0,2015-01-21 07:00:19+00:00,248.0,65.0,Python,2025-04-23T03:06:28,655.0,TravisCI,2016-08-06 09:06:57+00:00,57.28947368421053,0.2620967741935484,0.0634920634920634,0.557347670250896,3906,186.77,22.252725328396085,low,high,TravisCI,Python,11,open_issue_ratio=low | project_age_days=high | ci_type=TravisCI | mainLanguage=Python,PTAi
scalableminds/webknossos-libs,master,229587.0,246.0,1041.0,8.0,24.0,31.0,2016-12-09 12:20:35+00:00,415.0,58.0,Python,2025-04-25T03:49:32,877.0,GitHubActions,2019-12-02 15:46:05+00:00,33.58064516129032,0.1397590361445783,0.1289620882535736,0.3234928527035425,3218,165.01,11.118396738158538,low,low,GitHubActions,Python,13,open_issue_ratio=low | project_age_days=low | ci_type=GitHubActions | mainLanguage=Python,PGai
ihabunek/twitch-dl,master,806.0,62.0,460.0,15.0,693.0,16.0,2018-01-25 10:09:08+00:00,151.0,24.0,Python,2025-04-12T09:24:02,28.0,GitHubActions,2024-04-24 06:10:08+00:00,28.75,0.1589403973509933,0.0538132573057733,0.1639344262295081,2806,137.74,8.483470351582998,low,low,GitHubActions,Python,13,open_issue_ratio=low | project_age_days=low | ci_type=GitHubActions | mainLanguage=Python,PGai
hobnobmancer/cazy_webscraper,master,49061.0,29.0,2741.0,3.0,12.0,5.0,2020-10-01 02:12:49+00:00,59.0,6.0,Python,2024-11-19T04:42:45,69.0,GitHubActions,2023-10-09 10:17:22+00:00,548.2,0.1016949152542373,0.0323110624315443,1.5010952902519168,1826,87.81,30.58634402233692,low,low,GitHubActions,Python,13,open_issue_ratio=low | project_age_days=low | ci_type=GitHubActions | mainLanguage=Python,PGai
xdev-software/vaadin-date-range-picker,develop,3674.0,19.0,1215.0,2.0,29.0,7.0,2020-09-25 08:06:47+00:00,18.0,0.0,Java,2025-04-24T11:43:14,417.0,GitHubActions,2022-08-08 07:58:24+00:00,173.57142857142858,0.0,0.009825327510917,0.6632096069868996,1832,166.84,0.0,low,low,GitHubActions,Java,12,open_issue_ratio=low | project_age_days=low | ci_type=GitHubActions | mainLanguage=Java,JGai
yamcs/yamcs,master,65946.0,157.0,7006.0,25.0,216.0,44.0,2011-09-29 04:29:56+00:00,404.0,82.0,Java,2025-04-01T08:32:44,555.0,TravisCI,2015-03-19 16:56:51+00:00,159.22727272727272,0.2029702970297029,0.0789679437060203,1.369429241594996,5116,173.19,11.254007921539042,low,high,TravisCI,Java,10,open_issue_ratio=low | project_age_days=high | ci_type=TravisCI | mainLanguage=Java,JTAi
googleapis/google-auth-library-java,main,4660.0,86.0,1173.0,77.0,423.0,102.0,2015-02-12 12:06:15+00:00,285.0,41.0,Java,2025-04-25T12:18:48,1434.0,TravisCI,2016-10-28 20:27:12+00:00,11.5,0.143859649122807,0.0733779608650875,0.3020082389289392,3884,187.54,71.36029500958297,low,high,TravisCI,Java,10,open_issue_ratio=low | project_age_days=high | ci_type=TravisCI | mainLanguage=Java,JTAi
outflanknl/redelk,master,44772.0,13.0,1126.0,80.0,2413.0,23.0,2018-10-03 03:55:05+00:00,142.0,26.0,Python,2025-01-31T09:24:00,170.0,GitHubActions,2020-10-19 05:58:32+00:00,48.95652173913044,0.1830985915492957,0.0555772994129158,0.4407045009784736,2555,88.74,0.0,low,low,GitHubActions,Python,13,open_issue_ratio=low | project_age_days=low | ci_type=GitHubActions | mainLanguage=Python,PGai
azure/kafka-sink-azure-kusto,master,2603.0,39.0,342.0,19.0,49.0,24.0,2018-09-02 10:09:31+00:00,29.0,2.0,Java,2025-03-04T12:27:53,107.0,GitHubActions,2024-01-18 08:33:35+00:00,14.25,0.0689655172413793,0.011214230471771,0.1322505800464037,2586,101.66,41.287398005439705,low,low,GitHubActions,Java,12,open_issue_ratio=low | project_age_days=low | ci_type=GitHubActions | mainLanguage=Java,JGai
georgh93/minepacks,master,1540.0,96.0,717.0,3.0,173.0,32.0,2014-08-02 03:50:29+00:00,310.0,120.0,Java,2025-04-11T04:00:18,43.0,TravisCI,2016-03-11 21:10:39+00:00,22.40625,0.3870967741935484,0.0760176557135851,0.1758214811181952,4078,82.04,0.8709853021230267,high,high,TravisCI,Java,2,open_issue_ratio=high | project_age_days=high | ci_type=TravisCI | mainLanguage=Java,JTAI
stackguardian/tirith,main,13373.0,16.0,558.0,6.0,148.0,26.0,2021-04-21 07:02:06+00:00,86.0,48.0,Python,2025-04-22T07:59:39,155.0,GitHubActions,2022-09-09 10:35:39+00:00,21.46153846153846,0.5581395348837209,0.0529556650246305,0.3435960591133005,1624,212.53,3.9422316959260417,high,low,GitHubActions,Python,5,open_issue_ratio=high | project_age_days=low | ci_type=GitHubActions | mainLanguage=Python,PGaI
liquibase/liquibase-oracle,main,663.0,64.0,572.0,25.0,50.0,25.0,2013-06-21 10:41:05+00:00,35.0,22.0,Java,2025-04-24T08:15:52,200.0,TravisCI,2020-04-21 16:37:50+00:00,22.88,0.6285714285714286,0.007803790412486,0.1275362318840579,4485,172.8,44.62470479515351,high,high,TravisCI,Java,2,open_issue_ratio=high | project_age_days=high | ci_type=TravisCI | mainLanguage=Java,JTAI
oemof/tespy,dev,15618.0,45.0,3701.0,25.0,309.0,33.0,2017-12-11 08:44:12+00:00,219.0,50.0,Python,2025-04-25T10:04:05,296.0,TravisCI,2018-12-18 15:02:02+00:00,112.15151515151516,0.228310502283105,0.0768151525780427,1.298141003156787,2851,112.2,3.6372421232414944,low,low,TravisCI,Python,15,open_issue_ratio=low | project_age_days=low | ci_type=TravisCI | mainLanguage=Python,PTai
allegroai/clearml,master,49685.0,104.0,2459.0,97.0,5761.0,109.0,2019-06-10 08:18:32+00:00,1070.0,495.0,Python,2024-12-29T01:30:41,276.0,GitHubActions,2021-07-15 07:38:54+00:00,22.55963302752293,0.4626168224299065,0.4642082429501085,1.0668112798264642,2305,143.8,2.862077781172641,high,low,GitHubActions,Python,5,open_issue_ratio=high | project_age_days=low | ci_type=GitHubActions | mainLanguage=Python,PGaI
spf-ost/pytrnsys,master,108795.0,20.0,1390.0,3.0,12.0,31.0,2019-05-01 10:19:16+00:00,123.0,79.0,Python,2025-04-16T09:26:44,110.0,GitHubActions,2021-03-23 10:25:02+00:00,44.83870967741935,0.6422764227642277,0.0524520255863539,0.5927505330490405,2345,154.38,0.2868206530736579,high,low,GitHubActions,Python,5,open_issue_ratio=high | project_age_days=low | ci_type=GitHubActions | mainLanguage=Python,PGaI
network-unit-testing-system/nuts,main,5217.0,13.0,1051.0,7.0,127.0,16.0,2016-12-14 07:54:17+00:00,43.0,21.0,Python,2025-01-20T08:42:55,78.0,GitHubActions,2021-04-27 13:28:29+00:00,65.6875,0.4883720930232558,0.0133831310301898,0.3271086212262682,3213,184.63,119.81648138344802,high,low,GitHubActions,Python,5,open_issue_ratio=high | project_age_days=low | ci_type=GitHubActions | mainLanguage=Python,PGaI
eclipse/microprofile-reactive-messaging,main,1168.0,14.0,446.0,29.0,58.0,25.0,2018-08-09 11:22:49+00:00,69.0,14.0,Java,2024-04-16T02:30:58,95.0,GitHubActions,2021-01-29 16:21:39+00:00,17.84,0.2028985507246377,0.0264367816091954,0.1708812260536398,2610,148.55,59.83233873259449,low,low,GitHubActions,Java,12,open_issue_ratio=low | project_age_days=low | ci_type=GitHubActions | mainLanguage=Java,JGai
liferay/liferay-ide,master,325786.0,13.0,8435.0,20.0,132.0,49.0,2011-06-20 10:14:27+00:00,15.0,3.0,Java,2025-04-17T03:04:01,385.0,TravisCI,2014-07-17 22:39:54+00:00,172.14285714285714,0.2,0.002875215641173,1.616829595553,5217,55.37,56.85083174096178,low,high,TravisCI,Java,10,open_issue_ratio=low | project_age_days=high | ci_type=TravisCI | mainLanguage=Java,JTAi
jarbashivemind/hivemind-voice-sat,dev,46823.0,17.0,111.0,4.0,19.0,5.0,2020-02-01 05:38:05+00:00,18.0,2.0,Python,2025-02-06T09:45:03,23.0,GitHubActions,2021-10-21 07:41:44+00:00,22.2,0.1111111111111111,0.0086998550024166,0.0536491058482358,2069,265.69,0.0,low,low,GitHubActions,Python,13,open_issue_ratio=low | project_age_days=low | ci_type=GitHubActions | mainLanguage=Python,PGai
lgrcia/prose,main,91611.0,26.0,1498.0,4.0,57.0,12.0,2020-04-27 07:56:37+00:00,105.0,31.0,Python,2025-03-19T02:44:48,85.0,GitHubActions,2023-04-12 22:45:32+00:00,124.83333333333331,0.2952380952380952,0.0529500756429652,0.7554210791729703,1983,206.61,10.73932833066798,low,low,GitHubActions,Python,13,open_issue_ratio=low | project_age_days=low | ci_type=GitHubActions | mainLanguage=Python,PGai
eprosima/idl-parser,master,716.0,22.0,211.0,17.0,31.0,29.0,2014-08-26 02:33:49+00:00,16.0,0.0,Java,2025-02-19T09:27:44,154.0,GitHubActions,2023-11-14 08:41:55+00:00,7.275862068965517,0.0,0.0039467192895905,0.052047360631475,4054,207.25,7.299858842508571,low,high,GitHubActions,Java,8,open_issue_ratio=low | project_age_days=high | ci_type=GitHubActions | mainLanguage=Java,JGAi
unc-libraries/box-c,main,130828.0,82.0,6240.0,10.0,11.0,24.0,2011-09-09 08:22:21+00:00,89.0,0.0,Java,2025-04-23T03:27:20,1831.0,TravisCI,2015-05-11 19:59:30+00:00,260.0,0.0,0.017328660436137,1.2149532710280373,5136,268.2,20.77492932208512,low,high,TravisCI,Java,10,open_issue_ratio=low | project_age_days=high | ci_type=TravisCI | mainLanguage=Java,JTAi
sec-edgar/sec-edgar,master,14927.0,21.0,762.0,37.0,1172.0,27.0,2013-11-27 09:27:22+00:00,146.0,17.0,Python,2025-04-12T01:40:26,144.0,TravisCI,2019-04-16 18:03:30+00:00,28.22222222222222,0.1164383561643835,0.0337494220989366,0.1761442441054091,4326,188.54,33.47025711242964,low,high,TravisCI,Python,11,open_issue_ratio=low | project_age_days=high | ci_type=TravisCI | mainLanguage=Python,PTAi
libgdx/gdx-jnigen,master,1684.0,13.0,663.0,21.0,75.0,15.0,2019-06-02 09:24:20+00:00,37.0,7.0,Java,2025-04-26T11:01:02,77.0,GitHubActions,2021-01-18 07:18:06+00:00,44.2,0.1891891891891892,0.01599654128837,0.2866407263294422,2313,227.44,35.05824476725298,low,low,GitHubActions,Java,12,open_issue_ratio=low | project_age_days=low | ci_type=GitHubActions | mainLanguage=Java,JGai
chunky-dev/chunky,master,33674.0,26.0,2159.0,23.0,665.0,40.0,2012-11-09 08:27:27+00:00,1033.0,219.0,Java,2025-02-14T08:50:32,764.0,TravisCI,2016-10-10 18:36:41+00:00,53.975,0.2120038722168441,0.2193671692503716,0.4584837545126354,4709,270.68,2.4314923025704016,low,high,TravisCI,Java,10,open_issue_ratio=low | project_age_days=high | ci_type=TravisCI | mainLanguage=Java,JTAi
megavexnetwork/scoreboard-library,main,1899.0,34.0,408.0,2.0,177.0,2.0,2021-12-26 01:05:42+00:00,22.0,3.0,Java,2025-04-21T04:52:18,60.0,GitHubActions,2023-09-03 19:34:49+00:00,204.0,0.1363636363636363,0.016,0.2967272727272727,1375,22.87,1.6145021951564933,low,low,GitHubActions,Java,12,open_issue_ratio=low | project_age_days=low | ci_type=GitHubActions | mainLanguage=Java,JGai
axondeepseg/axondeepseg,master,427797.0,16.0,797.0,11.0,118.0,27.0,2016-09-26 02:20:00+00:00,478.0,35.0,Python,2025-03-07T04:17:07,304.0,TravisCI,2018-03-29 21:26:58+00:00,29.51851851851852,0.0732217573221757,0.1452004860267314,0.2421020656136087,3292,626.9,59.20668058455115,low,low,TravisCI,Python,15,open_issue_ratio=low | project_age_days=low | ci_type=TravisCI | mainLanguage=Python,PTai
antennapod/antennapod,develop,112160.0,61.0,9087.0,152.0,6886.0,314.0,2012-07-31 10:25:08+00:00,4354.0,316.0,Java,2025-04-24T03:59:36,3395.0,TravisCI,2014-05-18 20:12:08+00:00,28.93949044585987,0.0725769407441433,0.9051975051975052,1.8891891891891888,4810,196.27,10.23633886200254,low,high,TravisCI,Java,10,open_issue_ratio=low | project_age_days=high | ci_type=TravisCI | mainLanguage=Java,JTAi
eracknaphobia/plugin.video.mlbtv,master,1739.0,27.0,149.0,8.0,21.0,13.0,2016-03-04 04:32:04+00:00,36.0,17.0,Python,2025-04-17T12:55:37,48.0,GitHubActions,2020-10-08 16:18:46+00:00,11.461538461538462,0.4722222222222222,0.0102915951972555,0.0425957690108633,3498,201.96,0.0,high,low,GitHubActions,Python,5,open_issue_ratio=high | project_age_days=low | ci_type=GitHubActions | mainLanguage=Python,PGaI
apache/incubator-streampark,dev,62044.0,28.0,1975.0,75.0,3959.0,180.0,2019-05-27 05:56:03+00:00,1501.0,242.0,Java,2025-01-22T03:12:27,2524.0,GitHubActions,2021-11-15 08:52:27+00:00,10.97222222222222,0.1612258494337108,0.6472617507546357,0.8516601983613626,2319,114.12,8.591917011870366,low,low,GitHubActions,Java,12,open_issue_ratio=low | project_age_days=low | ci_type=GitHubActions | mainLanguage=Java,JGai
tomzo/gocd-yaml-config-plugin,master,1052.0,123.0,449.0,14.0,206.0,33.0,2016-07-13 05:38:01+00:00,97.0,8.0,Java,2025-04-24T01:58:23,147.0,TravisCI,2018-11-30 16:31:40+00:00,13.606060606060606,0.0824742268041237,0.0288090288090288,0.1333531333531333,3367,249.66,25.527074169573787,low,low,TravisCI,Java,14,open_issue_ratio=low | project_age_days=low | ci_type=TravisCI | mainLanguage=Java,JTai
kotori316/quarryplus,1.21.2,13869.0,192.0,3733.0,1.0,61.0,5.0,2017-09-04 06:55:46+00:00,262.0,5.0,Java,2025-04-26T09:46:55,667.0,GitHubActions,2019-12-08 12:43:08+00:00,746.6,0.0190839694656488,0.0888436758223126,1.2658528314682944,2949,14.14,18.51464839970588,low,low,GitHubActions,Java,12,open_issue_ratio=low | project_age_days=low | ci_type=GitHubActions | mainLanguage=Java,JGai
querydsl/querydsl,master,51682.0,35.0,8083.0,156.0,4851.0,147.0,2011-08-05 06:46:32+00:00,2044.0,55.0,Java,2025-02-01T12:33:54,1703.0,TravisCI,2014-04-29 06:41:22+00:00,54.98639455782313,0.0269080234833659,0.3952813769096887,1.5631405917617482,5171,401.66,67.02433093588411,low,high,TravisCI,Java,10,open_issue_ratio=low | project_age_days=high | ci_type=TravisCI | mainLanguage=Java,JTAi
javacord/javacord,master,7295.0,20.0,2512.0,25.0,770.0,90.0,2015-12-31 10:26:18+00:00,401.0,78.0,Java,2025-02-07T05:36:44,911.0,GitHubActions,2021-06-06 17:54:25+00:00,27.91111111111111,0.1945137157107231,0.1125772038180797,0.7052217855137564,3562,120.51,0.0,low,high,GitHubActions,Java,8,open_issue_ratio=low | project_age_days=high | ci_type=GitHubActions | mainLanguage=Java,JGAi
hyperledger/besu,main,94993.0,152.0,5791.0,57.0,1609.0,238.0,2019-09-04 09:11:20+00:00,2975.0,181.0,Java,2025-04-25T03:04:10,5570.0,GitHubActions,2021-03-14 18:51:14+00:00,24.331932773109244,0.0608403361344537,1.3406940063091484,2.609734114465976,2219,141.24,38.70111703704556,low,low,GitHubActions,Java,12,open_issue_ratio=low | project_age_days=low | ci_type=GitHubActions | mainLanguage=Java,JGai
jaseci-labs/jaseci,main,270804.0,50.0,9167.0,7.0,161.0,94.0,2021-10-29 09:00:30+00:00,343.0,76.0,Python,2025-04-27T11:35:02,1420.0,GitHubActions,2024-04-23 14:25:53+00:00,97.52127659574468,0.2215743440233236,0.2393579902302861,6.397069085833915,1433,165.56,14.64498763449418,low,low,GitHubActions,Python,13,open_issue_ratio=low | project_age_days=low | ci_type=GitHubActions | mainLanguage=Python,PGai
movingblocks/terasology,develop,305766.0,70.0,12035.0,187.0,3690.0,383.0,2011-03-04 03:49:19+00:00,2090.0,437.0,Java,2024-12-15T06:17:01,3176.0,GitHubActions,2021-02-21 18:48:27+00:00,31.422976501305484,0.209090909090909,0.3924882629107981,2.260093896713615,5325,329.29,17.01065311012531,low,high,GitHubActions,Java,8,open_issue_ratio=low | project_age_days=high | ci_type=GitHubActions | mainLanguage=Java,JGAi
nroduit/weasis,master,31082.0,24.0,3274.0,49.0,920.0,24.0,2012-02-19 08:18:11+00:00,507.0,59.0,Java,2025-04-18T08:14:14,54.0,TravisCI,2018-04-27 06:47:46+00:00,136.41666666666666,0.1163708086785009,0.1019505328775387,0.6583551176352302,4973,98.89,2.45161379006983,low,high,TravisCI,Java,10,open_issue_ratio=low | project_age_days=high | ci_type=TravisCI | mainLanguage=Java,JTAi
tgbugs/pyontutils,master,23381.0,75.0,3499.0,7.0,21.0,,2016-02-12 01:55:32+00:00,78.0,40.0,Python,2025-04-27T12:37:32,25.0,TravisCI,2018-03-27 02:42:02+00:00,,0.5128205128205128,0.0221653878942881,0.9943165672065928,3519,0.0,12.059478342715442,high,low,TravisCI,Python,7,open_issue_ratio=high | project_age_days=low | ci_type=TravisCI | mainLanguage=Python,PTaI
axkr/symja_android_library,master,338855.0,24.0,7907.0,14.0,407.0,27.0,2013-12-04 05:11:24+00:00,375.0,73.0,Java,2025-04-25T07:07:41,766.0,GitHubActions,2021-06-02 13:32:00+00:00,292.85185185185185,0.1946666666666666,0.0868256540865941,1.8307478583005323,4319,146.85,28.333893243058657,low,high,GitHubActions,Java,8,open_issue_ratio=low | project_age_days=high | ci_type=GitHubActions | mainLanguage=Java,JGAi
ebean-orm/ebean,master,34805.0,390.0,7674.0,76.0,1492.0,124.0,2012-09-13 11:49:56+00:00,2235.0,56.0,Java,2025-04-23T10:33:18,1308.0,TravisCI,2016-01-27 03:05:33+00:00,61.88709677419355,0.0250559284116331,0.4689467058329836,1.6101552664708352,4766,31.41,53.81346051934287,low,high,TravisCI,Java,10,open_issue_ratio=low | project_age_days=high | ci_type=TravisCI | mainLanguage=Java,JTAi
dependency-check/dependencycheck,main,293950.0,83.0,10574.0,179.0,6875.0,344.0,2012-09-03 08:43:30+00:00,4935.0,380.0,Java,2025-04-26T08:55:48,2673.0,TravisCI,2016-06-05 11:49:59+00:00,30.73837209302325,0.0770010131712259,1.0332914572864322,2.213986599664992,4776,103.52,11.044430512861997,low,high,TravisCI,Java,10,open_issue_ratio=low | project_age_days=high | ci_type=TravisCI | mainLanguage=Java,JTAi
thecoder4eu/bootsfaces-osp,master,11507.0,27.0,2115.0,28.0,247.0,64.0,2014-10-06 02:01:09+00:00,1018.0,18.0,Java,2024-09-22T03:58:44,183.0,GitHubActions,2024-08-15 08:53:58+00:00,33.046875,0.0176817288801571,0.2536755544480438,0.5270371293296785,4013,267.0,0.6623320154105953,low,high,GitHubActions,Java,8,open_issue_ratio=low | project_age_days=high | ci_type=GitHubActions | mainLanguage=Java,JGAi
koordinates/kart,master,112771.0,37.0,2955.0,27.0,548.0,20.0,2018-07-23 09:54:52+00:00,278.0,48.0,Python,2025-02-24T11:07:05,703.0,GitHubActions,2019-11-06 15:06:25+00:00,147.75,0.1726618705035971,0.105824133993148,1.124857251617815,2627,79.76,41.84960516313201,low,low,GitHubActions,Python,13,open_issue_ratio=low | project_age_days=low | ci_type=GitHubActions | mainLanguage=Python,PGai
milvus-io/milvus-sdk-java,master,11720.0,69.0,673.0,11.0,416.0,57.0,2019-10-08 12:15:26+00:00,312.0,33.0,Java,2025-04-25T09:08:33,1062.0,GitHubActions,2021-11-02 07:37:10+00:00,11.807017543859647,0.1057692307692307,0.1427917620137299,0.3080091533180778,2185,54.5,21.341149369317066,low,low,GitHubActions,Java,12,open_issue_ratio=low | project_age_days=low | ci_type=GitHubActions | mainLanguage=Java,JGai
screenly/anthias,master,24417.0,38.0,3511.0,95.0,2801.0,77.0,2012-07-24 06:48:50+00:00,1284.0,116.0,Python,2025-04-17T10:05:19,958.0,TravisCI,2013-09-01 00:12:03+00:00,45.5974025974026,0.0903426791277258,0.2665559476852813,0.7288768943325722,4817,106.63,4.961037216176273,low,high,TravisCI,Python,11,open_issue_ratio=low | project_age_days=high | ci_type=TravisCI | mainLanguage=Python,PTAi
tootallnate/java-websocket,master,4248.0,19.0,1191.0,381.0,10640.0,108.0,2010-01-20 11:33:04+00:00,1056.0,37.0,Java,2025-04-19T02:21:53,402.0,TravisCI,2013-02-13 02:05:41+00:00,11.02777777777778,0.0350378787878787,0.184196755625327,0.2077446363160648,5733,160.34,33.97710268991196,low,high,TravisCI,Java,10,open_issue_ratio=low | project_age_days=high | ci_type=TravisCI | mainLanguage=Java,JTAi
microprofile/microprofile-jwt-auth,main,1059.0,19.0,555.0,38.0,111.0,27.0,2017-05-18 07:25:42+00:00,172.0,28.0,Java,2025-03-27T09:35:31,163.0,GitHubActions,2020-03-23 12:26:23+00:00,20.55555555555556,0.1627906976744186,0.0562459123610202,0.1814911706998038,3058,202.14,99.82420894023105,low,low,GitHubActions,Java,12,open_issue_ratio=low | project_age_days=low | ci_type=GitHubActions | mainLanguage=Java,JGai
camunda-community-hub/zeebe-cloudevents-router,main,258.0,45.0,226.0,4.0,16.0,8.0,2020-05-05 01:43:31+00:00,13.0,7.0,Java,2025-04-25T09:33:31,228.0,GitHubActions,2022-01-21 12:39:49+00:00,28.25,0.5384615384615384,0.0065822784810126,0.1144303797468354,1975,150.19,1.1552346570397112,high,low,GitHubActions,Java,4,open_issue_ratio=high | project_age_days=low | ci_type=GitHubActions | mainLanguage=Java,JGaI
alessiodp/parties,master,4871.0,18.0,401.0,6.0,80.0,7.0,2016-08-27 09:47:39+00:00,74.0,3.0,Java,2024-11-08T07:55:08,167.0,TravisCI,2018-08-21 09:26:07+00:00,57.285714285714285,0.0405405405405405,0.0222757375075255,0.1207104154124021,3322,12.23,4.887322334818296,low,low,TravisCI,Java,14,open_issue_ratio=low | project_age_days=low | ci_type=TravisCI | mainLanguage=Java,JTai
systemrdl/peakrdl-regblock,main,942.0,23.0,206.0,16.0,60.0,9.0,2020-11-11 04:39:32+00:00,116.0,14.0,Python,2025-04-12T05:30:22,21.0,GitHubActions,2022-02-26 07:05:16+00:00,22.88888888888889,0.1206896551724138,0.0649859943977591,0.115406162464986,1785,71.31,11.323098766527645,low,low,GitHubActions,Python,13,open_issue_ratio=low | project_age_days=low | ci_type=GitHubActions | mainLanguage=Python,PGai
jellyfin/jellyfin-kodi,master,9087.0,48.0,4452.0,25.0,912.0,358.0,2018-12-12 03:58:57+00:00,496.0,139.0,Python,2025-04-26T01:56:46,486.0,GitHubActions,2021-05-14 15:18:54+00:00,12.435754189944134,0.2802419354838709,0.1995975855130784,1.791549295774648,2485,66.72,2.8743729921659247,low,low,GitHubActions,Python,13,open_issue_ratio=low | project_age_days=low | ci_type=GitHubActions | mainLanguage=Python,PGai
openapc/openapc-de,master,936012.0,1000.0,15207.0,23.0,124.0,,2014-06-17 08:43:58+00:00,49.0,10.0,Python,2025-04-25T09:28:06,2004.0,TravisCI,2016-03-01 14:23:42+00:00,,0.2040816326530612,0.0118816682832201,3.687439379243453,4124,0.0,0.1439694983587227,low,high,TravisCI,Python,11,open_issue_ratio=low | project_age_days=high | ci_type=TravisCI | mainLanguage=Python,PTAi
apache/flink-cdc,master,42885.0,21.0,1322.0,134.0,6041.0,199.0,2020-07-27 07:23:33+00:00,1718.0,1.0,Java,2025-04-25T09:37:45,1804.0,GitHubActions,2021-08-05 16:35:09+00:00,6.64321608040201,0.0005820721769499,0.9080338266384778,0.6987315010570825,1892,263.81,46.9462867741428,low,low,GitHubActions,Java,12,open_issue_ratio=low | project_age_days=low | ci_type=GitHubActions | mainLanguage=Java,JGai
vwxyzjn/cleanrl,master,141007.0,18.0,837.0,38.0,6725.0,48.0,2019-06-07 04:31:50+00:00,196.0,52.0,Python,2025-04-08T07:23:33,307.0,GitHubActions,2021-04-11 22:27:15+00:00,17.4375,0.2653061224489796,0.0849220103986135,0.3626516464471404,2308,113.08,0.2747595853628075,low,low,GitHubActions,Python,13,open_issue_ratio=low | project_age_days=low | ci_type=GitHubActions | mainLanguage=Python,PGai
elasticsoftwarefoundation/elasticactors,master,6997.0,43.0,1252.0,5.0,32.0,10.0,2013-02-26 08:25:40+00:00,14.0,1.0,Java,2025-04-21T09:33:47,146.0,GitHubActions,2020-05-30 12:13:50+00:00,125.2,0.0714285714285714,0.0030434782608695,0.2721739130434782,4600,1948.27,13.97805114227307,low,high,GitHubActions,Java,8,open_issue_ratio=low | project_age_days=high | ci_type=GitHubActions | mainLanguage=Java,JGAi
realrolfje/anonimatron,develop,19781.0,13.0,376.0,11.0,102.0,,2015-04-09 07:27:40+00:00,62.0,21.0,Java,2024-09-01T07:47:21,171.0,TravisCI,2018-04-25 19:02:35+00:00,,0.3387096774193548,0.0161964472309299,0.0982236154649947,3828,0.0,39.86666666666667,low,high,TravisCI,Java,10,open_issue_ratio=low | project_age_days=high | ci_type=TravisCI | mainLanguage=Java,JTAi
kommunicate-io/kommunicate-android-chat-sdk,master,44776.0,95.0,1909.0,13.0,75.0,42.0,2018-01-23 04:03:36+00:00,18.0,0.0,Java,2025-04-15T01:39:56,605.0,GitHubActions,2020-04-08 11:46:00+00:00,45.45238095238095,0.0,0.0064102564102564,0.6798433048433048,2808,49.67,0.0,low,low,GitHubActions,Java,12,open_issue_ratio=low | project_age_days=low | ci_type=GitHubActions | mainLanguage=Java,JGai
helidon-io/helidon-build-tools,master,8297.0,35.0,690.0,12.0,37.0,26.0,2018-08-27 12:00:31+00:00,450.0,93.0,Java,2025-04-10T07:44:41,652.0,GitHubActions,2022-11-30 10:02:44+00:00,26.53846153846154,0.2066666666666666,0.1736111111111111,0.2662037037037037,2592,79.2,25.83788124621007,low,low,GitHubActions,Java,12,open_issue_ratio=low | project_age_days=low | ci_type=GitHubActions | mainLanguage=Java,JGai
rapidsai/ucx-py,branch-0.44,2279.0,16.0,2077.0,17.0,132.0,47.0,2018-09-21 09:53:38+00:00,306.0,57.0,Python,2025-04-24T06:25:29,803.0,GitHubActions,2021-04-29 21:57:17+00:00,44.191489361702125,0.1862745098039215,0.119205298013245,0.8091156992598364,2567,119.99,41.16326912287264,low,low,GitHubActions,Python,13,open_issue_ratio=low | project_age_days=low | ci_type=GitHubActions | mainLanguage=Python,PGai
auth0/auth0-java-mvc-common,master,558.0,29.0,264.0,15.0,43.0,19.0,2016-08-08 05:48:45+00:00,19.0,5.0,Java,2025-01-30T09:56:13,134.0,GitHubActions,2022-07-05 21:41:31+00:00,13.894736842105264,0.2631578947368421,0.0056869200838072,0.0790182580065848,3341,224.82,60.88470202744215,low,low,GitHubActions,Java,12,open_issue_ratio=low | project_age_days=low | ci_type=GitHubActions | mainLanguage=Java,JGai
sumologic/sumologic-aws-lambda,main,97246.0,22.0,918.0,43.0,151.0,,2016-01-20 12:43:21+00:00,43.0,8.0,Python,2025-04-01T05:05:28,169.0,TravisCI,2018-01-03 08:50:21+00:00,,0.1860465116279069,0.0121400338791643,0.2591756070016939,3542,0.0,8.706947743467934,low,high,TravisCI,Python,11,open_issue_ratio=low | project_age_days=high | ci_type=TravisCI | mainLanguage=Python,PTAi
oakestra/oakestra,develop,960935.0,25.0,676.0,1.0,59.0,21.0,2021-04-23 05:39:24+00:00,142.0,27.0,Python,2025-04-23T11:29:23,252.0,GitHubActions,2022-09-14 15:52:26+00:00,32.19047619047619,0.1901408450704225,0.0875462392108508,0.4167694204685573,1622,160.99,6.337467288656275,low,low,GitHubActions,Python,13,open_issue_ratio=low | project_age_days=low | ci_type=GitHubActions | mainLanguage=Python,PGai
gemini-hlsw/ocs,main,740097.0,27.0,7797.0,15.0,16.0,27.0,2014-09-12 02:20:23+00:00,14.0,5.0,Java,2025-04-25T10:37:34,2334.0,TravisCI,2016-01-29 17:41:31+00:00,288.77777777777777,0.3571428571428571,0.0034679217240525,1.931384691602676,4037,324.29,4.362583940729676,high,high,TravisCI,Java,2,open_issue_ratio=high | project_age_days=high | ci_type=TravisCI | mainLanguage=Java,JTAI
qa-guru/allure-notifications,master,82496.0,35.0,468.0,6.0,517.0,24.0,2019-11-26 10:24:54+00:00,61.0,24.0,Java,2025-04-25T12:42:16,286.0,GitHubActions,2020-12-21 18:54:09+00:00,19.5,0.3934426229508196,0.0285580524344569,0.2191011235955056,2136,108.03,21.42312579415502,high,low,GitHubActions,Java,4,open_issue_ratio=high | project_age_days=low | ci_type=GitHubActions | mainLanguage=Java,JGaI
katybrown/cialign,master,66783.0,17.0,592.0,4.0,110.0,7.0,2019-04-04 04:22:17+00:00,25.0,8.0,Python,2024-07-18T03:56:17,43.0,GitHubActions,2021-12-07 12:25:12+00:00,84.57142857142857,0.32,0.010539629005059,0.2495784148397976,2372,111.07,31.90517347820719,low,low,GitHubActions,Python,13,open_issue_ratio=low | project_age_days=low | ci_type=GitHubActions | mainLanguage=Python,PGai
groovy/gmavenplus,master,15870.0,35.0,1359.0,17.0,290.0,13.0,2011-09-02 12:10:18+00:00,177.0,23.0,Java,2025-04-25T03:29:11,153.0,TravisCI,2015-04-06 15:52:35+00:00,104.53846153846152,0.1299435028248587,0.0344157106747034,0.2642426599261132,5143,123.93,24.8304771298237,low,high,TravisCI,Java,10,open_issue_ratio=low | project_age_days=high | ci_type=TravisCI | mainLanguage=Java,JTAi
redis/jedis,master,14859.0,111.0,2555.0,679.0,12017.0,263.0,2010-06-11 01:04:43+00:00,1869.0,84.0,Java,2025-04-11T05:58:22,2103.0,TravisCI,2014-01-28 22:32:45+00:00,9.714828897338403,0.0449438202247191,0.3342872473618315,0.4569844392774101,5591,255.95,85.58431346022137,low,high,TravisCI,Java,10,open_issue_ratio=low | project_age_days=high | ci_type=TravisCI | mainLanguage=Java,JTAi
gocardless/gocardless-pro-java,master,12730.0,131.0,873.0,90.0,21.0,48.0,2015-04-02 09:47:10+00:00,28.0,5.0,Java,2025-04-25T02:39:10,109.0,GitHubActions,2021-05-11 12:21:08+00:00,18.1875,0.1785714285714285,0.0073011734028683,0.2276401564537157,3835,165.22,9.460824836961514,low,high,GitHubActions,Java,8,open_issue_ratio=low | project_age_days=high | ci_type=GitHubActions | mainLanguage=Java,JGAi
auth0/auth0-java,master,3143.0,95.0,983.0,41.0,304.0,60.0,2016-01-07 05:45:04+00:00,189.0,7.0,Java,2025-03-28T08:42:28,513.0,TravisCI,2017-01-19 20:32:18+00:00,16.383333333333333,0.037037037037037,0.0531645569620253,0.2765119549929676,3555,90.27,67.02662353819359,low,high,TravisCI,Java,10,open_issue_ratio=low | project_age_days=high | ci_type=TravisCI | mainLanguage=Java,JTAi
rwth-iat/aas_manager,master,2026.0,38.0,1110.0,2.0,24.0,7.0,2020-09-05 10:55:32+00:00,21.0,6.0,Python,2025-04-09T03:26:03,15.0,GitHubActions,2022-02-22 17:31:07+00:00,158.57142857142858,0.2857142857142857,0.0113390928725701,0.5993520518358532,1852,68.4,2.292640186915888,low,low,GitHubActions,Python,13,open_issue_ratio=low | project_age_days=low | ci_type=GitHubActions | mainLanguage=Python,PGai
ibm/ibm-block-csi-driver,release-1.12.3,8180.0,23.0,1244.0,14.0,34.0,41.0,2019-02-10 07:06:29+00:00,32.0,6.0,Python,2025-04-21T11:28:13,751.0,GitHubActions,2022-03-10 09:05:44+00:00,30.341463414634145,0.1875,0.0131958762886597,0.5129896907216495,2425,142.95,37.54499640028798,low,low,GitHubActions,Python,13,open_issue_ratio=low | project_age_days=low | ci_type=GitHubActions | mainLanguage=Python,PGai
microsoft/msticpy,main,80157.0,93.0,1362.0,53.0,1845.0,69.0,2019-02-21 05:30:03+00:00,202.0,23.0,Python,2025-04-25T05:30:56,614.0,GitHubActions,2020-12-08 18:52:55+00:00,19.73913043478261,0.1138613861386138,0.0836785418392709,0.5642087821043911,2414,122.02,13.889387257910691,low,low,GitHubActions,Python,13,open_issue_ratio=low | project_age_days=low | ci_type=GitHubActions | mainLanguage=Python,PGai
intelowlproject/greedybear,main,3096.0,31.0,380.0,9.0,143.0,13.0,2021-12-23 07:56:14+00:00,82.0,13.0,Python,2025-02-25T09:18:23,404.0,GitHubActions,2023-09-06 09:40:25+00:00,29.23076923076923,0.1585365853658536,0.0595065312046444,0.2757619738751814,1378,127.03,2.9495626709821603,low,low,GitHubActions,Python,13,open_issue_ratio=low | project_age_days=low | ci_type=GitHubActions | mainLanguage=Python,PGai
tautulli/tautulli,master,104671.0,229.0,5378.0,216.0,5908.0,89.0,2015-02-22 04:36:06+00:00,1500.0,103.0,Python,2025-04-12T11:02:46,1031.0,GitHubActions,2020-02-07 02:52:41+00:00,60.42696629213483,0.0686666666666666,0.3871966959215281,1.3882292204439854,3874,105.0,12.26692894434226,low,high,GitHubActions,Python,9,open_issue_ratio=low | project_age_days=high | ci_type=GitHubActions | mainLanguage=Python,PGAi
nal-i5k/gff3toolkit,master,33417.0,15.0,547.0,12.0,80.0,20.0,2015-11-09 09:29:30+00:00,34.0,12.0,Python,2024-03-27T08:40:35,100.0,TravisCI,2018-05-28 22:53:42+00:00,27.35,0.3529411764705882,0.0094078583287216,0.1513558384061981,3614,53.81,0.1150453790106097,high,high,TravisCI,Python,3,open_issue_ratio=high | project_age_days=high | ci_type=TravisCI | mainLanguage=Python,PTAI
didi/knowstreaming,master,200022.0,23.0,1376.0,116.0,6934.0,99.0,2020-03-19 05:13:51+00:00,638.0,133.0,Java,2024-10-12T11:59:58,601.0,GitHubActions,2023-07-05 08:12:12+00:00,13.8989898989899,0.2084639498432602,0.3155291790306627,0.6805143422354105,2022,78.69,1.8577460214355312,low,low,GitHubActions,Java,12,open_issue_ratio=low | project_age_days=low | ci_type=GitHubActions | mainLanguage=Java,JGai
jenkinsci/dependency-track-plugin,master,6727.0,16.0,746.0,6.0,49.0,12.0,2018-09-17 07:19:32+00:00,62.0,3.0,Java,2025-04-22T06:20:03,265.0,GitHubActions,2020-10-21 18:35:30+00:00,62.16666666666666,0.0483870967741935,0.0241151302994943,0.2901594710229482,2571,83.16,34.700478716522184,low,low,GitHubActions,Java,12,open_issue_ratio=low | project_age_days=low | ci_type=GitHubActions | mainLanguage=Java,JGai
tritonmc/triton,v3,2778.0,39.0,650.0,4.0,89.0,8.0,2016-10-11 08:38:45+00:00,331.0,82.0,Java,2025-02-04T10:09:45,156.0,GitHubActions,2022-02-20 12:10:54+00:00,81.25,0.2477341389728096,0.1010070186145865,0.1983521513579493,3277,81.28,0.9564216884797928,low,low,GitHubActions,Java,12,open_issue_ratio=low | project_age_days=low | ci_type=GitHubActions | mainLanguage=Java,JGai
timsoethout/goodwe-sems-home-assistant,master,314.0,32.0,128.0,10.0,98.0,15.0,2019-01-04 09:12:46+00:00,97.0,20.0,Python,2025-04-06T06:02:46,24.0,GitHubActions,2024-03-30 21:18:07+00:00,8.533333333333333,0.2061855670103092,0.0393988627132412,0.0519902518277822,2462,62.85,19.851380042462846,low,low,GitHubActions,Python,13,open_issue_ratio=low | project_age_days=low | ci_type=GitHubActions | mainLanguage=Python,PGai
git-commit-id/git-commit-id-maven-plugin,master,3773.0,33.0,1673.0,39.0,1658.0,98.0,2011-02-13 01:55:14+00:00,383.0,23.0,Java,2025-04-14T06:03:15,450.0,TravisCI,2012-02-25 15:23:34+00:00,17.071428571428573,0.0600522193211488,0.0716691616766467,0.313061377245509,5344,147.25,80.7581166071732,low,high,TravisCI,Java,10,open_issue_ratio=low | project_age_days=high | ci_type=TravisCI | mainLanguage=Java,JTAi
wisdem/wisdem,master,84800.0,52.0,4209.0,31.0,160.0,42.0,2014-09-04 08:30:24+00:00,193.0,1.0,Python,2025-04-25T04:47:20,440.0,TravisCI,2020-01-08 16:53:01+00:00,100.21428571428572,0.005181347150259,0.0477132262051916,1.0405438813349814,4045,207.78,13.010454001185298,low,high,TravisCI,Python,11,open_issue_ratio=low | project_age_days=high | ci_type=TravisCI | mainLanguage=Python,PTAi
google/flogger,master,1208.0,13.0,332.0,52.0,1458.0,51.0,2018-04-12 04:52:52+00:00,110.0,48.0,Java,2025-04-15T05:12:19,298.0,TravisCI,2019-10-28 17:20:34+00:00,6.509803921568627,0.4363636363636363,0.0403078050567973,0.1216562843532429,2729,88.19,65.13196290772323,high,low,TravisCI,Java,6,open_issue_ratio=high | project_age_days=low | ci_type=TravisCI | mainLanguage=Java,JTaI
pinecone-io/pinecone-java-client,main,1374.0,27.0,165.0,26.0,44.0,18.0,2021-04-09 08:45:27+00:00,19.0,0.0,Java,2025-04-09T07:51:21,163.0,GitHubActions,2023-10-03 21:24:31+00:00,9.166666666666666,0.0,0.0116136919315403,0.1008557457212714,1636,21.91,9.831207576637366,low,low,GitHubActions,Java,12,open_issue_ratio=low | project_age_days=low | ci_type=GitHubActions | mainLanguage=Java,JGai
miguelperezcolom/mateu,master,71535.0,94.0,1631.0,6.0,47.0,6.0,2017-02-07 07:09:48+00:00,45.0,10.0,Java,2025-01-22T09:35:54,135.0,GitHubActions,2020-03-17 10:26:49+00:00,271.8333333333333,0.2222222222222222,0.0142495250158328,0.5164661177960734,3158,112.16,0.9774409145478328,low,low,GitHubActions,Java,12,open_issue_ratio=low | project_age_days=low | ci_type=GitHubActions | mainLanguage=Java,JGai
koca2000/noteblockapi,master,1590.0,25.0,142.0,5.0,122.0,13.0,2016-05-06 02:29:25+00:00,80.0,12.0,Java,2025-02-14T12:26:46,42.0,GitHubActions,2020-11-13 14:59:25+00:00,10.923076923076923,0.15,0.0232896652110625,0.0413391557496361,3435,69.11,0.0,low,low,GitHubActions,Java,12,open_issue_ratio=low | project_age_days=low | ci_type=GitHubActions | mainLanguage=Java,JGai
structurizr/java,master,35034.0,102.0,1570.0,56.0,1056.0,35.0,2014-06-09 05:44:57+00:00,197.0,14.0,Java,2025-04-23T08:30:34,92.0,TravisCI,2016-06-29 14:29:31+00:00,44.85714285714285,0.0710659898477157,0.047676669893514,0.3799612778315586,4132,46.46,52.07268597387847,low,high,TravisCI,Java,10,open_issue_ratio=low | project_age_days=high | ci_type=TravisCI | mainLanguage=Java,JTAi
jackfred2/whereisit,1.21.2,3175.0,76.0,429.0,2.0,16.0,10.0,2020-04-21 07:24:27+00:00,35.0,10.0,Java,2025-04-17T03:05:05,10.0,GitHubActions,2021-07-22 16:28:28+00:00,42.9,0.2857142857142857,0.0175967823026646,0.2156862745098039,1989,26.67,0.0,low,low,GitHubActions,Java,12,open_issue_ratio=low | project_age_days=low | ci_type=GitHubActions | mainLanguage=Java,JGai
davidacm/nvda-ibmtts-driver,master,1286.0,28.0,385.0,19.0,65.0,16.0,2019-03-18 10:21:08+00:00,91.0,18.0,Python,2025-04-11T10:46:28,34.0,GitHubActions,2022-03-01 06:16:27+00:00,24.0625,0.1978021978021978,0.0380912515696944,0.1611552951025533,2389,172.91,0.0,low,low,GitHubActions,Python,13,open_issue_ratio=low | project_age_days=low | ci_type=GitHubActions | mainLanguage=Python,PGai
ctreffe/alfred,master,12858.0,34.0,1760.0,4.0,10.0,5.0,2018-09-28 07:12:03+00:00,131.0,22.0,Python,2024-10-21T04:39:58,77.0,GitHubActions,2022-05-23 18:34:53+00:00,352.0,0.1679389312977099,0.051171875,0.6875,2560,144.96,11.98926546643681,low,low,GitHubActions,Python,13,open_issue_ratio=low | project_age_days=low | ci_type=GitHubActions | mainLanguage=Python,PGai
neo4j-contrib/cypher-dsl,main,113109.0,81.0,1375.0,27.0,188.0,33.0,2011-10-04 07:15:27+00:00,220.0,8.0,Java,2024-07-08T08:24:20,804.0,GitHubActions,2020-06-30 12:27:39+00:00,41.66666666666666,0.0363636363636363,0.0430444140090001,0.2690275875562512,5111,159.68,55.20228226489984,low,high,GitHubActions,Java,8,open_issue_ratio=low | project_age_days=high | ci_type=GitHubActions | mainLanguage=Java,JGAi
encode/django-rest-framework,master,55448.0,20.0,8863.0,630.0,29060.0,1391.0,2011-03-02 05:13:56+00:00,3918.0,55.0,Python,2025-04-26T02:58:29,4787.0,TravisCI,2012-08-29 20:25:50+00:00,6.371675053918045,0.0140377743746809,0.7354984043551718,1.6637882485451474,5327,103.62,36.584393262289446,low,high,TravisCI,Python,11,open_issue_ratio=low | project_age_days=high | ci_type=TravisCI | mainLanguage=Python,PTAi
taiko2k/tauonmusicbox,master,114545.0,148.0,3440.0,27.0,1578.0,48.0,2016-02-17 02:11:56+00:00,873.0,208.0,Python,2024-04-25T03:21:32,181.0,GitHubActions,2022-07-31 12:09:28+00:00,71.66666666666667,0.2382588774341351,0.2484348321001707,0.978941377347752,3514,104.15,43.89969546489616,low,low,GitHubActions,Python,13,open_issue_ratio=low | project_age_days=low | ci_type=GitHubActions | mainLanguage=Python,PGai
jenkinsci/ansible-plugin,main,692.0,21.0,536.0,115.0,230.0,29.0,2015-04-28 11:12:10+00:00,31.0,17.0,Java,2025-04-22T04:00:12,283.0,GitHubActions,2022-09-23 11:14:12+00:00,18.48275862068965,0.5483870967741935,0.0081386190601207,0.1407193489104752,3809,32.68,18.015510041757803,high,high,GitHubActions,Java,0,open_issue_ratio=high | project_age_days=high | ci_type=GitHubActions | mainLanguage=Java,JGAI
slgobinath/safeeyes,master,7609.0,44.0,1245.0,21.0,1536.0,216.0,2016-01-08 07:15:22+00:00,452.0,85.0,Python,2025-04-24T10:47:07,248.0,GitHubActions,2023-01-06 00:08:29+00:00,5.763888888888889,0.1880530973451327,0.1271806415306696,0.3503095104108047,3554,221.4,0.0,low,high,GitHubActions,Python,9,open_issue_ratio=low | project_age_days=high | ci_type=GitHubActions | mainLanguage=Python,PGAi
walmartlabs/gozer,master,838.0,19.0,241.0,7.0,68.0,9.0,2018-04-09 05:53:20+00:00,34.0,3.0,Java,2024-11-08T07:18:06,119.0,TravisCI,2020-01-14 19:16:24+00:00,26.77777777777778,0.088235294117647,0.0124450951683748,0.0882137628111273,2732,53.03,81.73701298701299,low,low,TravisCI,Java,14,open_issue_ratio=low | project_age_days=low | ci_type=TravisCI | mainLanguage=Java,JTai
home-assistant-libs/pychromecast,master,1269.0,104.0,966.0,89.0,2589.0,87.0,2013-10-02 07:58:34+00:00,356.0,144.0,Python,2025-04-24T11:26:32,701.0,TravisCI,2014-11-17 04:26:10+00:00,11.10344827586207,0.4044943820224719,0.0812414422638064,0.2204472843450479,4382,93.85,0.0,high,high,TravisCI,Python,3,open_issue_ratio=high | project_age_days=high | ci_type=TravisCI | mainLanguage=Python,PTAI
forrestguice/suntimeswidget,master,155474.0,119.0,8391.0,10.0,373.0,39.0,2015-02-23 02:41:09+00:00,417.0,94.0,Java,2025-04-25T01:57:29,437.0,TravisCI,2017-12-22 23:24:48+00:00,215.15384615384616,0.2254196642685851,0.1076684740511231,2.166537567776917,3873,160.27,11.24482814470888,low,high,TravisCI,Java,10,open_issue_ratio=low | project_age_days=high | ci_type=TravisCI | mainLanguage=Java,JTAi
geonode/geonode-project,master,2263.0,16.0,643.0,29.0,85.0,46.0,2016-12-12 03:48:59+00:00,253.0,94.0,Python,2025-04-17T08:27:27,303.0,GitHubActions,2022-11-16 08:55:12+00:00,13.978260869565217,0.3715415019762846,0.0786936236391912,0.2,3215,51.9,15.997968511934992,high,low,GitHubActions,Python,5,open_issue_ratio=high | project_age_days=low | ci_type=GitHubActions | mainLanguage=Python,PGaI
norconex/crawlers,main,16079.0,33.0,1308.0,32.0,188.0,6.0,2013-02-20 09:50:42+00:00,837.0,30.0,Java,2025-04-15T06:06:50,293.0,GitHubActions,2023-04-21 02:35:12+00:00,218.0,0.03584229390681,0.1817194963091619,0.2839774207555363,4606,122.2,47.303895738925775,low,high,GitHubActions,Java,8,open_issue_ratio=low | project_age_days=high | ci_type=GitHubActions | mainLanguage=Java,JGAi
cappielloantonio/tempo,main,18766.0,21.0,1469.0,9.0,1334.0,21.0,2021-07-25 08:20:35+00:00,254.0,101.0,Java,2025-01-31T10:05:39,63.0,GitHubActions,2023-04-10 14:17:34+00:00,69.95238095238095,0.3976377952755905,0.1661216481360366,0.960758665794637,1529,31.37,0.0,high,low,GitHubActions,Java,4,open_issue_ratio=high | project_age_days=low | ci_type=GitHubActions | mainLanguage=Java,JGaI
lykos153/git-annex-remote-googledrive,master,245.0,15.0,211.0,4.0,48.0,3.0,2018-03-10 05:54:01+00:00,63.0,28.0,Python,2024-12-12T07:24:47,34.0,GitHubActions,2022-04-14 23:45:48+00:00,70.33333333333333,0.4444444444444444,0.0228095582910934,0.0763939174511223,2762,173.22,0.0,high,low,GitHubActions,Python,5,open_issue_ratio=high | project_age_days=low | ci_type=GitHubActions | mainLanguage=Python,PGaI
opticfusion1/mcantimalware,master,4046.0,92.0,967.0,6.0,300.0,20.0,2019-02-27 03:58:53+00:00,293.0,9.0,Java,2025-02-12T05:00:46,445.0,GitHubActions,2020-08-25 05:57:23+00:00,48.35,0.030716723549488,0.1216777408637873,0.401578073089701,2408,66.36,0.0,low,low,GitHubActions,Java,12,open_issue_ratio=low | project_age_days=low | ci_type=GitHubActions | mainLanguage=Java,JGai
neamar/kiss,master,165786.0,101.0,5669.0,118.0,3116.0,401.0,2012-10-02 04:03:43+00:00,1597.0,227.0,Java,2025-04-22T10:01:48,776.0,GitHubActions,2021-02-22 18:29:22+00:00,14.13715710723192,0.1421415153412648,0.3364230040025279,1.194227933431641,4747,298.9,1.3509053187476423,low,high,GitHubActions,Java,8,open_issue_ratio=low | project_age_days=high | ci_type=GitHubActions | mainLanguage=Java,JGAi
usepa/fedelemflowlist,master,330753.0,25.0,1475.0,14.0,37.0,20.0,2018-02-05 03:35:37+00:00,59.0,15.0,Python,2025-04-23T03:22:15,146.0,GitHubActions,2022-01-16 14:36:21+00:00,73.75,0.2542372881355932,0.0211091234347048,0.5277280858676208,2795,162.66,0.0422088567639387,low,low,GitHubActions,Python,13,open_issue_ratio=low | project_age_days=low | ci_type=GitHubActions | mainLanguage=Python,PGai
universalmediaserver/universalmediaserver,main,441581.0,134.0,10378.0,112.0,2427.0,122.0,2012-06-07 10:23:22+00:00,1651.0,367.0,Java,2025-04-26T03:37:10,3753.0,TravisCI,2015-10-18 00:05:11+00:00,85.06557377049181,0.2222895215021199,0.3394325657894737,2.1336348684210527,4864,388.68,4.799355896589983,low,high,TravisCI,Java,10,open_issue_ratio=low | project_age_days=high | ci_type=TravisCI | mainLanguage=Java,JTAi
ohdsi/webapi,master,29782.0,49.0,1668.0,44.0,137.0,87.0,2014-12-03 07:49:51+00:00,1108.0,124.0,Java,2025-04-18T08:55:54,1320.0,GitHubActions,2021-02-02 17:00:56+00:00,19.17241379310345,0.111913357400722,0.2801517067003792,0.4217446270543615,3955,154.36,4.6085499272750265,low,high,GitHubActions,Java,8,open_issue_ratio=low | project_age_days=high | ci_type=GitHubActions | mainLanguage=Java,JGAi
hfaran/slack-export-viewer,master,947.0,59.0,243.0,27.0,987.0,47.0,2016-02-26 09:55:43+00:00,124.0,48.0,Python,2025-02-01T10:40:03,95.0,TravisCI,2018-03-18 08:20:34+00:00,5.170212765957447,0.3870967741935484,0.0353780313837375,0.0693295292439372,3505,120.36,1.1203117389186557,high,low,TravisCI,Python,7,open_issue_ratio=high | project_age_days=low | ci_type=TravisCI | mainLanguage=Python,PTaI
ansible-community/ansible-bender,master,6315.0,18.0,609.0,23.0,682.0,30.0,2018-08-14 03:16:14+00:00,151.0,40.0,Python,2025-03-24T10:24:10,163.0,GitHubActions,2023-04-21 11:09:08+00:00,20.3,0.2649006622516556,0.0579654510556621,0.2337811900191938,2605,97.03,6.588050314465408,low,low,GitHubActions,Python,13,open_issue_ratio=low | project_age_days=low | ci_type=GitHubActions | mainLanguage=Python,PGai
yunaiv/yudao-cloud,master,44940.0,22.0,2200.0,338.0,17110.0,105.0,2019-05-02 04:06:49+00:00,122.0,2.0,Java,2025-04-26T02:07:07,74.0,GitHubActions,2022-06-26 03:07:30+00:00,20.95238095238096,0.0163934426229508,0.0520477815699658,0.938566552901024,2344,159.89,11.38623379477038,low,low,GitHubActions,Java,12,open_issue_ratio=low | project_age_days=low | ci_type=GitHubActions | mainLanguage=Java,JGai
imageio/imageio,master,3833.0,72.0,1554.0,32.0,1553.0,121.0,2013-05-04 10:56:45+00:00,609.0,96.0,Python,2025-02-21T05:44:35,508.0,TravisCI,2014-10-20 10:52:54+00:00,12.84297520661157,0.1576354679802955,0.1343481138318994,0.342819324950364,4533,172.33,65.6860728245217,low,high,TravisCI,Python,11,open_issue_ratio=low | project_age_days=high | ci_type=TravisCI | mainLanguage=Python,PTAi
mjg59/python-broadlink,master,408.0,16.0,331.0,95.0,1359.0,82.0,2016-09-15 03:00:33+00:00,419.0,54.0,Python,2024-04-17T06:26:53,388.0,GitHubActions,2020-09-26 06:23:22+00:00,4.036585365853658,0.1288782816229117,0.126854374810778,0.1002119285498032,3303,349.16,0.0,low,low,GitHubActions,Python,13,open_issue_ratio=low | project_age_days=low | ci_type=GitHubActions | mainLanguage=Python,PGai
palewire/django-bakery,main,6046.0,37.0,908.0,36.0,412.0,28.0,2012-01-25 06:46:20+00:00,125.0,27.0,Python,2025-03-11T03:05:04,129.0,TravisCI,2014-02-01 01:33:58+00:00,32.42857142857143,0.216,0.0250100040016006,0.181672669067627,4998,159.04,21.75087814104296,low,high,TravisCI,Python,11,open_issue_ratio=low | project_age_days=high | ci_type=TravisCI | mainLanguage=Python,PTAi
gocd-contrib/script-executor-task,master,1755.0,102.0,288.0,8.0,33.0,12.0,2014-12-12 08:40:33+00:00,18.0,5.0,Java,2025-03-21T06:28:30,152.0,GitHubActions,2022-11-12 09:18:29+00:00,24.0,0.2777777777777778,0.0045615813482007,0.0729853015712113,3946,401.27,3.2679738562091507,low,high,GitHubActions,Java,8,open_issue_ratio=low | project_age_days=high | ci_type=GitHubActions | mainLanguage=Java,JGAi
scito/extract_otp_secrets,master,3584.0,39.0,378.0,7.0,1320.0,14.0,2020-05-23 06:54:08+00:00,33.0,5.0,Python,2025-04-26T01:26:03,367.0,GitHubActions,2022-09-03 13:38:47+00:00,27.0,0.1515151515151515,0.0168625447112927,0.1931527848748084,1957,28.42,36.3905325443787,low,low,GitHubActions,Python,13,open_issue_ratio=low | project_age_days=low | ci_type=GitHubActions | mainLanguage=Python,PGai
ray-project/deltacat,2.0,5877.0,87.0,470.0,13.0,206.0,24.0,2021-08-11 11:42:44+00:00,116.0,55.0,Python,2025-04-25T12:48:43,360.0,GitHubActions,2022-12-21 08:52:58+00:00,19.58333333333333,0.4741379310344827,0.0767195767195767,0.3108465608465608,1512,44.3,49.66149940377736,high,low,GitHubActions,Python,5,open_issue_ratio=high | project_age_days=low | ci_type=GitHubActions | mainLanguage=Python,PGaI
bibanon/tubeup,master,341.0,33.0,337.0,24.0,445.0,28.0,2016-02-05 03:57:38+00:00,206.0,6.0,Python,2025-04-03T01:15:13,130.0,TravisCI,2017-09-25 15:28:41+00:00,12.035714285714286,0.029126213592233,0.0584231423709585,0.0955757231990924,3526,57.37,94.2176330420969,low,low,TravisCI,Python,15,open_issue_ratio=low | project_age_days=low | ci_type=TravisCI | mainLanguage=Python,PTai
datalinkdc/dinky,dev,38186.0,30.0,2729.0,39.0,3397.0,205.0,2021-06-09 07:11:26+00:00,1654.0,142.0,Java,2025-04-11T03:17:43,2606.0,GitHubActions,2022-08-12 01:28:12+00:00,13.31219512195122,0.0858524788391777,1.05015873015873,1.7326984126984126,1575,58.0,3.298961623832479,low,low,GitHubActions,Java,12,open_issue_ratio=low | project_age_days=low | ci_type=GitHubActions | mainLanguage=Java,JGai
threeten/threetenbp,main,32676.0,35.0,3276.0,30.0,556.0,46.0,2013-01-15 07:17:23+00:00,114.0,8.0,Java,2025-03-11T12:15:09,89.0,TravisCI,2014-06-29 21:44:09+00:00,71.21739130434783,0.0701754385964912,0.0245583800086169,0.7057302886686773,4642,78.31,76.73012485726586,low,high,TravisCI,Java,10,open_issue_ratio=low | project_age_days=high | ci_type=TravisCI | mainLanguage=Java,JTAi
the-aether-team/the-aether,1.21.1-develop,127447.0,107.0,2862.0,16.0,387.0,56.0,2020-12-04 04:02:37+00:00,1349.0,18.0,Java,2025-04-06T03:50:08,1270.0,GitHubActions,2022-08-06 17:00:55+00:00,51.10714285714285,0.0133432171979243,0.7656072644721907,1.6242905788876276,1762,36.69,0.1400513521624595,low,low,GitHubActions,Java,12,open_issue_ratio=low | project_age_days=low | ci_type=GitHubActions | mainLanguage=Java,JGai
freiheit/discord_feedbot,main,895.0,15.0,611.0,6.0,82.0,12.0,2016-02-03 05:53:37+00:00,80.0,1.0,Python,2025-03-25T02:58:53,253.0,GitHubActions,2021-03-02 00:15:54+00:00,50.91666666666666,0.0125,0.0226757369614512,0.1731859410430839,3528,308.34,0.0,low,low,GitHubActions,Python,13,open_issue_ratio=low | project_age_days=low | ci_type=GitHubActions | mainLanguage=Python,PGai
tobac-project/tobac,main,79617.0,19.0,1609.0,7.0,113.0,21.0,2017-11-02 02:00:51+00:00,229.0,58.0,Python,2025-01-06T04:50:18,237.0,TravisCI,2019-03-20 16:40:26+00:00,76.61904761904762,0.2532751091703056,0.0792387543252595,0.5567474048442906,2890,153.87,61.557616883521135,low,low,TravisCI,Python,15,open_issue_ratio=low | project_age_days=low | ci_type=TravisCI | mainLanguage=Python,PTai
aicis/fresco,master,19037.0,17.0,3260.0,11.0,138.0,41.0,2015-11-24 12:05:17+00:00,163.0,18.0,Java,2025-02-28T12:07:42,271.0,TravisCI,2017-09-20 19:39:18+00:00,79.51219512195122,0.1104294478527607,0.045290358432898,0.9058071686579604,3599,230.66,6.7598297724885485,low,high,TravisCI,Java,10,open_issue_ratio=low | project_age_days=high | ci_type=TravisCI | mainLanguage=Java,JTAi
esupportail/esup-ecandidat,master,13935.0,31.0,811.0,19.0,13.0,4.0,2017-11-16 11:41:02+00:00,80.0,20.0,Java,2024-12-05T08:38:16,5.0,GitHubActions,2024-02-13 15:04:35+00:00,202.75,0.25,0.0278164116828929,0.2819888734353268,2876,133.66,0.974873173768494,low,low,GitHubActions,Java,12,open_issue_ratio=low | project_age_days=low | ci_type=GitHubActions | mainLanguage=Java,JGai
cqframework/cqf-ruler,master,32056.0,19.0,1909.0,28.0,63.0,40.0,2016-09-12 10:24:35+00:00,295.0,71.0,Java,2024-12-18T08:59:46,496.0,TravisCI,2019-12-24 17:30:26+00:00,47.725,0.2406779661016949,0.0892316999395039,0.5774349667271628,3306,218.01,1.565908035890294,low,low,TravisCI,Java,14,open_issue_ratio=low | project_age_days=low | ci_type=TravisCI | mainLanguage=Java,JTai
madmaze/pytesseract,master,1552.0,26.0,638.0,107.0,6062.0,50.0,2010-10-27 11:02:49+00:00,368.0,8.0,Python,2025-02-17T09:20:41,201.0,TravisCI,2019-05-27 13:07:47+00:00,12.76,0.0217391304347826,0.0674857876398312,0.1169998166147075,5453,67.33,47.86476868327402,low,high,TravisCI,Python,11,open_issue_ratio=low | project_age_days=high | ci_type=TravisCI | mainLanguage=Python,PTAi
linkedin/ambry,master,36862.0,112.0,4066.0,124.0,1749.0,69.0,2013-10-25 08:04:54+00:00,283.0,131.0,Java,2025-04-23T10:51:33,2797.0,TravisCI,2017-06-08 06:54:31+00:00,58.927536231884055,0.4628975265017668,0.0649231475108969,0.9327827483367744,4359,111.5,71.6081625765577,high,high,TravisCI,Java,2,open_issue_ratio=high | project_age_days=high | ci_type=TravisCI | mainLanguage=Java,JTAI
plivo/plivo-java,master,2035.0,113.0,1015.0,43.0,35.0,98.0,2011-09-19 04:45:05+00:00,30.0,4.0,Java,2025-04-16T10:25:12,269.0,TravisCI,2017-10-30 15:11:41+00:00,10.357142857142858,0.1333333333333333,0.0058525165821303,0.1980101443620757,5126,326.54,16.039649306464277,low,high,TravisCI,Java,10,open_issue_ratio=low | project_age_days=high | ci_type=TravisCI | mainLanguage=Java,JTAi
avaje/avaje-config,master,549.0,33.0,517.0,3.0,71.0,7.0,2018-12-05 11:58:04+00:00,54.0,3.0,Java,2025-04-21T01:35:22,154.0,GitHubActions,2021-10-28 10:09:36+00:00,73.85714285714286,0.0555555555555555,0.0216693418940609,0.2074638844301765,2492,15.41,36.1548434895351,low,low,GitHubActions,Java,12,open_issue_ratio=low | project_age_days=low | ci_type=GitHubActions | mainLanguage=Java,JGai
xceptance/neodymium,master,37482.0,26.0,1597.0,23.0,80.0,23.0,2017-08-17 02:22:03+00:00,254.0,66.0,Java,2025-02-06T08:55:40,102.0,GitHubActions,2020-01-06 12:27:01+00:00,69.43478260869566,0.2598425196850393,0.0856083586113919,0.5382541287495787,2967,273.46,100.91051526886808,low,low,GitHubActions,Java,12,open_issue_ratio=low | project_age_days=low | ci_type=GitHubActions | mainLanguage=Java,JGai
openpathsampling/openpathsampling,master,281344.0,20.0,7295.0,13.0,107.0,16.0,2013-09-04 02:06:28+00:00,358.0,83.0,Python,2025-01-14T03:05:12,812.0,TravisCI,2014-11-09 14:00:18+00:00,455.9375,0.2318435754189944,0.0811791383219954,1.6541950113378685,4410,161.28,35.78898146573712,low,high,TravisCI,Python,11,open_issue_ratio=low | project_age_days=high | ci_type=TravisCI | mainLanguage=Python,PTAi
mozilla/fx-private-relay,main,58208.0,232.0,11759.0,59.0,1562.0,50.0,2019-06-06 09:36:28+00:00,1116.0,28.0,Python,2025-04-27T12:09:06,4228.0,GitHubActions,2022-01-14 14:41:11+00:00,235.18,0.025089605734767,0.4833261152013859,5.092680814205283,2309,464.71,15.067327225572305,low,low,GitHubActions,Python,13,open_issue_ratio=low | project_age_days=low | ci_type=GitHubActions | mainLanguage=Python,PGai
gerapy/gerapy,master,38367.0,16.0,631.0,125.0,3347.0,13.0,2017-06-30 03:58:27+00:00,214.0,64.0,Python,2024-09-07T12:49:42,100.0,GitHubActions,2019-11-20 19:41:37+00:00,48.53846153846154,0.2990654205607476,0.0709784411276948,0.2092868988391376,3015,146.99,0.0110913930789707,low,low,GitHubActions,Python,13,open_issue_ratio=low | project_age_days=low | ci_type=GitHubActions | mainLanguage=Python,PGai
ladybug-tools/ladybug-grasshopper,master,21088.0,213.0,422.0,6.0,38.0,10.0,2017-07-21 01:33:22+00:00,27.0,7.0,Python,2025-03-04T09:57:23,370.0,TravisCI,2020-03-23 17:44:34+00:00,42.2,0.2592592592592592,0.0090180360721442,0.1409485637942552,2994,55.44,0.0,low,low,TravisCI,Python,15,open_issue_ratio=low | project_age_days=low | ci_type=TravisCI | mainLanguage=Python,PTai
way2muchnoise/justenoughresources,master,1435.0,16.0,454.0,4.0,128.0,42.0,2016-01-01 12:33:43+00:00,441.0,167.0,Java,2025-04-21T08:53:47,95.0,TravisCI,2017-02-06 17:14:03+00:00,10.80952380952381,0.3786848072562358,0.1238416175231676,0.1274922774501544,3561,177.32,0.0,high,high,TravisCI,Java,2,open_issue_ratio=high | project_age_days=high | ci_type=TravisCI | mainLanguage=Java,JTAI
bbmri-eric/negotiator,master,13102.0,44.0,2844.0,7.0,22.0,13.0,2020-08-19 11:54:01+00:00,200.0,23.0,Java,2025-04-10T02:36:09,518.0,GitHubActions,2022-11-04 08:45:58+00:00,218.7692307692308,0.115,0.1070090957731407,1.521669341894061,1869,85.0,32.0593149540518,low,low,GitHubActions,Java,12,open_issue_ratio=low | project_age_days=low | ci_type=GitHubActions | mainLanguage=Java,JGai
biosystemsum/deepmol,master,173691.0,23.0,1663.0,7.0,145.0,8.0,2020-09-08 02:47:20+00:00,59.0,16.0,Python,2025-04-24T03:54:22,56.0,GitHubActions,2022-10-10 09:25:13+00:00,207.875,0.2711864406779661,0.0319091400757166,0.8994050838290968,1849,82.95,6.715621845057814,low,low,GitHubActions,Python,13,open_issue_ratio=low | project_age_days=low | ci_type=GitHubActions | mainLanguage=Python,PGai
infobloxopen/infoblox-ansible,master,662.0,15.0,300.0,14.0,56.0,36.0,2017-08-25 02:52:59+00:00,108.0,66.0,Python,2025-01-29T01:05:47,173.0,GitHubActions,2020-07-29 09:15:58+00:00,8.333333333333334,0.6111111111111112,0.0364988171679621,0.1013856032443393,2959,239.81,45.96583938850618,high,low,GitHubActions,Python,5,open_issue_ratio=high | project_age_days=low | ci_type=GitHubActions | mainLanguage=Python,PGaI
widdix/aws-cf-templates,master,12921.0,162.0,1037.0,117.0,2766.0,40.0,2015-10-28 07:47:59+00:00,190.0,14.0,Java,2025-02-26T06:55:08,557.0,TravisCI,2017-07-31 18:26:51+00:00,25.925,0.0736842105263157,0.0523993381136238,0.2859900717043574,3626,42.01,10.89852909827329,low,high,TravisCI,Java,10,open_issue_ratio=low | project_age_days=high | ci_type=TravisCI | mainLanguage=Java,JTAi
jazzband/django-payments,main,1038.0,29.0,907.0,40.0,1130.0,69.0,2010-09-30 02:17:47+00:00,183.0,68.0,Python,2025-03-16T12:59:51,263.0,TravisCI,2013-11-06 14:35:14+00:00,13.144927536231885,0.3715846994535519,0.0333941605839416,0.1655109489051094,5480,267.32,27.18049127803489,high,high,TravisCI,Python,3,open_issue_ratio=high | project_age_days=high | ci_type=TravisCI | mainLanguage=Python,PTAI
nutzam/nutz,master,44616.0,23.0,6285.0,269.0,2529.0,111.0,2011-06-10 01:25:43+00:00,1338.0,53.0,Java,2024-09-10T12:24:22,273.0,TravisCI,2012-12-27 10:27:31+00:00,56.62162162162162,0.0396113602391629,0.2559785727951023,1.2024105605509852,5227,91.27,34.80048097089007,low,high,TravisCI,Java,10,open_issue_ratio=low | project_age_days=high | ci_type=TravisCI | mainLanguage=Java,JTAi
storaged-project/blivet,main,18269.0,28.0,4643.0,17.0,107.0,58.0,2014-02-06 04:02:44+00:00,132.0,34.0,Python,2025-04-17T06:33:30,1236.0,GitHubActions,2021-08-02 08:30:24+00:00,80.05172413793103,0.2575757575757575,0.0310223266745005,1.091186839012926,4255,471.17,56.62718833870928,low,high,GitHubActions,Python,9,open_issue_ratio=low | project_age_days=high | ci_type=GitHubActions | mainLanguage=Python,PGAi
ibm-datapower/datapower-configuration-manager,master,13890.0,15.0,186.0,39.0,46.0,19.0,2014-10-27 01:42:28+00:00,85.0,22.0,Java,2025-02-27T09:25:40,41.0,TravisCI,2016-10-17 21:01:50+00:00,9.789473684210526,0.2588235294117647,0.0212925851703406,0.0465931863727454,3992,64.12,0.0,low,high,TravisCI,Java,10,open_issue_ratio=low | project_age_days=high | ci_type=TravisCI | mainLanguage=Java,JTAi
jenkinsci/idea-stapler-plugin,master,1540.0,18.0,374.0,8.0,10.0,17.0,2011-03-30 10:35:09+00:00,70.0,27.0,Java,2025-02-05T07:16:07,135.0,GitHubActions,2020-10-21 05:42:03+00:00,22.0,0.3857142857142857,0.0132100396301188,0.0705793545952066,5299,306.08,1.4263300527742118,high,high,GitHubActions,Java,0,open_issue_ratio=high | project_age_days=high | ci_type=GitHubActions | mainLanguage=Java,JGAI
talkiq/gcloud-aio,master,30344.0,291.0,1096.0,15.0,306.0,90.0,2017-10-19 02:06:07+00:00,142.0,30.0,Python,2025-04-23T04:08:20,745.0,GitHubActions,2023-01-26 14:40:54+00:00,12.177777777777775,0.2112676056338028,0.0488980716253443,0.3774104683195592,2904,197.77,43.05861172234447,low,low,GitHubActions,Python,13,open_issue_ratio=low | project_age_days=low | ci_type=GitHubActions | mainLanguage=Python,PGai
kiwigrid/k8s-sidecar,master,539.0,84.0,640.0,15.0,650.0,85.0,2018-05-02 09:24:28+00:00,120.0,12.0,Python,2025-03-28T05:42:21,272.0,GitHubActions,2020-10-13 10:32:00+00:00,7.529411764705882,0.1,0.044296788482835,0.2362495385751199,2709,169.24,2.275960170697013,low,low,GitHubActions,Python,13,open_issue_ratio=low | project_age_days=low | ci_type=GitHubActions | mainLanguage=Python,PGai
fabricmc/fabric-loom,dev/1.10,6076.0,14.0,1263.0,12.0,265.0,88.0,2016-08-15 10:22:19+00:00,660.0,88.0,Java,2025-03-23T04:34:38,609.0,TravisCI,2019-11-02 20:23:27+00:00,14.352272727272728,0.1333333333333333,0.1979604079184163,0.3788242351529694,3334,165.11,4.29289303661163,low,low,TravisCI,Java,14,open_issue_ratio=low | project_age_days=low | ci_type=TravisCI | mainLanguage=Java,JTai
artiofix/artio,master,16287.0,165.0,5526.0,45.0,315.0,68.0,2015-01-23 04:09:57+00:00,313.0,48.0,Java,2025-04-22T01:51:10,232.0,TravisCI,2018-12-14 14:01:09+00:00,81.26470588235294,0.1533546325878594,0.0801741803278688,1.4154713114754098,3904,73.4,47.92970825864911,low,high,TravisCI,Java,10,open_issue_ratio=low | project_age_days=high | ci_type=TravisCI | mainLanguage=Java,JTAi
paddlepaddle/paddlenlp,develop,115341.0,48.0,5820.0,101.0,12542.0,377.0,2021-02-05 01:07:42+00:00,3729.0,286.0,Python,2025-04-27T09:12:45,6688.0,GitHubActions,2022-10-31 08:44:34+00:00,15.437665782493369,0.0766961651917404,2.194820482636845,3.42554443790465,1699,149.8,15.61868610467064,low,low,GitHubActions,Python,13,open_issue_ratio=low | project_age_days=low | ci_type=GitHubActions | mainLanguage=Python,PGai
intercom/intercom-java,master,1253.0,29.0,320.0,189.0,65.0,47.0,2014-09-24 09:35:00+00:00,119.0,30.0,Java,2025-04-08T03:47:31,207.0,TravisCI,2016-04-05 10:13:05+00:00,6.808510638297872,0.2521008403361344,0.0295652173913043,0.0795031055900621,4025,90.47,3.88946029340118,low,high,TravisCI,Java,10,open_issue_ratio=low | project_age_days=high | ci_type=TravisCI | mainLanguage=Java,JTAi
razorpay/razorpay-java,master,947.0,19.0,453.0,186.0,64.0,28.0,2016-08-24 07:59:09+00:00,61.0,17.0,Java,2025-04-25T04:30:19,271.0,GitHubActions,2022-01-21 09:00:29+00:00,16.178571428571427,0.2786885245901639,0.0183458646616541,0.1362406015037594,3325,332.19,34.938699750891416,low,low,GitHubActions,Java,12,open_issue_ratio=low | project_age_days=low | ci_type=GitHubActions | mainLanguage=Java,JGai
rpm-software-management/dnf-plugins-core,master,3527.0,19.0,1070.0,27.0,116.0,102.0,2013-11-26 03:34:01+00:00,28.0,15.0,Python,2025-03-14T04:49:27,552.0,GitHubActions,2021-03-10 14:26:11+00:00,10.490196078431373,0.5357142857142857,0.0064709960711809,0.2472844927201294,4327,39.21,11.00491032744269,high,high,GitHubActions,Python,1,open_issue_ratio=high | project_age_days=high | ci_type=GitHubActions | mainLanguage=Python,PGAI
vinitkumar/json2xml,master,1126.0,45.0,395.0,2.0,101.0,12.0,2013-07-06 09:35:57+00:00,72.0,2.0,Python,2025-04-12T10:52:25,163.0,TravisCI,2015-02-13 15:44:08+00:00,32.916666666666664,0.0277777777777777,0.0161073825503355,0.0883668903803132,4470,123.71,25.23058613507885,low,high,TravisCI,Python,11,open_issue_ratio=low | project_age_days=high | ci_type=TravisCI | mainLanguage=Python,PTAi
serokell/tezos-packaging,master,138186.0,122.0,1907.0,13.0,60.0,30.0,2019-11-06 12:19:24+00:00,256.0,11.0,Python,2025-04-14T12:02:22,592.0,GitHubActions,2021-07-26 13:07:35+00:00,63.56666666666667,0.04296875,0.1187384044526901,0.884508348794063,2156,53.69,4.260904684975767,low,low,GitHubActions,Python,13,open_issue_ratio=low | project_age_days=low | ci_type=GitHubActions | mainLanguage=Python,PGai
zonkyio/embedded-database-spring-test,master,998.0,32.0,343.0,12.0,413.0,8.0,2017-12-15 07:29:33+00:00,210.0,13.0,Java,2024-11-30T11:52:07,78.0,TravisCI,2019-04-08 14:11:15+00:00,42.875,0.0619047619047619,0.0737618545837724,0.1204776958201615,2847,70.8,123.64343640799105,low,low,TravisCI,Java,14,open_issue_ratio=low | project_age_days=low | ci_type=TravisCI | mainLanguage=Java,JTai
cert-polska/mwdb-core,master,15307.0,33.0,792.0,16.0,348.0,32.0,2018-01-15 10:41:26+00:00,330.0,46.0,Python,2025-03-22T10:55:49,702.0,GitHubActions,2020-05-27 09:13:06+00:00,24.75,0.1393939393939394,0.1171875,0.28125,2816,88.22,5.952417498081351,low,low,GitHubActions,Python,13,open_issue_ratio=low | project_age_days=low | ci_type=GitHubActions | mainLanguage=Python,PGai
hallvard/plantuml,master,268965.0,18.0,372.0,21.0,212.0,9.0,2011-01-04 09:53:29+00:00,149.0,28.0,Java,2024-11-27T09:56:15,17.0,TravisCI,2016-09-12 08:42:12+00:00,41.333333333333336,0.1879194630872483,0.0276745913818722,0.0690936106983655,5384,192.96,5.126879496790314,low,high,TravisCI,Java,10,open_issue_ratio=low | project_age_days=high | ci_type=TravisCI | mainLanguage=Java,JTAi
networkx/networkx,main,94783.0,60.0,7963.0,280.0,15675.0,802.0,2010-09-06 12:53:44+00:00,3264.0,178.0,Python,2025-04-26T12:51:07,4102.0,TravisCI,2013-07-20 01:19:30+00:00,9.928927680798004,0.0545343137254902,0.5930232558139535,1.446765988372093,5504,174.99,41.69421356680431,low,high,TravisCI,Python,11,open_issue_ratio=low | project_age_days=high | ci_type=TravisCI | mainLanguage=Python,PTAi
logisim-evolution/logisim-evolution,main,113698.0,30.0,5283.0,72.0,5676.0,136.0,2014-09-19 05:23:24+00:00,911.0,215.0,Java,2025-04-26T06:27:35,1120.0,TravisCI,2018-04-06 14:16:01+00:00,38.84558823529412,0.2360043907793633,0.2260545905707196,1.3109181141439206,4030,202.58,0.8135153266914534,low,high,TravisCI,Java,10,open_issue_ratio=low | project_age_days=high | ci_type=TravisCI | mainLanguage=Java,JTAi
gocd/kubernetes-elastic-agents,master,4146.0,322.0,661.0,11.0,34.0,21.0,2017-10-25 10:50:05+00:00,69.0,9.0,Java,2025-04-05T08:44:01,395.0,GitHubActions,2020-11-04 08:11:33+00:00,31.476190476190474,0.1304347826086956,0.0238095238095238,0.2280883367839889,2898,378.59,54.42988714489557,low,low,GitHubActions,Java,12,open_issue_ratio=low | project_age_days=low | ci_type=GitHubActions | mainLanguage=Java,JGai
jenkinsci/azure-container-agents-plugin,master,561.0,19.0,386.0,5.0,21.0,19.0,2017-09-22 08:14:14+00:00,50.0,19.0,Java,2025-04-21T02:41:00,289.0,GitHubActions,2021-03-27 15:38:27+00:00,20.31578947368421,0.38,0.0170590242238143,0.1316956670078471,2931,219.58,18.816021126760564,high,low,GitHubActions,Java,4,open_issue_ratio=high | project_age_days=low | ci_type=GitHubActions | mainLanguage=Java,JGaI
consensys/web3signer,master,6829.0,46.0,575.0,24.0,222.0,26.0,2020-02-18 05:09:33+00:00,427.0,38.0,Java,2025-04-19T05:22:44,652.0,GitHubActions,2023-05-15 03:15:32+00:00,22.115384615384617,0.0889929742388758,0.2080896686159844,0.2802144249512671,2052,112.14,63.17937400381833,low,low,GitHubActions,Java,12,open_issue_ratio=low | project_age_days=low | ci_type=GitHubActions | mainLanguage=Java,JGai
raysect/source,master,92981.0,18.0,1917.0,15.0,74.0,16.0,2014-10-05 01:39:49+00:00,319.0,69.0,Python,2024-01-04T01:12:10,109.0,TravisCI,2018-12-11 00:19:08+00:00,119.8125,0.2163009404388714,0.0794718485301445,0.4775784753363228,4014,116.64,72.09421557391882,low,high,TravisCI,Python,11,open_issue_ratio=low | project_age_days=high | ci_type=TravisCI | mainLanguage=Python,PTAi
bastillion-io/bastillion-ec2,master,3515.0,13.0,625.0,22.0,423.0,16.0,2013-05-10 01:48:41+00:00,59.0,20.0,Java,2024-01-18T11:24:26,289.0,GitHubActions,2022-01-08 19:51:15+00:00,39.0625,0.3389830508474576,0.0130329136293351,0.138060525734482,4527,82.0,0.0,low,high,GitHubActions,Java,8,open_issue_ratio=low | project_age_days=high | ci_type=GitHubActions | mainLanguage=Java,JGAi
valfirst/jbehave-junit-runner,master,1735.0,16.0,536.0,100.0,73.0,28.0,2012-05-11 11:34:14+00:00,82.0,25.0,Java,2025-04-07T07:59:33,261.0,TravisCI,2014-07-01 19:19:40+00:00,19.142857142857142,0.3048780487804878,0.0167654876303414,0.1095890410958904,4891,357.93,98.12896759104576,low,high,TravisCI,Java,10,open_issue_ratio=low | project_age_days=high | ci_type=TravisCI | mainLanguage=Java,JTAi
unleash/unleash-client-python,main,7029.0,53.0,300.0,6.0,87.0,46.0,2018-10-26 11:47:02+00:00,81.0,5.0,Python,2025-03-05T09:36:12,262.0,GitHubActions,2020-01-07 14:06:10+00:00,6.521739130434782,0.0617283950617283,0.0319905213270142,0.1184834123222748,2532,103.49,67.06266014442114,low,low,GitHubActions,Python,13,open_issue_ratio=low | project_age_days=low | ci_type=GitHubActions | mainLanguage=Python,PGai
oxwearables/biobankaccelerometeranalysis,master,26601.0,40.0,962.0,21.0,207.0,19.0,2014-08-07 06:54:33+00:00,129.0,20.0,Python,2025-04-07T08:59:45,138.0,GitHubActions,2020-09-28 16:39:07+00:00,50.63157894736842,0.1550387596899224,0.0316719862509207,0.236189540878959,4073,213.8,0.6590621039290241,low,high,GitHubActions,Python,9,open_issue_ratio=low | project_age_days=high | ci_type=GitHubActions | mainLanguage=Python,PGAi
lorenzo0111/qualityarmory,master,14528.0,105.0,444.0,5.0,101.0,14.0,2017-11-02 01:35:46+00:00,412.0,46.0,Java,2025-04-26T11:10:12,205.0,GitHubActions,2021-09-11 08:56:56+00:00,31.714285714285715,0.1116504854368932,0.1425605536332179,0.1536332179930795,2890,198.52,0.0,low,low,GitHubActions,Java,12,open_issue_ratio=low | project_age_days=low | ci_type=GitHubActions | mainLanguage=Java,JGai
exomiser/exomiser,master,293013.0,31.0,3314.0,24.0,203.0,14.0,2014-11-04 10:09:50+00:00,509.0,128.0,Java,2024-12-10T03:45:18,55.0,GitHubActions,2023-04-28 09:26:16+00:00,236.7142857142857,0.2514734774066797,0.1277610441767068,0.8318273092369478,3984,237.25,40.2607629056438,low,high,GitHubActions,Java,8,open_issue_ratio=low | project_age_days=high | ci_type=GitHubActions | mainLanguage=Java,JGAi
googleapis/google-cloudevents-python,main,1511.0,19.0,171.0,46.0,26.0,17.0,2020-06-17 06:33:15+00:00,51.0,2.0,Python,2025-03-31T06:56:25,271.0,GitHubActions,2023-01-31 19:11:37+00:00,10.058823529411764,0.0392156862745098,0.0263975155279503,0.0885093167701863,1932,34.68,2.0705250512331284,low,low,GitHubActions,Python,13,open_issue_ratio=low | project_age_days=low | ci_type=GitHubActions | mainLanguage=Python,PGai
spring-gradle-plugins/dependency-management-plugin,main,1115.0,18.0,455.0,27.0,704.0,23.0,2014-07-14 02:32:59+00:00,361.0,17.0,Java,2025-04-15T11:35:44,43.0,GitHubActions,2024-03-28 14:22:58+00:00,19.782608695652176,0.0470914127423822,0.0881132536001952,0.1110568708811325,4097,62.66,21.75779484862178,low,high,GitHubActions,Java,8,open_issue_ratio=low | project_age_days=high | ci_type=GitHubActions | mainLanguage=Java,JGAi
mautrix/python,master,2196.0,183.0,1396.0,6.0,189.0,28.0,2018-03-08 08:59:39+00:00,62.0,23.0,Python,2025-01-15T04:54:14,113.0,GitHubActions,2021-06-20 17:43:09+00:00,49.85714285714285,0.3709677419354839,0.0224312590448625,0.5050651230101303,2764,79.95,4.91050510730016,high,low,GitHubActions,Python,5,open_issue_ratio=high | project_age_days=low | ci_type=GitHubActions | mainLanguage=Python,PGaI
dhi/mikeio,main,151037.0,74.0,4175.0,11.0,149.0,37.0,2019-01-31 12:02:57+00:00,222.0,16.0,Python,2025-04-22T08:32:34,497.0,GitHubActions,2020-05-28 07:32:37+00:00,112.83783783783784,0.072072072072072,0.0911704312114989,1.7145790554414784,2435,104.11,39.78118015944494,low,low,GitHubActions,Python,13,open_issue_ratio=low | project_age_days=low | ci_type=GitHubActions | mainLanguage=Python,PGai
mpas-dev/geometric_features,main,98034.0,31.0,630.0,18.0,23.0,15.0,2015-08-26 09:04:07+00:00,40.0,2.0,Python,2025-04-25T05:52:00,198.0,TravisCI,2017-03-16 15:10:02+00:00,42.0,0.05,0.0108430468961778,0.1707779886148007,3689,344.45,0.0069223224844797,low,high,TravisCI,Python,11,open_issue_ratio=low | project_age_days=high | ci_type=TravisCI | mainLanguage=Python,PTAi
people-os/support-shift-scheduler,master,1555.0,16.0,435.0,17.0,35.0,16.0,2019-11-18 07:32:40+00:00,15.0,7.0,Python,2025-04-21T12:43:15,428.0,GitHubActions,2022-09-26 15:54:24+00:00,27.1875,0.4666666666666667,0.0069962686567164,0.2028917910447761,2144,152.6,0.0094020308386611,high,low,GitHubActions,Python,5,open_issue_ratio=high | project_age_days=low | ci_type=GitHubActions | mainLanguage=Python,PGaI
neo4j-contrib/neo4j-jdbc,5.0,3688.0,22.0,603.0,28.0,121.0,11.0,2016-05-26 07:56:00+00:00,208.0,28.0,Java,2024-02-23T09:06:58,302.0,GitHubActions,2023-08-15 08:08:54+00:00,54.81818181818182,0.1346153846153846,0.0609077598828696,0.1765739385065886,3415,314.97,40.78461281788498,low,low,GitHubActions,Java,12,open_issue_ratio=low | project_age_days=low | ci_type=GitHubActions | mainLanguage=Java,JGai
jetbrains/arend,master,19546.0,13.0,4890.0,13.0,708.0,22.0,2015-02-16 12:07:33+00:00,254.0,47.0,Java,2024-11-20T06:02:38,91.0,GitHubActions,2020-02-26 19:47:57+00:00,222.27272727272728,0.1850393700787401,0.0654639175257732,1.2603092783505154,3880,131.34,32.46968294939853,low,high,GitHubActions,Java,8,open_issue_ratio=low | project_age_days=high | ci_type=GitHubActions | mainLanguage=Java,JGAi
mollie/mollie-api-python,master,1609.0,69.0,1175.0,38.0,118.0,46.0,2014-05-20 11:42:28+00:00,125.0,10.0,Python,2025-03-28T12:43:23,251.0,TravisCI,2018-01-30 10:50:06+00:00,25.543478260869566,0.08,0.0301059730250481,0.2829961464354528,4152,75.0,31.026006977481764,low,high,TravisCI,Python,11,open_issue_ratio=low | project_age_days=high | ci_type=TravisCI | mainLanguage=Python,PTAi
hibernate/hibernate-reactive,main,8734.0,33.0,2868.0,31.0,451.0,31.0,2019-01-25 02:28:07+00:00,975.0,92.0,Java,2025-04-25T04:22:54,1246.0,GitHubActions,2020-04-09 16:48:52+00:00,92.51612903225806,0.0943589743589743,0.3994264645637034,1.174928308070463,2441,45.4,53.91918022220524,low,low,GitHubActions,Java,12,open_issue_ratio=low | project_age_days=low | ci_type=GitHubActions | mainLanguage=Java,JGai
processing/processing-sound,main,6577.0,16.0,189.0,19.0,144.0,16.0,2018-08-13 05:09:44+00:00,86.0,22.0,Java,2024-06-22T08:15:06,16.0,GitHubActions,2023-03-09 11:27:49+00:00,11.8125,0.2558139534883721,0.0330007674597083,0.0725249424405218,2606,424.79,0.8379888268156425,low,low,GitHubActions,Java,12,open_issue_ratio=low | project_age_days=low | ci_type=GitHubActions | mainLanguage=Java,JGai
scikit-learn/scikit-learn,main,168305.0,45.0,32386.0,2139.0,61852.0,3250.0,2010-08-17 09:43:38+00:00,11479.0,1581.0,Python,2025-04-25T08:14:46,18675.0,TravisCI,2012-11-23 11:21:42+00:00,9.964923076923077,0.1377297674013415,2.078023171614772,5.862780593772628,5524,57.51,55.97209354166812,low,high,TravisCI,Python,11,open_issue_ratio=low | project_age_days=high | ci_type=TravisCI | mainLanguage=Python,PTAi
fusionauth/fusionauth-jwt,main,790.0,42.0,331.0,15.0,163.0,14.0,2016-10-06 05:10:48+00:00,37.0,6.0,Java,2024-07-29T03:50:33,24.0,GitHubActions,2020-07-18 22:20:19+00:00,23.642857142857142,0.1621621621621621,0.0112736136502132,0.1008531383302864,3282,83.14,54.61763987295383,low,low,GitHubActions,Java,12,open_issue_ratio=low | project_age_days=low | ci_type=GitHubActions | mainLanguage=Java,JGai
matsengrp/gctree,main,17018.0,26.0,680.0,12.0,16.0,9.0,2016-08-24 12:25:18+00:00,76.0,12.0,Python,2024-08-27T07:19:15,56.0,GitHubActions,2021-06-29 20:40:13+00:00,75.55555555555556,0.1578947368421052,0.0228571428571428,0.2045112781954887,3325,106.88,38.86386386386386,low,low,GitHubActions,Python,13,open_issue_ratio=low | project_age_days=low | ci_type=GitHubActions | mainLanguage=Python,PGai
jenkinsci/remote-file-plugin,master,506.0,15.0,216.0,8.0,55.0,11.0,2019-07-09 04:10:53+00:00,46.0,13.0,Java,2024-08-08T02:44:05,114.0,GitHubActions,2022-05-31 07:13:09+00:00,19.63636363636364,0.2826086956521739,0.0202108963093145,0.0949033391915641,2276,98.12,53.63247863247863,low,low,GitHubActions,Java,12,open_issue_ratio=low | project_age_days=low | ci_type=GitHubActions | mainLanguage=Java,JGai
rpm-software-management/mock,main,4867.0,128.0,3898.0,21.0,399.0,228.0,2016-08-16 07:24:01+00:00,615.0,115.0,Python,2025-04-15T12:00:35,926.0,TravisCI,2020-02-24 09:21:09+00:00,17.096491228070175,0.1869918699186991,0.1845184518451845,1.1695169516951696,3333,75.41,8.02181570276105,low,low,TravisCI,Python,15,open_issue_ratio=low | project_age_days=low | ci_type=TravisCI | mainLanguage=Python,PTai
inl/blacklab,dev,28253.0,31.0,2873.0,18.0,111.0,19.0,2012-10-04 10:59:42+00:00,350.0,59.0,Java,2025-04-11T12:54:02,193.0,TravisCI,2014-08-15 08:30:21+00:00,151.21052631578948,0.1685714285714285,0.0737618545837724,0.6054794520547945,4745,196.08,6.948113084185476,low,high,TravisCI,Java,10,open_issue_ratio=low | project_age_days=high | ci_type=TravisCI | mainLanguage=Java,JTAi
rundeck-plugins/py-winrm-plugin,master,400.0,35.0,131.0,12.0,15.0,18.0,2017-12-20 05:40:27+00:00,66.0,25.0,Python,2024-10-23T04:17:48,41.0,GitHubActions,2020-03-25 16:16:44+00:00,7.277777777777778,0.3787878787878788,0.0232230823363828,0.046094299788881,2842,103.98,0.0,high,low,GitHubActions,Python,5,open_issue_ratio=high | project_age_days=low | ci_type=GitHubActions | mainLanguage=Python,PGaI
dependencytrack/dependency-track,master,108283.0,68.0,6005.0,74.0,2995.0,176.0,2013-07-16 07:16:43+00:00,2162.0,816.0,Java,2025-04-25T06:16:13,1925.0,TravisCI,2016-10-14 05:18:29+00:00,34.11931818181818,0.3774283071230342,0.4847533632286995,1.3464125560538116,4460,118.66,7.992179660308048,high,high,TravisCI,Java,2,open_issue_ratio=high | project_age_days=high | ci_type=TravisCI | mainLanguage=Java,JTAI
sepinf-inc/iped,master,234030.0,41.0,9948.0,65.0,1087.0,67.0,2015-06-12 11:26:40+00:00,1473.0,265.0,Java,2025-04-24T01:05:24,658.0,GitHubActions,2019-12-26 10:21:50+00:00,148.47761194029852,0.1799049558723693,0.3913390010626992,2.642933049946865,3764,59.41,3.1920904846535327,low,high,GitHubActions,Java,8,open_issue_ratio=low | project_age_days=high | ci_type=GitHubActions | mainLanguage=Java,JGAi
ohdsi/whiterabbit,master,117545.0,56.0,803.0,59.0,187.0,30.0,2014-05-16 03:16:55+00:00,258.0,109.0,Java,2024-08-05T10:07:09,170.0,GitHubActions,2023-02-22 14:58:28+00:00,26.766666666666666,0.4224806201550387,0.0620789220404234,0.1932146294513956,4156,275.06,5.727958471895531,high,high,GitHubActions,Java,0,open_issue_ratio=high | project_age_days=high | ci_type=GitHubActions | mainLanguage=Java,JGAI
googlecloudplatform/dataflowtemplates,main,25115.0,153.0,4679.0,96.0,1199.0,220.0,2018-02-10 12:31:37+00:00,408.0,36.0,Java,2025-04-25T11:09:48,1925.0,GitHubActions,2022-01-05 19:10:52+00:00,21.26818181818182,0.088235294117647,0.1462365591397849,1.6770609318996417,2790,462.65,45.18506278101008,low,low,GitHubActions,Java,12,open_issue_ratio=low | project_age_days=low | ci_type=GitHubActions | mainLanguage=Java,JGai
clearml/clearml,master,54240.0,106.0,2514.0,95.0,5955.0,109.0,2019-06-10 08:18:32+00:00,1107.0,482.0,Python,2025-04-25T01:14:47,287.0,GitHubActions,2021-07-15 07:38:54+00:00,23.06422018348624,0.4354110207768744,0.4802603036876355,1.0906724511930586,2305,143.8,2.862077781172641,high,low,GitHubActions,Python,5,open_issue_ratio=high | project_age_days=low | ci_type=GitHubActions | mainLanguage=Python,PGaI
christophermayes/xopt,main,1380167.0,35.0,1567.0,5.0,60.0,21.0,2019-04-02 03:28:40+00:00,48.0,16.0,Python,2024-08-08T04:14:51,193.0,GitHubActions,2021-08-12 18:05:42+00:00,74.61904761904762,0.3333333333333333,0.0202190395956192,0.6600673967986521,2374,78.28,47.87831230759944,low,low,GitHubActions,Python,13,open_issue_ratio=low | project_age_days=low | ci_type=GitHubActions | mainLanguage=Python,PGai
netflix/servo,master,5402.0,45.0,1279.0,554.0,1418.0,46.0,2011-12-16 09:09:27+00:00,116.0,0.0,Java,2024-12-10T09:14:02,359.0,TravisCI,2015-08-07 18:08:53+00:00,27.80434782608696,0.0,0.0230250099245732,0.2538705835649067,5038,258.63,46.70991080895653,low,high,TravisCI,Java,10,open_issue_ratio=low | project_age_days=high | ci_type=TravisCI | mainLanguage=Java,JTAi
fiji/trainable_segmentation,master,72382.0,44.0,1346.0,23.0,109.0,23.0,2014-04-03 02:52:32+00:00,55.0,27.0,Java,2024-09-28T01:03:36,28.0,TravisCI,2017-03-01 21:35:02+00:00,58.52173913043478,0.4909090909090909,0.0130983567516075,0.3205525125029769,4199,132.44,2.77131545651198,high,high,TravisCI,Java,2,open_issue_ratio=high | project_age_days=high | ci_type=TravisCI | mainLanguage=Java,JTAI
jenkinsci/google-oauth-plugin,develop,594.0,14.0,336.0,13.0,38.0,42.0,2014-03-18 04:52:49+00:00,56.0,18.0,Java,2025-04-25T05:42:00,189.0,TravisCI,2019-02-06 18:28:49+00:00,8.0,0.3214285714285714,0.0132858837485172,0.0797153024911032,4215,322.35,62.72686025408348,low,high,TravisCI,Java,10,open_issue_ratio=low | project_age_days=high | ci_type=TravisCI | mainLanguage=Java,JTAi
mne-tools/mne-bids-pipeline,main,1102417.0,13.0,903.0,12.0,146.0,27.0,2019-01-28 12:18:07+00:00,346.0,76.0,Python,2025-04-21T08:13:11,733.0,GitHubActions,2020-11-02 14:07:53+00:00,33.44444444444444,0.2196531791907514,0.1419196062346185,0.3703855619360131,2438,126.95,11.392763978677554,low,low,GitHubActions,Python,13,open_issue_ratio=low | project_age_days=low | ci_type=GitHubActions | mainLanguage=Python,PGai
ashwanthkumar/gocd-build-github-pull-requests,master,1861.0,24.0,213.0,9.0,95.0,,2015-02-04 05:13:44+00:00,127.0,44.0,Java,2024-05-12T04:29:31,51.0,TravisCI,2017-02-25 03:33:12+00:00,,0.3464566929133858,0.0326310380267214,0.0547276464542651,3892,0.0,36.69144981412639,low,high,TravisCI,Java,10,open_issue_ratio=low | project_age_days=high | ci_type=TravisCI | mainLanguage=Java,JTAi
vespa-engine/vespa,master,458548.0,215.0,89376.0,155.0,6137.0,141.0,2016-06-03 08:54:20+00:00,1071.0,209.0,Java,2025-04-25T01:57:55,32779.0,TravisCI,2017-08-14 13:15:27+00:00,633.8723404255319,0.1951447245564892,0.3143528030525389,26.23304960375697,3407,54.19,22.1281365445118,low,low,TravisCI,Java,14,open_issue_ratio=low | project_age_days=low | ci_type=TravisCI | mainLanguage=Java,JTai
holoviz/param,main,5082.0,30.0,938.0,18.0,457.0,44.0,2012-05-01 11:51:08+00:00,487.0,168.0,Python,2025-04-16T10:18:48,560.0,TravisCI,2014-05-09 18:32:19+00:00,21.318181818181817,0.3449691991786447,0.0993674760253009,0.1913895123444195,4901,510.7,64.55552151267125,low,high,TravisCI,Python,11,open_issue_ratio=low | project_age_days=high | ci_type=TravisCI | mainLanguage=Python,PTAi
fugerit-org/fj-doc,main,8650.0,115.0,1789.0,4.0,16.0,9.0,2019-11-06 09:10:27+00:00,137.0,7.0,Java,2025-04-26T10:49:30,266.0,GitHubActions,2021-12-19 19:44:52+00:00,198.77777777777777,0.0510948905109489,0.0635435992578849,0.8297773654916512,2156,18.63,14.212089707411256,low,low,GitHubActions,Java,12,open_issue_ratio=low | project_age_days=low | ci_type=GitHubActions | mainLanguage=Java,JGai
lookyloo/lookyloo,main,7813.0,29.0,2694.0,17.0,706.0,25.0,2017-07-23 05:53:24+00:00,212.0,57.0,Python,2025-04-25T01:48:38,796.0,GitHubActions,2019-11-15 15:51:37+00:00,107.76,0.2688679245283019,0.070855614973262,0.9004010695187166,2992,193.73,0.0,low,low,GitHubActions,Python,13,open_issue_ratio=low | project_age_days=low | ci_type=GitHubActions | mainLanguage=Python,PGai
pnx-si/taxhub,master,41079.0,59.0,2085.0,24.0,24.0,35.0,2015-04-03 07:42:31+00:00,299.0,56.0,Python,2025-02-13T10:09:05,302.0,GitHubActions,2022-01-12 14:35:49+00:00,59.57142857142857,0.1872909698996655,0.0779864371413667,0.5438184663536776,3834,270.76,21.877105007110245,low,high,GitHubActions,Python,9,open_issue_ratio=low | project_age_days=high | ci_type=GitHubActions | mainLanguage=Python,PGAi
3liz/lizmap-plugin,master,14260.0,145.0,2000.0,12.0,64.0,26.0,2013-02-07 01:26:02+00:00,325.0,70.0,Python,2025-04-25T12:52:41,292.0,TravisCI,2019-11-08 15:49:29+00:00,76.92307692307692,0.2153846153846154,0.0703615501190734,0.4329941545789131,4619,362.83,11.795993880527982,low,high,TravisCI,Python,11,open_issue_ratio=low | project_age_days=high | ci_type=TravisCI | mainLanguage=Python,PTAi
javaito/holandacatalinafw,master,3192.0,23.0,1150.0,8.0,14.0,29.0,2016-01-14 07:26:34+00:00,25.0,5.0,Java,2025-03-26T01:26:24,99.0,TravisCI,2017-05-19 18:41:25+00:00,39.6551724137931,0.2,0.0070462232243517,0.3241262683201804,3548,184.42,21.386887311981152,low,high,TravisCI,Java,10,open_issue_ratio=low | project_age_days=high | ci_type=TravisCI | mainLanguage=Java,JTAi
miyouzi/anigamerplus,master,4308.0,53.0,375.0,13.0,679.0,27.0,2019-01-06 09:03:18+00:00,225.0,33.0,Python,2024-10-06T05:13:32,63.0,GitHubActions,2021-07-26 12:25:27+00:00,13.88888888888889,0.1466666666666666,0.0914634146341463,0.1524390243902439,2460,92.57,6.117830115283966,low,low,GitHubActions,Python,13,open_issue_ratio=low | project_age_days=low | ci_type=GitHubActions | mainLanguage=Python,PGai
bonej-org/bonej2,master,4511.0,26.0,1294.0,5.0,23.0,12.0,2016-03-29 01:11:24+00:00,133.0,32.0,Java,2025-04-08T10:47:57,218.0,TravisCI,2017-07-31 19:37:53+00:00,107.83333333333331,0.2406015037593984,0.038295421825511,0.3725885401670026,3473,148.88,47.415,low,low,TravisCI,Java,14,open_issue_ratio=low | project_age_days=low | ci_type=TravisCI | mainLanguage=Java,JTai
marketsquare/remoteswinglibrary,master,487.0,26.0,304.0,23.0,31.0,28.0,2014-03-10 09:42:10+00:00,77.0,14.0,Python,2024-08-20T05:10:21,44.0,GitHubActions,2022-02-02 14:53:09+00:00,10.857142857142858,0.1818181818181818,0.0182334833057068,0.0719867392848685,4223,351.23,18.24580400649702,low,high,GitHubActions,Python,9,open_issue_ratio=low | project_age_days=high | ci_type=GitHubActions | mainLanguage=Python,PGAi
getappmap/appmap-intellij-plugin,develop,70409.0,107.0,1130.0,5.0,44.0,17.0,2021-04-08 02:25:06+00:00,408.0,63.0,Java,2025-04-25T08:54:17,466.0,TravisCI,2022-08-18 14:20:03+00:00,66.47058823529412,0.1544117647058823,0.2492364080635308,0.6902871105681124,1637,46.85,0.4627305982771506,low,low,TravisCI,Java,14,open_issue_ratio=low | project_age_days=low | ci_type=TravisCI | mainLanguage=Java,JTai
pymc-devs/nutpie,main,2236.0,30.0,306.0,16.0,143.0,15.0,2020-10-19 05:19:30+00:00,78.0,24.0,Python,2025-04-17T04:42:29,120.0,GitHubActions,2022-06-20 13:13:59+00:00,20.4,0.3076923076923077,0.0431415929203539,0.1692477876106194,1808,90.19,6.286394917946003,low,low,GitHubActions,Python,13,open_issue_ratio=low | project_age_days=low | ci_type=GitHubActions | mainLanguage=Python,PGai
apicurio/apicurio-data-models,main,4389.0,42.0,1003.0,9.0,61.0,24.0,2019-04-22 03:59:08+00:00,58.0,30.0,Java,2025-04-10T02:31:20,822.0,GitHubActions,2020-04-30 17:24:22+00:00,41.79166666666666,0.5172413793103449,0.0246389124893797,0.4260832625318607,2354,111.69,1.8234005480323616,high,low,GitHubActions,Java,4,open_issue_ratio=high | project_age_days=low | ci_type=GitHubActions | mainLanguage=Java,JGaI
plasmapy/plasmapy,main,34148.0,14.0,4360.0,32.0,600.0,167.0,2015-11-24 06:36:24+00:00,949.0,326.0,Python,2025-04-25T06:13:38,1999.0,TravisCI,2017-05-06 18:19:49+00:00,26.107784431137723,0.3435194942044257,0.2636843567657683,1.2114476243400945,3599,346.14,27.25751503865857,low,high,TravisCI,Python,11,open_issue_ratio=low | project_age_days=high | ci_type=TravisCI | mainLanguage=Python,PTAi
django-ses/django-ses,main,601.0,52.0,385.0,16.0,1037.0,81.0,2011-01-25 07:41:40+00:00,150.0,49.0,Python,2025-03-07T04:24:38,200.0,TravisCI,2012-02-04 04:55:12+00:00,4.753086419753086,0.3266666666666666,0.0279694201006899,0.0717881782584374,5363,354.54,49.60883571099862,low,high,TravisCI,Python,11,open_issue_ratio=low | project_age_days=high | ci_type=TravisCI | mainLanguage=Python,PTAi
armourers-workshop/armourers-workshop,develop,31883.0,121.0,3418.0,16.0,160.0,13.0,2014-07-21 09:47:53+00:00,465.0,12.0,Java,2025-02-25T07:48:47,35.0,GitHubActions,2023-01-01 02:47:54+00:00,262.9230769230769,0.0258064516129032,0.1136919315403423,0.8356968215158924,4090,244.56,0.2132210324946196,low,high,GitHubActions,Java,8,open_issue_ratio=low | project_age_days=high | ci_type=GitHubActions | mainLanguage=Java,JGAi
facebook/fresco,main,77647.0,55.0,4248.0,846.0,17106.0,494.0,2015-03-02 09:58:04+00:00,2317.0,237.0,Java,2025-04-25T07:47:40,470.0,GitHubActions,2020-01-16 12:24:32+00:00,8.59919028340081,0.1022874406560207,0.599327470253492,1.0988101396792551,3866,105.36,5.180480843411245,low,high,GitHubActions,Java,8,open_issue_ratio=low | project_age_days=high | ci_type=GitHubActions | mainLanguage=Java,JGAi
cst-group/cst,master,12270.0,26.0,717.0,15.0,33.0,27.0,2015-08-14 05:56:39+00:00,22.0,12.0,Java,2025-03-13T04:48:33,48.0,TravisCI,2019-05-02 21:36:56+00:00,26.55555555555556,0.5454545454545454,0.0059443393677384,0.1937314239394758,3701,272.37,49.986781811773,high,high,TravisCI,Java,2,open_issue_ratio=high | project_age_days=high | ci_type=TravisCI | mainLanguage=Java,JTAI
bananafructa/apec,master,833.0,27.0,104.0,3.0,75.0,8.0,2020-07-02 06:44:04+00:00,37.0,13.0,Java,2024-09-07T09:11:42,10.0,GitHubActions,2023-05-06 18:11:13+00:00,13.0,0.3513513513513513,0.019300991131977,0.0542514345331246,1917,44.16,0.0,high,low,GitHubActions,Java,4,open_issue_ratio=high | project_age_days=low | ci_type=GitHubActions | mainLanguage=Java,JGaI
dequelabs/axe-core-maven-html,develop,1380.0,21.0,387.0,12.0,81.0,29.0,2015-06-11 02:14:52+00:00,135.0,17.0,Java,2024-11-08T01:05:21,362.0,GitHubActions,2020-07-30 14:20:38+00:00,13.344827586206897,0.1259259259259259,0.0358565737051792,0.1027888446215139,3765,105.59,25.21592442645074,low,high,GitHubActions,Java,8,open_issue_ratio=low | project_age_days=high | ci_type=GitHubActions | mainLanguage=Java,JGAi
cevi/automatic_walk-time_tables,master,38684.0,48.0,857.0,2.0,16.0,7.0,2020-07-05 12:17:09+00:00,122.0,28.0,Python,2025-04-14T06:15:02,491.0,GitHubActions,2022-07-31 09:56:25+00:00,122.42857142857144,0.2295081967213114,0.0637408568443051,0.4477533960292581,1914,103.39,0.0351332869072042,low,low,GitHubActions,Python,13,open_issue_ratio=low | project_age_days=low | ci_type=GitHubActions | mainLanguage=Python,PGai
termux/termux-api,master,1350.0,51.0,458.0,144.0,2606.0,58.0,2015-07-03 12:57:59+00:00,501.0,213.0,Java,2025-04-13T06:06:34,181.0,GitHubActions,2020-02-07 12:19:10+00:00,7.896551724137931,0.4251497005988024,0.1338498530590435,0.1223617419182473,3743,154.61,0.0,high,high,GitHubActions,Java,0,open_issue_ratio=high | project_age_days=high | ci_type=GitHubActions | mainLanguage=Java,JGAI
databiosphere/toil,master,35848.0,55.0,6212.0,54.0,909.0,146.0,2015-03-30 09:08:58+00:00,3066.0,399.0,Python,2025-04-24T04:05:47,2224.0,TravisCI,2017-08-25 20:01:38+00:00,42.54794520547945,0.1301369863013698,0.7988535695674831,1.6185513288170923,3838,218.78,36.66876953517048,low,high,TravisCI,Python,11,open_issue_ratio=low | project_age_days=high | ci_type=TravisCI | mainLanguage=Python,PTAi
camunda-community-hub/script-connector,main,561.0,14.0,635.0,7.0,31.0,13.0,2018-07-05 07:07:12+00:00,21.0,1.0,Java,2025-04-25T01:05:42,527.0,GitHubActions,2019-08-28 06:50:03+00:00,48.84615384615385,0.0476190476190476,0.0079395085066162,0.2400756143667296,2645,171.71,33.113590263691684,low,low,GitHubActions,Java,12,open_issue_ratio=low | project_age_days=low | ci_type=GitHubActions | mainLanguage=Java,JGai
cogstack/medcat,master,15087.0,50.0,1481.0,21.0,485.0,33.0,2019-03-17 04:09:21+00:00,79.0,1.0,Python,2025-04-25T11:14:47,400.0,GitHubActions,2021-07-27 13:12:33+00:00,44.87878787878788,0.0126582278481012,0.0330543933054393,0.6196652719665272,2390,37.27,1.8778806923258489,low,low,GitHubActions,Python,13,open_issue_ratio=low | project_age_days=low | ci_type=GitHubActions | mainLanguage=Python,PGai
aws-solutions-library-samples/data-lakes-on-aws,main,14506.0,42.0,647.0,33.0,445.0,38.0,2020-09-08 10:45:31+00:00,105.0,12.0,Python,2025-03-28T03:49:40,410.0,GitHubActions,2023-06-08 14:19:20+00:00,17.026315789473685,0.1142857142857142,0.0567874526771227,0.3499188750676041,1849,122.82,0.0,low,low,GitHubActions,Python,13,open_issue_ratio=low | project_age_days=low | ci_type=GitHubActions | mainLanguage=Python,PGai
neo4j-labs/neosemantics,5.20,10281.0,36.0,689.0,42.0,861.0,,2016-03-21 06:14:22+00:00,238.0,116.0,Java,2024-06-05T02:36:56,90.0,TravisCI,2019-06-05 10:19:02+00:00,,0.4873949579831932,0.0683711577133007,0.1979316288422867,3481,0.0,15.61385076717666,high,low,TravisCI,Java,6,open_issue_ratio=high | project_age_days=low | ci_type=TravisCI | mainLanguage=Java,JTaI
huggingface/pytorch-image-models,main,27800.0,65.0,2711.0,316.0,33949.0,177.0,2019-02-02 05:51:12+00:00,967.0,50.0,Python,2025-04-22T03:50:11,603.0,GitHubActions,2020-05-07 03:21:50+00:00,15.31638418079096,0.0517063081695966,0.3974517057131114,1.114262227702425,2433,54.5,4.927989569253221,low,low,GitHubActions,Python,13,open_issue_ratio=low | project_age_days=low | ci_type=GitHubActions | mainLanguage=Python,PGai
beaufour/flickr-download,master,510.0,23.0,376.0,5.0,237.0,14.0,2012-12-24 11:59:28+00:00,53.0,9.0,Python,2025-04-21T10:36:45,80.0,TravisCI,2014-11-22 18:16:31+00:00,26.857142857142858,0.1698113207547169,0.0113636363636363,0.0806174957118353,4664,242.76,15.107212475633528,low,high,TravisCI,Python,11,open_issue_ratio=low | project_age_days=high | ci_type=TravisCI | mainLanguage=Python,PTAi
tayler6000/pyvoip,master,418.0,24.0,172.0,21.0,252.0,16.0,2020-07-17 07:55:39+00:00,193.0,88.0,Python,2025-03-04T10:01:11,71.0,GitHubActions,2022-09-13 01:05:12+00:00,10.75,0.4559585492227979,0.1014721345951629,0.0904311251314406,1902,89.71,5.008210180623974,high,low,GitHubActions,Python,5,open_issue_ratio=high | project_age_days=low | ci_type=GitHubActions | mainLanguage=Python,PGaI
folio-fse/folio_migration_tools,main,3286.0,81.0,2206.0,5.0,12.0,17.0,2018-08-21 06:56:25+00:00,614.0,100.0,Python,2025-04-24T11:18:48,271.0,GitHubActions,2021-07-27 12:42:15+00:00,129.76470588235293,0.1628664495114006,0.2363356428021555,0.8491147036181679,2598,142.13,18.80439970002045,low,low,GitHubActions,Python,13,open_issue_ratio=low | project_age_days=low | ci_type=GitHubActions | mainLanguage=Python,PGai
openwrt/asu,main,2908.0,47.0,1495.0,24.0,371.0,28.0,2017-05-17 07:44:03+00:00,865.0,391.0,Python,2025-04-20T10:54:58,517.0,TravisCI,2019-02-22 10:35:18+00:00,53.392857142857146,0.4520231213872832,0.2827721477607061,0.4887218045112781,3059,64.72,35.213304410701376,high,low,TravisCI,Python,7,open_issue_ratio=high | project_age_days=low | ci_type=TravisCI | mainLanguage=Python,PTaI
defold/extender,dev,3271.0,73.0,1240.0,13.0,51.0,27.0,2016-11-07 03:57:40+00:00,145.0,34.0,Java,2025-04-24T07:33:29,567.0,GitHubActions,2019-10-08 09:53:02+00:00,45.92592592592592,0.2344827586206896,0.0446153846153846,0.3815384615384615,3250,135.47,25.84117710699989,low,low,GitHubActions,Java,12,open_issue_ratio=low | project_age_days=low | ci_type=GitHubActions | mainLanguage=Java,JGai
steve-community/steve,master,9780.0,43.0,2573.0,60.0,873.0,36.0,2013-09-05 12:31:46+00:00,661.0,99.0,Java,2025-03-30T04:17:19,1070.0,TravisCI,2015-10-07 14:28:41+00:00,71.47222222222223,0.1497730711043872,0.1499206169199365,0.5835790428668632,4409,67.57,18.98491923754115,low,high,TravisCI,Java,10,open_issue_ratio=low | project_age_days=high | ci_type=TravisCI | mainLanguage=Java,JTAi
lsts/neptus,develop,840557.0,14.0,9462.0,34.0,82.0,71.0,2013-03-15 03:34:19+00:00,28.0,5.0,Java,2025-04-25T03:08:47,108.0,TravisCI,2014-09-27 12:03:14+00:00,133.26760563380282,0.1785714285714285,0.0061095352389264,2.064586515382937,4583,221.48,0.2892588652640106,low,high,TravisCI,Java,10,open_issue_ratio=low | project_age_days=high | ci_type=TravisCI | mainLanguage=Java,JTAi
alryaz/hass-pandora-cas,master,1844.0,75.0,433.0,8.0,45.0,7.0,2020-09-04 01:40:48+00:00,35.0,5.0,Python,2025-02-14T09:46:08,5.0,GitHubActions,2021-09-14 04:08:29+00:00,61.85714285714285,0.1428571428571428,0.0188882892606583,0.2336751214247166,1853,87.9,0.0,low,low,GitHubActions,Python,13,open_issue_ratio=low | project_age_days=low | ci_type=GitHubActions | mainLanguage=Python,PGai
kozea/radicale,master,5507.0,60.0,3045.0,96.0,3668.0,144.0,2011-08-11 08:27:37+00:00,1067.0,2.0,Python,2025-04-26T01:48:09,556.0,TravisCI,2015-07-17 15:56:06+00:00,21.14583333333333,0.0018744142455482,0.2065827686350435,0.5895450145208132,5165,642.74,30.614517363769227,low,high,TravisCI,Python,11,open_issue_ratio=low | project_age_days=high | ci_type=TravisCI | mainLanguage=Python,PTAi
ungarj/mapchete,main,11750.0,89.0,2216.0,6.0,200.0,8.0,2015-07-22 03:59:22+00:00,274.0,50.0,Python,2025-04-18T08:32:25,403.0,TravisCI,2017-03-24 08:52:05+00:00,277.0,0.1824817518248175,0.0735767991407089,0.5950590762620838,3724,115.22,44.88408996826273,low,high,TravisCI,Python,11,open_issue_ratio=low | project_age_days=high | ci_type=TravisCI | mainLanguage=Python,PTAi
gocd-contrib/gocd-groovy-dsl-config-plugin,master,3279.0,356.0,841.0,8.0,10.0,13.0,2018-02-13 04:24:13+00:00,19.0,1.0,Java,2025-04-24T02:17:38,528.0,GitHubActions,2024-02-03 06:43:59+00:00,64.6923076923077,0.0526315789473684,0.0068173663437387,0.3017581628991747,2787,171.91,8.669683257918551,low,low,GitHubActions,Java,12,open_issue_ratio=low | project_age_days=low | ci_type=GitHubActions | mainLanguage=Java,JGai
aeag/menufromproject-qgis-plugin,master,3842.0,15.0,613.0,4.0,10.0,16.0,2014-06-05 02:08:36+00:00,45.0,10.0,Python,2025-04-08T09:13:34,140.0,GitHubActions,2020-11-26 14:05:32+00:00,38.3125,0.2222222222222222,0.010880077369439,0.14821083172147,4136,67.56,3.1446540880503147,low,high,GitHubActions,Python,9,open_issue_ratio=low | project_age_days=high | ci_type=GitHubActions | mainLanguage=Python,PGAi
wee-slack/wee-slack,master,3716.0,19.0,2337.0,41.0,2549.0,109.0,2014-04-03 04:34:39+00:00,572.0,92.0,Python,2025-04-07T06:12:09,373.0,TravisCI,2017-02-01 20:28:53+00:00,21.440366972477065,0.1608391608391608,0.1362229102167182,0.5565610859728507,4199,208.9,11.58929762581219,low,high,TravisCI,Python,11,open_issue_ratio=low | project_age_days=high | ci_type=TravisCI | mainLanguage=Python,PTAi
phax/jcodemodel,master,12771.0,18.0,860.0,14.0,93.0,,2013-09-11 05:35:08+00:00,63.0,9.0,Java,2025-01-21T10:13:37,35.0,TravisCI,2015-10-11 10:46:36+00:00,,0.1428571428571428,0.0143084260731319,0.19532137179196,4403,0.0,29.091709302965285,low,high,TravisCI,Java,10,open_issue_ratio=low | project_age_days=high | ci_type=TravisCI | mainLanguage=Java,JTAi
azure/azure-sdk-for-android,main,27057.0,155.0,1556.0,347.0,107.0,37.0,2018-02-28 04:25:35+00:00,270.0,17.0,Java,2025-04-25T05:47:45,1566.0,GitHubActions,2022-09-07 00:09:38+00:00,42.054054054054056,0.0629629629629629,0.0974025974025974,0.5613275613275613,2772,267.17,33.18087664910403,low,low,GitHubActions,Java,12,open_issue_ratio=low | project_age_days=low | ci_type=GitHubActions | mainLanguage=Java,JGai
keras-team/keras-cv,master,26347.0,46.0,1217.0,30.0,1017.0,106.0,2020-05-18 10:39:21+00:00,1002.0,162.0,Python,2024-11-02T12:11:23,1441.0,GitHubActions,2021-11-09 20:11:25+00:00,11.4811320754717,0.1616766467065868,0.5107033639143731,0.6202854230377166,1962,164.19,51.31010184746566,low,low,GitHubActions,Python,13,open_issue_ratio=low | project_age_days=low | ci_type=GitHubActions | mainLanguage=Python,PGai
thieu1995/mealpy,master,15757.0,56.0,1759.0,13.0,861.0,14.0,2020-03-16 10:16:54+00:00,142.0,5.0,Python,2024-06-12T03:50:21,24.0,GitHubActions,2023-03-20 10:49:00+00:00,125.64285714285714,0.0352112676056338,0.0701234567901234,0.868641975308642,2025,29.44,16.966370376438782,low,low,GitHubActions,Python,13,open_issue_ratio=low | project_age_days=low | ci_type=GitHubActions | mainLanguage=Python,PGai
codalab/codabench,develop,81793.0,28.0,1892.0,8.0,88.0,44.0,2017-07-27 03:43:10+00:00,1001.0,79.0,Python,2025-04-23T04:02:43,824.0,GitHubActions,2024-10-03 14:10:21+00:00,43.0,0.0789210789210789,0.3350066934404284,0.6331994645247657,2988,158.46,12.114150916256724,low,low,GitHubActions,Python,13,open_issue_ratio=low | project_age_days=low | ci_type=GitHubActions | mainLanguage=Python,PGai
hibikier/zhenxun_bot,main,313729.0,71.0,1939.0,25.0,3535.0,71.0,2021-05-16 11:49:20+00:00,1408.0,12.0,Python,2025-04-05T03:19:24,448.0,GitHubActions,2022-05-21 15:50:51+00:00,27.309859154929576,0.0085227272727272,0.8805503439649781,1.2126328955597248,1599,25.2,8.584157339997827,low,low,GitHubActions,Python,13,open_issue_ratio=low | project_age_days=low | ci_type=GitHubActions | mainLanguage=Python,PGai
xbmc/kore,master,49215.0,26.0,1089.0,88.0,647.0,122.0,2015-01-14 11:26:04+00:00,423.0,107.0,Java,2024-10-16T04:08:06,594.0,TravisCI,2016-02-06 17:58:58+00:00,8.926229508196721,0.2529550827423167,0.1081012011244569,0.2783030922565806,3913,434.23,3.574233158032506,low,high,TravisCI,Java,10,open_issue_ratio=low | project_age_days=high | ci_type=TravisCI | mainLanguage=Java,JTAi
jenkinsci/winstone,master,1507.0,60.0,968.0,103.0,95.0,48.0,2010-02-03 01:53:58+00:00,14.0,3.0,Java,2025-04-17T03:37:05,417.0,GitHubActions,2020-09-30 05:25:55+00:00,20.166666666666668,0.2142857142857142,0.0024479804161566,0.1692603602028326,5719,142.92,27.66183233109303,low,high,GitHubActions,Java,8,open_issue_ratio=low | project_age_days=high | ci_type=GitHubActions | mainLanguage=Java,JGAi
goshippo/shippo-java-client,master,306.0,16.0,227.0,40.0,53.0,23.0,2015-03-23 06:43:28+00:00,14.0,6.0,Java,2024-02-26T04:38:12,63.0,TravisCI,2016-10-28 05:15:01+00:00,9.869565217391305,0.4285714285714285,0.0036410923276983,0.059037711313394,3845,385.52,29.90168799851605,high,high,TravisCI,Java,2,open_issue_ratio=high | project_age_days=high | ci_type=TravisCI | mainLanguage=Java,JTAI
nexusformat/definitions,main,225556.0,13.0,4278.0,22.0,26.0,77.0,2014-05-02 02:18:37+00:00,1031.0,184.0,Python,2025-04-09T04:42:59,524.0,TravisCI,2016-11-25 16:50:06+00:00,55.55844155844156,0.1784675072744908,0.247242206235012,1.0258992805755396,4170,154.15,0.7372416701813581,low,high,TravisCI,Python,11,open_issue_ratio=low | project_age_days=high | ci_type=TravisCI | mainLanguage=Python,PTAi
juancarloscp52/bedrockify,1.21.5,65472.0,53.0,531.0,7.0,182.0,36.0,2020-08-21 04:11:15+00:00,312.0,85.0,Java,2025-03-31T08:53:21,81.0,GitHubActions,2024-05-07 14:33:27+00:00,14.75,0.2724358974358974,0.1671130155329405,0.2844134975897161,1867,55.59,0.6332236842105263,low,low,GitHubActions,Java,12,open_issue_ratio=low | project_age_days=low | ci_type=GitHubActions | mainLanguage=Java,JGai
rxwen/homeassistant-terncy-component,main,201.0,49.0,183.0,5.0,85.0,10.0,2021-03-05 12:02:46+00:00,76.0,3.0,Python,2025-04-24T07:25:22,33.0,GitHubActions,2023-04-15 06:15:44+00:00,18.3,0.0394736842105263,0.0454817474566128,0.1095152603231597,1671,91.28,0.0,low,low,GitHubActions,Python,13,open_issue_ratio=low | project_age_days=low | ci_type=GitHubActions | mainLanguage=Python,PGai
digi-uw/openelis-global-2,develop,211556.0,17.0,7292.0,23.0,135.0,94.0,2019-01-15 10:29:06+00:00,352.0,60.0,Java,2025-04-25T03:40:27,1602.0,GitHubActions,2021-06-24 07:52:42+00:00,77.57446808510639,0.1704545454545454,0.1436148510811913,2.975112199102407,2451,67.54,7.940439053808736,low,low,GitHubActions,Java,12,open_issue_ratio=low | project_age_days=low | ci_type=GitHubActions | mainLanguage=Java,JGai
geosolutions-it/geostore,master,3298.0,13.0,449.0,17.0,32.0,29.0,2012-04-27 09:42:23+00:00,174.0,60.0,Java,2025-04-22T01:50:28,250.0,TravisCI,2016-01-15 13:18:06+00:00,15.482758620689657,0.3448275862068966,0.0354740061162079,0.091539245667686,4905,123.23,44.51256753582335,low,high,TravisCI,Java,10,open_issue_ratio=low | project_age_days=high | ci_type=TravisCI | mainLanguage=Java,JTAi
multiverse/multiverse-inventories,main,3888.0,15.0,705.0,13.0,105.0,24.0,2012-01-19 04:23:50+00:00,458.0,71.0,Java,2025-04-14T02:18:19,126.0,TravisCI,2020-12-11 18:19:44+00:00,29.375,0.1550218340611353,0.0915267785771382,0.1408872901678657,5004,703.7,0.6683719778859643,low,high,TravisCI,Java,10,open_issue_ratio=low | project_age_days=high | ci_type=TravisCI | mainLanguage=Java,JTAi
redditraffler/redditraffler,staging,2522.0,14.0,325.0,5.0,26.0,1.0,2018-02-05 02:46:26+00:00,72.0,6.0,Python,2024-12-16T04:30:53,519.0,GitHubActions,2020-09-04 07:10:48+00:00,325.0,0.0833333333333333,0.0257602862254025,0.1162790697674418,2795,72.09,22.936875093269663,low,low,GitHubActions,Python,13,open_issue_ratio=low | project_age_days=low | ci_type=GitHubActions | mainLanguage=Python,PGai
dropwizard-jobs/dropwizard-jobs,master,588.0,18.0,526.0,6.0,164.0,31.0,2012-11-18 10:30:19+00:00,66.0,15.0,Java,2025-01-07T09:34:44,242.0,TravisCI,2015-04-18 19:31:13+00:00,16.967741935483872,0.2272727272727272,0.0140425531914893,0.1119148936170212,4700,344.78,32.22662199208041,low,high,TravisCI,Java,10,open_issue_ratio=low | project_age_days=high | ci_type=TravisCI | mainLanguage=Java,JTAi
unbabel/comet,master,10196.0,18.0,564.0,20.0,566.0,36.0,2020-05-28 02:59:58+00:00,177.0,39.0,Python,2025-04-07T10:04:16,68.0,GitHubActions,2021-07-15 12:08:13+00:00,15.666666666666666,0.2203389830508474,0.0906762295081967,0.2889344262295082,1952,36.94,16.797611565053426,low,low,GitHubActions,Python,13,open_issue_ratio=low | project_age_days=low | ci_type=GitHubActions | mainLanguage=Python,PGai
gafferhq/gaffer,main,82397.0,437.0,21445.0,101.0,997.0,69.0,2013-03-27 12:04:53+00:00,1408.0,322.0,Python,2025-04-25T08:28:57,4777.0,TravisCI,2014-09-14 10:40:19+00:00,310.7971014492754,0.2286931818181818,0.308028877707285,4.691533581273244,4571,326.0,42.98099867078776,low,high,TravisCI,Python,11,open_issue_ratio=low | project_age_days=high | ci_type=TravisCI | mainLanguage=Python,PTAi
piskvorky/gensim,develop,106237.0,43.0,4536.0,426.0,15846.0,476.0,2011-02-10 07:43:04+00:00,1854.0,389.0,Python,2025-02-14T02:36:27,1714.0,TravisCI,2013-12-26 00:16:19+00:00,9.529411764705882,0.209816612729234,0.3467364877501402,0.8483261642042267,5347,103.97,11.773025232721722,low,high,TravisCI,Python,11,open_issue_ratio=low | project_age_days=high | ci_type=TravisCI | mainLanguage=Python,PTAi
tj-django/django-clone,main,1747.0,48.0,1760.0,3.0,124.0,16.0,2019-02-25 04:25:25+00:00,68.0,7.0,Python,2025-04-14T11:13:56,870.0,GitHubActions,2020-09-05 19:39:47+00:00,110.0,0.1029411764705882,0.0282157676348547,0.7302904564315352,2410,138.65,35.68634423897582,low,low,GitHubActions,Python,13,open_issue_ratio=low | project_age_days=low | ci_type=GitHubActions | mainLanguage=Python,PGai
marcgiffing/bucket4j-spring-boot-starter,master,1121.0,25.0,505.0,13.0,325.0,26.0,2017-07-11 03:11:52+00:00,156.0,16.0,Java,2025-03-17T12:28:25,208.0,GitHubActions,2019-11-25 18:30:24+00:00,19.423076923076923,0.1025641025641025,0.0519307589880159,0.1681091877496671,3004,97.3,39.40267225569819,low,low,GitHubActions,Java,12,open_issue_ratio=low | project_age_days=low | ci_type=GitHubActions | mainLanguage=Java,JGai
rodrigo-arenas/sklearn-genetic-opt,master,129529.0,18.0,511.0,8.0,325.0,21.0,2020-01-18 07:16:48+00:00,65.0,3.0,Python,2025-01-25T05:16:32,96.0,TravisCI,2021-04-26 18:35:53+00:00,24.33333333333333,0.0461538461538461,0.0312049927988478,0.2453192510801728,2083,58.76,38.82949809748143,low,low,TravisCI,Python,15,open_issue_ratio=low | project_age_days=low | ci_type=TravisCI | mainLanguage=Python,PTai
tinylog-org/tinylog,v2.8,53053.0,83.0,1283.0,12.0,738.0,21.0,2012-09-13 11:21:42+00:00,248.0,27.0,Java,2025-04-24T12:29:41,548.0,TravisCI,2016-10-24 18:33:22+00:00,61.095238095238095,0.1088709677419354,0.0520352496852706,0.2691984892992027,4766,78.9,91.38595025983668,low,high,TravisCI,Java,10,open_issue_ratio=low | project_age_days=high | ci_type=TravisCI | mainLanguage=Java,JTAi
gbif/ipt,master,186488.0,36.0,9112.0,35.0,127.0,99.0,2015-05-07 07:44:39+00:00,2342.0,211.0,Java,2025-04-25T10:35:18,376.0,GitHubActions,2023-10-26 11:00:39+00:00,92.04040404040404,0.0900939368061485,0.6163157894736843,2.397894736842105,3800,84.06,10.010170246312532,low,high,GitHubActions,Java,8,open_issue_ratio=low | project_age_days=high | ci_type=GitHubActions | mainLanguage=Java,JGAi
yunaiv/ruoyi-vue-pro,master,178438.0,36.0,9239.0,230.0,30617.0,374.0,2021-01-24 03:18:25+00:00,564.0,13.0,Java,2025-04-26T02:00:29,167.0,GitHubActions,2022-02-07 11:57:59+00:00,24.703208556149733,0.0230496453900709,0.3296317942723553,5.399766218585622,1711,27.9,14.48592513131612,low,low,GitHubActions,Java,12,open_issue_ratio=low | project_age_days=low | ci_type=GitHubActions | mainLanguage=Java,JGai
airsquared/blobsaver,master,2570333.0,37.0,371.0,44.0,1695.0,14.0,2018-06-11 01:20:00+00:00,370.0,16.0,Java,2024-02-19T08:14:09,145.0,GitHubActions,2019-11-02 01:52:03+00:00,26.5,0.0432432432432432,0.1386286998875983,0.1390033720494567,2669,49.68,6.25229863920559,low,low,GitHubActions,Java,12,open_issue_ratio=low | project_age_days=low | ci_type=GitHubActions | mainLanguage=Java,JGai
tracim/tracim,develop,59611.0,94.0,8013.0,14.0,230.0,,2014-11-10 01:54:13+00:00,4354.0,1478.0,Python,2025-04-24T08:15:40,2385.0,TravisCI,2018-07-26 14:35:28+00:00,,0.3394579696830501,1.0945198592257417,2.0143288084464555,3978,0.0,10.979804984252304,low,high,TravisCI,Python,11,open_issue_ratio=low | project_age_days=high | ci_type=TravisCI | mainLanguage=Python,PTAi
microprofile/microprofile-config,main,1244.0,37.0,968.0,52.0,214.0,60.0,2016-10-26 03:55:45+00:00,355.0,50.0,Java,2024-01-16T02:49:47,448.0,GitHubActions,2020-03-10 14:52:55+00:00,16.133333333333333,0.1408450704225352,0.1088289393010423,0.2967504598405886,3262,166.97,87.27490996398559,low,low,GitHubActions,Java,12,open_issue_ratio=low | project_age_days=low | ci_type=GitHubActions | mainLanguage=Java,JGai
flyingsaucerproject/flyingsaucer,main,64699.0,51.0,3670.0,109.0,2086.0,130.0,2010-04-19 11:26:11+00:00,82.0,25.0,Java,2025-04-21T12:30:23,417.0,GitHubActions,2023-09-06 21:22:53+00:00,28.23076923076923,0.3048780487804878,0.014528703047484,0.6502480510276399,5644,27.95,2.736129562851901,low,high,GitHubActions,Java,8,open_issue_ratio=low | project_age_days=high | ci_type=GitHubActions | mainLanguage=Java,JGAi
spl0k/supysonic,master,2119.0,13.0,808.0,12.0,266.0,23.0,2013-05-15 09:36:29+00:00,177.0,22.0,Python,2024-12-15T11:51:09,92.0,TravisCI,2017-07-14 19:12:55+00:00,35.130434782608695,0.1242937853107344,0.039141972578505,0.1786819991154356,4522,108.72,39.921616325427394,low,high,TravisCI,Python,11,open_issue_ratio=low | project_age_days=high | ci_type=TravisCI | mainLanguage=Python,PTAi
webdjoe/pyvesync,master,825.0,19.0,534.0,20.0,195.0,,2018-03-01 06:24:08+00:00,134.0,25.0,Python,2025-03-08T02:56:48,161.0,TravisCI,2019-04-29 04:25:46+00:00,,0.1865671641791045,0.0483579935041501,0.1927102129195236,2771,0.0,33.464242731361246,low,low,TravisCI,Python,15,open_issue_ratio=low | project_age_days=low | ci_type=TravisCI | mainLanguage=Python,PTai
citrusframework/citrus,main,91862.0,30.0,5060.0,39.0,465.0,80.0,2010-02-03 03:32:30+00:00,839.0,179.0,Java,2025-04-26T04:24:35,491.0,TravisCI,2018-07-13 13:07:02+00:00,63.25,0.2133492252681764,0.146703969225389,0.8847700646966253,5719,95.46,58.86801873491122,low,high,TravisCI,Java,10,open_issue_ratio=low | project_age_days=high | ci_type=TravisCI | mainLanguage=Java,JTAi
eth-cscs/firecrest,master,5463.0,24.0,1486.0,9.0,38.0,20.0,2020-01-21 02:25:43+00:00,41.0,6.0,Python,2025-03-11T01:03:12,164.0,GitHubActions,2023-03-08 09:03:51+00:00,74.3,0.1463414634146341,0.0197115384615384,0.7144230769230769,2080,170.25,13.08516638465877,low,low,GitHubActions,Python,13,open_issue_ratio=low | project_age_days=low | ci_type=GitHubActions | mainLanguage=Python,PGai
traccar/traccar,master,23880.0,55.0,9017.0,318.0,5801.0,223.0,2012-04-16 08:33:49+00:00,4483.0,366.0,Java,2025-04-24T04:13:24,1046.0,TravisCI,2015-03-02 22:13:57+00:00,40.43497757847533,0.0816417577515056,0.911920260374288,1.834214808787632,4916,656.8,20.66681796612268,low,high,TravisCI,Java,10,open_issue_ratio=low | project_age_days=high | ci_type=TravisCI | mainLanguage=Java,JTAi
tensorflow/data-validation,master,4226.0,47.0,986.0,47.0,768.0,26.0,2018-07-02 03:47:02+00:00,170.0,25.0,Python,2025-03-12T10:37:44,89.0,GitHubActions,2024-10-01 06:45:31+00:00,37.92307692307692,0.1470588235294117,0.0641993957703927,0.3723564954682779,2648,173.67,72.61529588663001,low,low,GitHubActions,Python,13,open_issue_ratio=low | project_age_days=low | ci_type=GitHubActions | mainLanguage=Python,PGai
jpmml/jpmml-sparkml,master,17405.0,92.0,991.0,23.0,268.0,1.0,2016-05-05 09:16:59+00:00,131.0,17.0,Java,2025-02-14T08:44:39,7.0,GitHubActions,2020-12-26 12:49:30+00:00,991.0,0.1297709923664122,0.0381257275902211,0.2884167636786962,3436,78.61,4.495225459560428,low,low,GitHubActions,Java,12,open_issue_ratio=low | project_age_days=low | ci_type=GitHubActions | mainLanguage=Java,JGai
magico13/pyemvue,master,144.0,21.0,91.0,20.0,205.0,7.0,2020-03-08 10:57:28+00:00,76.0,22.0,Python,2025-03-02T05:23:27,17.0,GitHubActions,2024-02-25 20:35:29+00:00,13.0,0.2894736842105263,0.0373831775700934,0.0447614363010329,2033,108.72,2.7087198515769946,low,low,GitHubActions,Python,13,open_issue_ratio=low | project_age_days=low | ci_type=GitHubActions | mainLanguage=Python,PGai
juniper/jsnapy,master,13460.0,23.0,889.0,76.0,115.0,35.0,2015-02-25 09:15:53+00:00,177.0,37.0,Python,2024-08-05T04:03:59,242.0,TravisCI,2016-08-26 11:31:45+00:00,25.4,0.2090395480225988,0.0457246189615086,0.2296564195298372,3871,255.15,43.77622377622378,low,high,TravisCI,Python,11,open_issue_ratio=low | project_age_days=high | ci_type=TravisCI | mainLanguage=Python,PTAi
gramaziokohler/roslibpy,main,393.0,13.0,375.0,29.0,282.0,14.0,2018-01-29 09:13:24+00:00,90.0,20.0,Python,2025-01-19T11:03:37,35.0,TravisCI,2019-04-09 04:21:22+00:00,26.785714285714285,0.2222222222222222,0.032119914346895,0.1338329764453961,2802,70.07,23.226900254309125,low,low,TravisCI,Python,15,open_issue_ratio=low | project_age_days=low | ci_type=TravisCI | mainLanguage=Python,PTai
bhch/django-jsonform,master,1450.0,44.0,310.0,5.0,370.0,16.0,2021-08-28 05:58:50+00:00,143.0,34.0,Python,2025-01-29T10:29:49,19.0,GitHubActions,2023-04-17 17:51:41+00:00,19.375,0.2377622377622377,0.0956521739130434,0.2073578595317725,1495,32.24,27.39353669586228,low,low,GitHubActions,Python,13,open_issue_ratio=low | project_age_days=low | ci_type=GitHubActions | mainLanguage=Python,PGai
billyeatcookies/biscuit,main,5018.0,17.0,1203.0,2.0,135.0,25.0,2021-10-04 06:45:57+00:00,114.0,21.0,Python,2024-04-15T07:20:24,162.0,GitHubActions,2023-04-18 09:40:53+00:00,48.12,0.1842105263157894,0.0781893004115226,0.8251028806584362,1458,65.99,1.510180700932146,low,low,GitHubActions,Python,13,open_issue_ratio=low | project_age_days=low | ci_type=GitHubActions | mainLanguage=Python,PGai
codecov/codecov-circleci-orb,main,600.0,39.0,328.0,8.0,22.0,19.0,2018-11-12 02:50:24+00:00,73.0,2.0,Python,2025-03-11T05:52:32,158.0,GitHubActions,2024-01-17 21:21:40+00:00,17.263157894736842,0.0273972602739726,0.0290258449304174,0.130417495029821,2515,84.01,0.430737422467264,low,low,GitHubActions,Python,13,open_issue_ratio=low | project_age_days=low | ci_type=GitHubActions | mainLanguage=Python,PGai
alibaba/druid,master,88585.0,51.0,7682.0,1690.0,28130.0,356.0,2011-11-03 05:12:51+00:00,4498.0,2220.0,Java,2025-04-24T02:33:32,1869.0,TravisCI,2016-04-22 09:49:14+00:00,21.578651685393258,0.493552690084482,0.8852588073213934,1.51190710490061,5081,467.64,55.11448494864882,high,high,TravisCI,Java,2,open_issue_ratio=high | project_age_days=high | ci_type=TravisCI | mainLanguage=Java,JTAI
xerial/snappy-java,master,37540.0,26.0,1196.0,52.0,1054.0,72.0,2012-09-06 01:30:21+00:00,226.0,48.0,Java,2025-02-04T05:31:50,431.0,TravisCI,2013-12-10 01:47:53+00:00,16.61111111111111,0.2123893805309734,0.047349675256652,0.2505761575529017,4773,152.9,15.769035961505995,low,high,TravisCI,Java,10,open_issue_ratio=low | project_age_days=high | ci_type=TravisCI | mainLanguage=Java,JTAi
pyasi/pybuildkite,master,170.0,15.0,184.0,1.0,34.0,28.0,2019-02-09 04:38:07+00:00,27.0,4.0,Python,2025-04-25T05:33:04,72.0,GitHubActions,2020-09-10 15:04:48+00:00,6.571428571428571,0.1481481481481481,0.0111294311624072,0.0758450123660346,2426,127.89,64.98644986449864,low,low,GitHubActions,Python,13,open_issue_ratio=low | project_age_days=low | ci_type=GitHubActions | mainLanguage=Python,PGai
py-pdf/pypdf,main,21370.0,105.0,1977.0,147.0,8977.0,258.0,2012-01-06 05:13:38+00:00,1242.0,80.0,Python,2025-04-25T07:03:35,1678.0,TravisCI,2016-01-13 09:52:27+00:00,7.662790697674419,0.0644122383252818,0.2475583017739685,0.394060195335858,5017,464.18,30.267476030115187,low,high,TravisCI,Python,11,open_issue_ratio=low | project_age_days=high | ci_type=TravisCI | mainLanguage=Python,PTAi
plan-player-analytics/plan,master,87151.0,175.0,6574.0,16.0,914.0,81.0,2016-12-08 05:34:11+00:00,1951.0,131.0,Java,2025-04-23T05:18:16,2003.0,TravisCI,2018-04-05 15:47:25+00:00,81.1604938271605,0.0671450538185545,0.6060888474681578,2.0422491456974217,3219,66.08,16.67278238672623,low,low,TravisCI,Java,14,open_issue_ratio=low | project_age_days=low | ci_type=TravisCI | mainLanguage=Java,JTai
wala/wala,master,59324.0,16.0,7291.0,29.0,781.0,74.0,2012-04-05 06:57:03+00:00,478.0,140.0,Java,2025-03-22T12:09:26,1005.0,TravisCI,2013-05-18 02:47:53+00:00,98.52702702702705,0.2928870292887029,0.0970164400243556,1.4798051552668967,4927,118.76,15.678710289236603,low,high,TravisCI,Java,10,open_issue_ratio=low | project_age_days=high | ci_type=TravisCI | mainLanguage=Java,JTAi
flash3388/flashlib,master,148787.0,18.0,1518.0,5.0,10.0,,2017-05-02 08:51:16+00:00,49.0,14.0,Java,2024-02-23T06:10:47,63.0,TravisCI,2019-05-26 20:05:15+00:00,,0.2857142857142857,0.0159401431359791,0.4938191281717631,3074,0.0,10.750817906986375,low,low,TravisCI,Java,14,open_issue_ratio=low | project_age_days=low | ci_type=TravisCI | mainLanguage=Java,JTai
prometheus/cloudwatch_exporter,master,695.0,29.0,635.0,18.0,943.0,96.0,2015-01-02 03:49:44+00:00,344.0,46.0,Java,2024-12-28T07:22:36,467.0,GitHubActions,2023-02-16 19:36:52+00:00,6.614583333333333,0.1337209302325581,0.0876433121019108,0.1617834394904458,3925,95.82,27.78812331884958,low,high,GitHubActions,Java,8,open_issue_ratio=low | project_age_days=high | ci_type=GitHubActions | mainLanguage=Java,JGAi
henriwahl/nagstamon,master,36364.0,26.0,3170.0,31.0,436.0,126.0,2012-12-11 10:23:02+00:00,785.0,117.0,Python,2025-04-14T06:11:54,319.0,GitHubActions,2021-03-16 21:05:39+00:00,25.15873015873016,0.1490445859872611,0.1678426341672012,0.6777849048535386,4677,202.63,1.9894871951592203,low,high,GitHubActions,Python,9,open_issue_ratio=low | project_age_days=high | ci_type=GitHubActions | mainLanguage=Python,PGAi
lugg/react-native-config,master,3835.0,26.0,298.0,33.0,4871.0,120.0,2016-02-23 12:19:11+00:00,564.0,305.0,Java,2025-02-17T08:06:05,265.0,GitHubActions,2020-09-16 14:28:13+00:00,2.4833333333333334,0.5407801418439716,0.1607753705815279,0.0849486887115165,3508,105.68,0.0,high,low,GitHubActions,Java,4,open_issue_ratio=high | project_age_days=low | ci_type=GitHubActions | mainLanguage=Java,JGaI
openego/edisgo,dev,33684.0,13.0,4365.0,5.0,40.0,27.0,2017-04-05 12:16:17+00:00,243.0,41.0,Python,2025-04-23T01:54:07,244.0,GitHubActions,2021-07-16 11:58:59+00:00,161.66666666666666,0.1687242798353909,0.0783618187681393,1.4076104482425025,3101,263.24,24.386824428421765,low,low,GitHubActions,Python,13,open_issue_ratio=low | project_age_days=low | ci_type=GitHubActions | mainLanguage=Python,PGai
google/turbinia,master,89511.0,55.0,1189.0,34.0,757.0,60.0,2015-09-15 04:50:40+00:00,564.0,98.0,Python,2025-02-03T04:25:38,1006.0,TravisCI,2018-07-03 19:07:45+00:00,19.816666666666663,0.1737588652482269,0.1537203597710547,0.324066503134369,3669,249.95,21.991107875510256,low,high,TravisCI,Python,11,open_issue_ratio=low | project_age_days=high | ci_type=TravisCI | mainLanguage=Python,PTAi
crate/crate,master,161682.0,131.0,16493.0,173.0,4228.0,133.0,2013-04-10 09:17:16+00:00,2224.0,288.0,Java,2025-04-25T02:59:42,15517.0,TravisCI,2014-04-11 10:55:43+00:00,124.00751879699249,0.1294964028776978,0.4880403774412991,3.619267061663375,4557,97.78,49.80807116937532,low,high,TravisCI,Java,10,open_issue_ratio=low | project_age_days=high | ci_type=TravisCI | mainLanguage=Java,JTAi
copper-engine/copper-engine,master,123186.0,30.0,1241.0,38.0,265.0,29.0,2013-12-07 04:15:18+00:00,73.0,29.0,Java,2024-07-20T02:15:50,46.0,TravisCI,2018-06-29 12:52:46+00:00,42.793103448275865,0.3972602739726027,0.0169138090824837,0.2875347544022242,4316,131.7,51.23028555096526,high,high,TravisCI,Java,2,open_issue_ratio=high | project_age_days=high | ci_type=TravisCI | mainLanguage=Java,JTAI
dkpro/dkpro-core,main,104083.0,30.0,5364.0,28.0,196.0,65.0,2015-05-12 08:45:33+00:00,1327.0,127.0,Java,2024-11-17T06:24:00,278.0,GitHubActions,2024-08-03 01:32:44+00:00,82.52307692307693,0.095704596834966,0.3496706192358366,1.4134387351778657,3795,192.34,11.63927861884154,low,high,GitHubActions,Java,8,open_issue_ratio=low | project_age_days=high | ci_type=GitHubActions | mainLanguage=Java,JGAi
dotcms/core,main,1081691.0,331.0,26795.0,86.0,899.0,134.0,2012-03-15 03:24:14+00:00,18024.0,1031.0,Java,2025-04-25T12:21:49,13923.0,TravisCI,2017-07-06 20:28:15+00:00,199.96268656716416,0.0572015090989791,3.642683912691997,5.415319320937753,4948,77.94,9.98910483475096,low,high,TravisCI,Java,10,open_issue_ratio=low | project_age_days=high | ci_type=TravisCI | mainLanguage=Java,JTAi
pivotal-cf/java-cfenv,main,855.0,24.0,272.0,32.0,94.0,38.0,2019-01-29 12:53:03+00:00,99.0,19.0,Java,2025-03-14T03:03:05,196.0,GitHubActions,2020-12-01 19:45:16+00:00,7.157894736842105,0.1919191919191919,0.0406237176856791,0.1116126384899466,2437,113.04,54.07279029462738,low,low,GitHubActions,Java,12,open_issue_ratio=low | project_age_days=low | ci_type=GitHubActions | mainLanguage=Java,JGai
auth0/java-jwt,master,1516.0,45.0,592.0,217.0,5959.0,65.0,2014-03-07 03:06:11+00:00,305.0,6.0,Java,2025-01-29T04:56:20,408.0,TravisCI,2016-10-31 20:14:22+00:00,9.107692307692307,0.0196721311475409,0.0721722669190724,0.1400851869380028,4226,93.38,78.89156626506025,low,high,TravisCI,Java,10,open_issue_ratio=low | project_age_days=high | ci_type=TravisCI | mainLanguage=Java,JTAi
synthesio/infra-ovh-ansible-module,master,252.0,19.0,289.0,13.0,91.0,35.0,2017-03-28 08:49:10+00:00,19.0,3.0,Python,2025-01-30T08:36:07,94.0,GitHubActions,2021-12-03 14:51:18+00:00,8.257142857142858,0.1578947368421052,0.0061112898037954,0.0929559343840463,3109,196.47,0.0,low,low,GitHubActions,Python,13,open_issue_ratio=low | project_age_days=low | ci_type=GitHubActions | mainLanguage=Python,PGai
ojacques/mkdocs-git-committers-plugin-2,master,100.0,20.0,121.0,3.0,63.0,17.0,2019-11-25 08:50:44+00:00,43.0,8.0,Python,2025-01-30T07:29:09,36.0,GitHubActions,2023-11-01 14:59:49+00:00,7.117647058823529,0.1860465116279069,0.0201216658867571,0.0566214319138979,2137,70.35,0.0,low,low,GitHubActions,Python,13,open_issue_ratio=low | project_age_days=low | ci_type=GitHubActions | mainLanguage=Python,PGai
jruby/jruby-openssl,master,19187.0,39.0,1863.0,11.0,47.0,69.0,2010-06-15 02:43:14+00:00,232.0,66.0,Java,2025-04-14T11:09:59,97.0,TravisCI,2014-07-07 21:33:17+00:00,27.0,0.2844827586206896,0.0415249686772865,0.3334526579559692,5587,393.58,2.2107908583994345,low,high,TravisCI,Java,10,open_issue_ratio=low | project_age_days=high | ci_type=TravisCI | mainLanguage=Java,JTAi
rundeck-plugins/kubernetes,master,574.0,31.0,232.0,7.0,51.0,41.0,2018-02-28 03:24:17+00:00,72.0,33.0,Python,2024-08-08T08:42:44,104.0,GitHubActions,2020-05-22 19:10:49+00:00,5.658536585365853,0.4583333333333333,0.0259740259740259,0.0836940836940837,2772,96.05,3.025293436931724,high,low,GitHubActions,Python,5,open_issue_ratio=high | project_age_days=low | ci_type=GitHubActions | mainLanguage=Python,PGaI
hack23/cia,master,2613100.0,137.0,16109.0,6.0,166.0,19.0,2015-08-01 01:16:05+00:00,119.0,2.0,Java,2025-04-26T09:15:36,7233.0,TravisCI,2018-02-24 14:48:42+00:00,847.8421052631579,0.0168067226890756,0.0320409262250942,4.337372105546581,3714,464.04,6.064130920592718,low,high,TravisCI,Java,10,open_issue_ratio=low | project_age_days=high | ci_type=TravisCI | mainLanguage=Java,JTAi
geus-glaciology-and-climate/pypromice,main,101554.0,20.0,857.0,3.0,14.0,13.0,2020-09-15 11:37:27+00:00,156.0,44.0,Python,2025-03-17T08:35:03,158.0,GitHubActions,2022-10-11 17:32:21+00:00,65.92307692307692,0.282051282051282,0.0846905537459283,0.4652551574375678,1842,275.3,11.163373357284677,low,low,GitHubActions,Python,13,open_issue_ratio=low | project_age_days=low | ci_type=GitHubActions | mainLanguage=Python,PGai
morlandi/django-ajax-datatable,master,2326.0,28.0,181.0,11.0,195.0,10.0,2020-09-22 09:50:34+00:00,103.0,40.0,Python,2024-04-04T09:07:51,24.0,GitHubActions,2021-11-19 11:52:38+00:00,18.1,0.3883495145631068,0.0561307901907357,0.0986376021798365,1835,39.9,9.463911350703803,high,low,GitHubActions,Python,5,open_issue_ratio=high | project_age_days=low | ci_type=GitHubActions | mainLanguage=Python,PGaI
netflix/eureka,master,12500.0,150.0,1705.0,990.0,12527.0,149.0,2012-07-26 10:23:07+00:00,658.0,95.0,Java,2024-05-29T06:06:52,884.0,TravisCI,2016-05-09 20:55:22+00:00,11.442953020134228,0.1443768996960486,0.136656282450675,0.3541017653167186,4815,152.5,30.64743627947633,low,high,TravisCI,Java,10,open_issue_ratio=low | project_age_days=high | ci_type=TravisCI | mainLanguage=Java,JTAi
posativ/isso,master,3681.0,27.0,1897.0,95.0,4943.0,139.0,2012-10-17 08:46:45+00:00,533.0,62.0,Python,2024-01-27T06:33:19,403.0,TravisCI,2013-11-18 11:41:45+00:00,13.647482014388489,0.1163227016885553,0.1126373626373626,0.400887573964497,4732,511.39,11.30691657329123,low,high,TravisCI,Python,11,open_issue_ratio=low | project_age_days=high | ci_type=TravisCI | mainLanguage=Python,PTAi
alibaba/easyexcel,master,26334.0,14.0,1196.0,592.0,32221.0,79.0,2018-02-06 03:14:08+00:00,3530.0,432.0,Java,2024-10-29T06:07:06,458.0,TravisCI,2019-07-04 11:12:38+00:00,15.139240506329116,0.1223796033994334,1.2634216177523263,0.4280601288475304,2794,73.73,52.588964414234304,low,low,TravisCI,Java,14,open_issue_ratio=low | project_age_days=low | ci_type=TravisCI | mainLanguage=Java,JTai
intel/intel-extension-for-pytorch,main,118348.0,38.0,2525.0,35.0,1835.0,103.0,2020-04-15 11:35:29+00:00,628.0,183.0,Python,2025-04-25T08:22:59,186.0,GitHubActions,2021-11-10 06:54:25+00:00,24.51456310679612,0.2914012738853503,0.3147869674185464,1.2656641604010026,1995,73.02,31.96440628918684,low,low,GitHubActions,Python,13,open_issue_ratio=low | project_age_days=low | ci_type=GitHubActions | mainLanguage=Python,PGai
dropbox/dropbox-sdk-java,main,112940.0,42.0,702.0,61.0,605.0,75.0,2013-06-27 12:32:18+00:00,289.0,28.0,Java,2025-04-18T07:06:09,256.0,GitHubActions,2021-05-10 21:39:55+00:00,9.36,0.0968858131487889,0.0645233311006921,0.1567314132618888,4479,308.3,3.018658494652197,low,high,GitHubActions,Java,8,open_issue_ratio=low | project_age_days=high | ci_type=GitHubActions | mainLanguage=Java,JGAi
exadel-inc/etoolbox-authoring-kit,master,15060.0,25.0,2850.0,9.0,108.0,37.0,2019-09-05 02:14:26+00:00,145.0,30.0,Java,2025-02-24T10:17:20,425.0,GitHubActions,2020-11-12 15:46:41+00:00,77.02702702702703,0.2068965517241379,0.0653742110009017,1.284941388638413,2218,88.56,32.5939617991374,low,low,GitHubActions,Java,12,open_issue_ratio=low | project_age_days=low | ci_type=GitHubActions | mainLanguage=Java,JGai
megamek/mekhq,master,1435526.0,87.0,19294.0,48.0,139.0,113.0,2015-08-16 02:38:40+00:00,3204.0,575.0,Java,2025-04-26T02:22:13,3451.0,GitHubActions,2020-04-03 02:14:03+00:00,170.7433628318584,0.1794631710362047,0.8661800486618005,5.216004325493377,3699,235.22,1.806887917279958,low,high,GitHubActions,Java,8,open_issue_ratio=low | project_age_days=high | ci_type=GitHubActions | mainLanguage=Java,JGAi
spring-projects/spring-hateoas,main,7395.0,90.0,1376.0,102.0,1052.0,80.0,2012-05-07 03:18:47+00:00,1873.0,237.0,Java,2025-04-17T02:26:12,423.0,TravisCI,2015-02-26 13:52:58+00:00,17.2,0.1265349706353443,0.382635342185904,0.2811031664964249,4895,123.72,63.67732063923835,low,high,TravisCI,Java,10,open_issue_ratio=low | project_age_days=high | ci_type=TravisCI | mainLanguage=Java,JTAi
direwolf20-mc/mininggadgets,master,2189.0,20.0,661.0,11.0,81.0,20.0,2019-10-01 11:16:13+00:00,214.0,1.0,Java,2024-08-10T05:48:19,39.0,GitHubActions,2023-08-26 21:10:31+00:00,33.05,0.0046728971962616,0.0976277372262773,0.3015510948905109,2192,268.74,0.0,low,low,GitHubActions,Java,12,open_issue_ratio=low | project_age_days=low | ci_type=GitHubActions | mainLanguage=Java,JGai
feeluown/feeluown,master,5385.0,23.0,1701.0,113.0,3601.0,49.0,2015-06-25 08:06:16+00:00,437.0,69.0,Python,2025-03-15T01:18:59,481.0,TravisCI,2019-02-01 09:40:11+00:00,34.714285714285715,0.1578947368421052,0.1165022660623833,0.4534790722474007,3751,159.84,19.722478474784747,low,high,TravisCI,Python,11,open_issue_ratio=low | project_age_days=high | ci_type=TravisCI | mainLanguage=Python,PTAi
mrstahlfelge/gdx-gamesvcs,master,2925.0,13.0,218.0,12.0,113.0,7.0,2017-06-16 07:03:22+00:00,44.0,6.0,Java,2025-03-11T02:57:39,13.0,TravisCI,2018-11-27 18:09:36+00:00,31.142857142857142,0.1363636363636363,0.0145262462859029,0.0719709475074281,3029,99.04,0.0,low,low,TravisCI,Java,14,open_issue_ratio=low | project_age_days=low | ci_type=TravisCI | mainLanguage=Java,JTai
koral--/android-gif-drawable,dev,6060.0,61.0,1150.0,300.0,9521.0,31.0,2013-01-30 01:37:46+00:00,683.0,35.0,Java,2024-07-10T09:35:22,147.0,TravisCI,2014-03-05 01:44:40+00:00,37.096774193548384,0.0512445095168374,0.1476118435271234,0.2485411713853468,4627,36.91,7.560975609756097,low,high,TravisCI,Java,10,open_issue_ratio=low | project_age_days=high | ci_type=TravisCI | mainLanguage=Java,JTAi
eprosima/fast-dds-gen,master,1103.0,30.0,240.0,12.0,89.0,33.0,2019-08-07 09:39:26+00:00,149.0,24.0,Java,2025-04-09T10:17:41,283.0,GitHubActions,2022-08-04 08:35:09+00:00,7.272727272727272,0.1610738255033557,0.0663106364040943,0.1068090787716956,2247,255.06,3.30654420206659,low,low,GitHubActions,Java,12,open_issue_ratio=low | project_age_days=low | ci_type=GitHubActions | mainLanguage=Java,JGai
lemonsaurus/django-simple-bulma,main,621.0,29.0,211.0,10.0,140.0,24.0,2018-12-16 04:37:05+00:00,62.0,13.0,Python,2025-04-03T09:28:34,41.0,GitHubActions,2020-08-01 12:48:46+00:00,8.791666666666666,0.2096774193548387,0.0249899234179766,0.0850463522773075,2481,265.25,0.0,low,low,GitHubActions,Python,13,open_issue_ratio=low | project_age_days=low | ci_type=GitHubActions | mainLanguage=Python,PGai
sevntu-checkstyle/sevntu.checkstyle,master,213076.0,37.0,1461.0,17.0,192.0,83.0,2010-06-28 08:11:14+00:00,366.0,85.0,Java,2025-01-01T02:51:01,673.0,TravisCI,2012-09-07 03:18:24+00:00,17.602409638554217,0.2322404371584699,0.0656620021528525,0.2621097954790097,5574,168.59,78.50275716719115,low,high,TravisCI,Java,10,open_issue_ratio=low | project_age_days=high | ci_type=TravisCI | mainLanguage=Java,JTAi
schireson/pytest-mock-resources,main,1148.0,41.0,249.0,9.0,185.0,16.0,2019-01-03 08:51:50+00:00,59.0,5.0,Python,2025-03-10T11:34:10,165.0,GitHubActions,2022-06-15 16:07:36+00:00,15.5625,0.0847457627118644,0.0239545269995939,0.1010962241169305,2463,176.98,115.7973174366617,low,low,GitHubActions,Python,13,open_issue_ratio=low | project_age_days=low | ci_type=GitHubActions | mainLanguage=Python,PGai
linode/linode-cli,dev,2646.0,54.0,1112.0,29.0,386.0,55.0,2017-06-06 07:54:58+00:00,176.0,6.0,Python,2025-04-24T05:58:06,586.0,GitHubActions,2022-10-26 15:51:45+00:00,20.21818181818182,0.034090909090909,0.0579137874300756,0.3659098387627509,3039,274.58,74.01189755999194,low,low,GitHubActions,Python,13,open_issue_ratio=low | project_age_days=low | ci_type=GitHubActions | mainLanguage=Python,PGai
ghostbsd/networkmgr,master,5209.0,65.0,372.0,11.0,100.0,24.0,2014-02-09 04:30:49+00:00,53.0,11.0,Python,2025-01-09T10:52:45,53.0,GitHubActions,2023-04-23 18:31:59+00:00,15.5,0.2075471698113207,0.0124647224835371,0.0874882408278457,4252,188.35,0.7587801705448765,low,high,GitHubActions,Python,9,open_issue_ratio=low | project_age_days=high | ci_type=GitHubActions | mainLanguage=Python,PGAi
identitypython/pysaml2,master,16413.0,53.0,3612.0,30.0,572.0,,2012-05-23 09:12:14+00:00,442.0,84.0,Python,2025-02-10T09:50:06,534.0,TravisCI,2014-10-29 16:46:33+00:00,,0.1900452488687782,0.0905923344947735,0.7403156384505022,4879,0.0,4.757296987206513,low,high,TravisCI,Python,11,open_issue_ratio=low | project_age_days=high | ci_type=TravisCI | mainLanguage=Python,PTAi
making/yavi,develop,2858.0,65.0,906.0,23.0,803.0,16.0,2018-08-21 10:39:38+00:00,124.0,15.0,Java,2025-04-25T09:23:00,331.0,GitHubActions,2020-01-10 04:22:09+00:00,56.625,0.1209677419354838,0.0477290223248652,0.348729792147806,2598,89.66,37.327527818093856,low,low,GitHubActions,Java,12,open_issue_ratio=low | project_age_days=low | ci_type=GitHubActions | mainLanguage=Java,JGai
iceloof/googlenews,master,223.0,28.0,131.0,7.0,320.0,22.0,2019-01-14 03:39:54+00:00,106.0,19.0,Python,2024-03-24T03:54:15,45.0,GitHubActions,2020-07-11 01:00:26+00:00,5.954545454545454,0.1792452830188679,0.0432300163132137,0.0534257748776509,2452,15.56,22.132471728594503,low,low,GitHubActions,Python,13,open_issue_ratio=low | project_age_days=low | ci_type=GitHubActions | mainLanguage=Python,PGai
retromcorg/project-poseidon,master,8087.0,16.0,324.0,6.0,107.0,32.0,2020-03-06 02:14:03+00:00,38.0,12.0,Java,2025-03-28T05:30:55,106.0,GitHubActions,2023-03-12 04:20:54+00:00,10.125,0.3157894736842105,0.0186732186732186,0.1592137592137592,2035,147.0,0.0,low,low,GitHubActions,Java,12,open_issue_ratio=low | project_age_days=low | ci_type=GitHubActions | mainLanguage=Java,JGai
openliberty/ci.maven,main,5581.0,57.0,2747.0,30.0,132.0,70.0,2013-07-03 03:30:54+00:00,904.0,176.0,Java,2025-03-26T02:50:15,960.0,TravisCI,2015-03-18 15:39:16+00:00,39.24285714285714,0.1946902654867256,0.2021014978761457,0.6141292197630226,4473,141.04,21.12995406785802,low,high,TravisCI,Java,10,open_issue_ratio=low | project_age_days=high | ci_type=TravisCI | mainLanguage=Java,JTAi
sublimetext-markdown/markdownediting,master,5033.0,59.0,1456.0,96.0,3207.0,82.0,2012-05-17 06:39:57+00:00,561.0,42.0,Python,2025-02-08T04:25:24,210.0,GitHubActions,2021-05-11 12:35:48+00:00,17.75609756097561,0.0748663101604278,0.1148413510747185,0.2980552712384851,4885,276.89,19.65246172941664,low,high,GitHubActions,Python,9,open_issue_ratio=low | project_age_days=high | ci_type=GitHubActions | mainLanguage=Python,PGAi
haxefoundation/intellij-haxe,develop,36540.0,147.0,3848.0,31.0,224.0,81.0,2014-02-06 01:06:24+00:00,694.0,226.0,Java,2025-04-22T09:31:14,518.0,TravisCI,2015-03-11 21:18:20+00:00,47.50617283950617,0.3256484149855908,0.16310223266745,0.9043478260869564,4255,362.11,7.234792705029451,low,high,TravisCI,Java,10,open_issue_ratio=low | project_age_days=high | ci_type=TravisCI | mainLanguage=Java,JTAi
xmlet/htmlflow,master,3884.0,13.0,521.0,10.0,161.0,16.0,2012-03-29 05:30:08+00:00,87.0,10.0,Java,2025-01-27T11:43:02,34.0,GitHubActions,2023-11-27 15:22:44+00:00,32.5625,0.1149425287356321,0.0176327523307661,0.1055938386704499,4934,291.88,55.66880583868127,low,high,GitHubActions,Java,8,open_issue_ratio=low | project_age_days=high | ci_type=GitHubActions | mainLanguage=Java,JGAi
oracle/oci-cli,master,38239.0,329.0,740.0,78.0,478.0,54.0,2016-11-04 04:49:14+00:00,455.0,126.0,Python,2025-04-22T07:44:26,456.0,TravisCI,2020-06-23 20:41:55+00:00,13.703703703703704,0.2769230769230769,0.1398708884106978,0.2274823240086074,3253,93.92,22.276385841731507,low,low,TravisCI,Python,15,open_issue_ratio=low | project_age_days=low | ci_type=TravisCI | mainLanguage=Python,PTai
mathisdt/trackworktime,master,7726.0,33.0,1017.0,8.0,144.0,14.0,2014-01-11 08:25:27+00:00,192.0,47.0,Java,2025-04-15T08:19:31,138.0,TravisCI,2016-09-24 16:42:59+00:00,72.64285714285714,0.2447916666666666,0.0448493342676944,0.2375613174491941,4281,251.11,5.565873824216644,low,high,TravisCI,Java,10,open_issue_ratio=low | project_age_days=high | ci_type=TravisCI | mainLanguage=Java,JTAi
cerberustesting/cerberus-core,master,192023.0,43.0,7748.0,31.0,334.0,85.0,2013-08-29 08:46:33+00:00,2383.0,173.0,Java,2025-04-26T10:03:29,203.0,TravisCI,2017-03-24 21:44:26+00:00,91.1529411764706,0.0725975660931598,0.5396286231884058,1.7545289855072463,4416,111.32,79.27765152926276,low,high,TravisCI,Java,10,open_issue_ratio=low | project_age_days=high | ci_type=TravisCI | mainLanguage=Java,JTAi
magefree/mage,master,859132.0,93.0,47315.0,95.0,2060.0,562.0,2012-04-27 01:18:34+00:00,8078.0,1523.0,Java,2025-04-25T08:07:41,5463.0,TravisCI,2016-07-16 20:47:39+00:00,84.19039145907473,0.1885367665263679,1.6468909276248729,9.646279306829763,4905,156.13,10.50002301230032,low,high,TravisCI,Java,10,open_issue_ratio=low | project_age_days=high | ci_type=TravisCI | mainLanguage=Java,JTAi
globalbioticinteractions/globalbioticinteractions,main,162143.0,167.0,4706.0,21.0,129.0,17.0,2011-09-28 09:51:47+00:00,1036.0,355.0,Java,2025-03-27T11:37:23,23.0,TravisCI,2013-01-22 00:28:38+00:00,276.8235294117647,0.3426640926640926,0.2024623803009576,0.9196794997068596,5117,180.53,6.5775643097954095,low,high,TravisCI,Java,10,open_issue_ratio=low | project_age_days=high | ci_type=TravisCI | mainLanguage=Java,JTAi
pallets/jinja,main,6876.0,21.0,2927.0,252.0,10640.0,335.0,2010-10-17 01:41:17+00:00,1048.0,61.0,Python,2025-03-05T08:15:40,951.0,TravisCI,2013-05-18 11:26:10+00:00,8.73731343283582,0.058206106870229,0.1918359875526267,0.5357861980596742,5463,273.42,57.52439090859541,low,high,TravisCI,Python,11,open_issue_ratio=low | project_age_days=high | ci_type=TravisCI | mainLanguage=Python,PTAi
spockframework/spock,master,34629.0,26.0,3358.0,131.0,3587.0,130.0,2010-12-12 07:02:34+00:00,989.0,192.0,Java,2025-04-25T05:16:02,1100.0,TravisCI,2012-08-06 16:01:31+00:00,25.83076923076923,0.1941354903943377,0.1829110412428333,0.621046791196597,5407,216.74,19.94777515085218,low,high,TravisCI,Java,10,open_issue_ratio=low | project_age_days=high | ci_type=TravisCI | mainLanguage=Java,JTAi
bruderstein/pythonscript,master,152571.0,49.0,711.0,23.0,374.0,13.0,2010-07-24 11:26:13+00:00,234.0,70.0,Python,2025-04-18T04:01:48,148.0,GitHubActions,2020-10-17 05:42:17+00:00,54.69230769230769,0.2991452991452991,0.0421773612112472,0.1281542898341744,5548,322.64,22.64643795969305,low,high,GitHubActions,Python,9,open_issue_ratio=low | project_age_days=high | ci_type=GitHubActions | mainLanguage=Python,PGAi
radioastronomysoftwaregroup/pyuvdata,main,144377.0,43.0,6600.0,28.0,89.0,54.0,2015-10-19 08:47:41+00:00,655.0,85.0,Python,2025-04-26T01:25:40,896.0,TravisCI,2017-01-12 23:28:27+00:00,122.22222222222224,0.1297709923664122,0.1801925722145804,1.815680880330124,3635,200.91,19.341326014733497,low,high,TravisCI,Python,11,open_issue_ratio=low | project_age_days=high | ci_type=TravisCI | mainLanguage=Python,PTAi
liquibase/liquibase-cassandra,main,38692.0,72.0,741.0,16.0,52.0,32.0,2013-02-22 06:45:18+00:00,53.0,21.0,Java,2025-04-21T09:36:18,311.0,TravisCI,2020-04-21 16:38:59+00:00,23.15625,0.3962264150943396,0.011511728931364,0.1609470026064292,4604,205.36,0.0,high,high,TravisCI,Java,2,open_issue_ratio=high | project_age_days=high | ci_type=TravisCI | mainLanguage=Java,JTAI
nsacyber/paccor,main,7512.0,21.0,143.0,7.0,62.0,5.0,2018-09-28 03:14:54+00:00,60.0,3.0,Java,2025-04-24T02:40:19,58.0,GitHubActions,2020-08-21 14:36:39+00:00,28.6,0.05,0.0234375,0.055859375,2560,54.13,3.558332902959252,low,low,GitHubActions,Java,12,open_issue_ratio=low | project_age_days=low | ci_type=GitHubActions | mainLanguage=Java,JGai
rundeck-plugins/rundeck-ec2-nodes-plugin,main,5012.0,32.0,272.0,17.0,88.0,28.0,2011-09-03 12:54:41+00:00,90.0,31.0,Java,2025-04-24T04:48:32,87.0,TravisCI,2015-10-15 18:08:54+00:00,9.714285714285714,0.3444444444444444,0.0175029171528588,0.0528977051730844,5142,254.72,0.0,low,high,TravisCI,Java,10,open_issue_ratio=low | project_age_days=high | ci_type=TravisCI | mainLanguage=Java,JTAi
scalar-labs/scalardb,master,46394.0,111.0,1636.0,23.0,524.0,30.0,2018-10-05 09:45:30+00:00,214.0,0.0,Java,2025-04-23T04:25:58,2398.0,GitHubActions,2021-07-22 01:16:04+00:00,54.53333333333333,0.0,0.0838229533881707,0.6408147277712495,2553,5.84,82.56419069879352,low,low,GitHubActions,Java,12,open_issue_ratio=low | project_age_days=low | ci_type=GitHubActions | mainLanguage=Java,JGai
ari4java/ari4java,master,3473.0,24.0,434.0,22.0,90.0,22.0,2013-10-15 12:41:33+00:00,113.0,4.0,Java,2024-09-27T09:10:50,78.0,GitHubActions,2020-02-20 15:23:33+00:00,19.727272727272727,0.0353982300884955,0.0258640421149004,0.0993362325474937,4369,351.15,0.911837203699242,low,high,GitHubActions,Java,8,open_issue_ratio=low | project_age_days=high | ci_type=GitHubActions | mainLanguage=Java,JGAi
purestorage-openconnect/py-pure-client,master,138650.0,76.0,153.0,17.0,23.0,50.0,2018-12-04 05:02:51+00:00,20.0,12.0,Python,2025-04-16T02:40:34,122.0,GitHubActions,2023-11-23 15:31:05+00:00,3.06,0.6,0.0080224628961091,0.0613718411552346,2493,523.28,1.168099217797341,high,low,GitHubActions,Python,5,open_issue_ratio=high | project_age_days=low | ci_type=GitHubActions | mainLanguage=Python,PGaI
conda/conda,main,73512.0,178.0,17230.0,194.0,6851.0,500.0,2012-10-15 10:08:03+00:00,9968.0,527.0,Python,2025-04-25T09:20:08,4718.0,TravisCI,2014-01-27 21:10:35+00:00,34.46,0.0528691813804173,2.1056189269117027,3.639628221377271,4734,365.84,1.717397659302385,low,high,TravisCI,Python,11,open_issue_ratio=low | project_age_days=high | ci_type=TravisCI | mainLanguage=Python,PTAi
stef/pysodium,master,294.0,22.0,307.0,13.0,131.0,41.0,2013-08-25 08:53:58+00:00,44.0,4.0,Python,2025-04-16T11:26:24,72.0,TravisCI,2014-12-29 07:37:00+00:00,7.487804878048781,0.0909090909090909,0.0099547511312217,0.0694570135746606,4420,50.55,36.519823788546255,low,high,TravisCI,Python,11,open_issue_ratio=low | project_age_days=high | ci_type=TravisCI | mainLanguage=Python,PTAi
betodealmeida/shillelagh,main,3680.0,46.0,567.0,8.0,416.0,17.0,2017-12-08 11:46:37+00:00,116.0,9.0,Python,2025-03-14T04:49:07,383.0,TravisCI,2020-10-24 18:31:23+00:00,33.35294117647059,0.0775862068965517,0.0406447091800981,0.1986685353889278,2854,60.79,47.062335801289706,low,low,TravisCI,Python,15,open_issue_ratio=low | project_age_days=low | ci_type=TravisCI | mainLanguage=Python,PTai
ron190/jsql-injection,master,353080.0,41.0,1292.0,83.0,1601.0,2.0,2012-07-18 06:07:09+00:00,95828.0,37.0,Java,2025-04-21T08:40:30,243.0,TravisCI,2015-11-23 22:42:24+00:00,646.0,0.000386108444296,19.868961227451795,0.2678830603358905,4823,6.56,19.235067676642245,low,high,TravisCI,Java,10,open_issue_ratio=low | project_age_days=high | ci_type=TravisCI | mainLanguage=Java,JTAi
tofpu/speedbridge2,dev-v2,1785.0,13.0,149.0,2.0,17.0,3.0,2022-01-04 02:25:50+00:00,13.0,9.0,Java,2024-06-24T01:41:14,34.0,GitHubActions,2023-10-07 18:26:25+00:00,49.66666666666666,0.6923076923076923,0.0095168374816983,0.1090775988286969,1366,96.63,22.325052768306545,high,low,GitHubActions,Java,4,open_issue_ratio=high | project_age_days=low | ci_type=GitHubActions | mainLanguage=Java,JGaI
android/android-test,main,77193.0,49.0,1880.0,130.0,1176.0,54.0,2015-08-21 09:47:39+00:00,513.0,205.0,Java,2025-04-24T08:43:23,1871.0,GitHubActions,2021-09-24 01:59:45+00:00,34.81481481481482,0.3996101364522417,0.1388738494856524,0.5089334055224689,3694,119.66,92.9180568807448,high,high,GitHubActions,Java,0,open_issue_ratio=high | project_age_days=high | ci_type=GitHubActions | mainLanguage=Java,JGAI
cryptomator/jfuse,develop,1908.0,22.0,630.0,7.0,47.0,3.0,2019-12-09 03:23:12+00:00,15.0,2.0,Java,2025-04-09T08:04:04,105.0,GitHubActions,2022-01-18 07:44:34+00:00,210.0,0.1333333333333333,0.0070654733867169,0.2967498822421102,2123,40.68,15.87519988100108,low,low,GitHubActions,Java,12,open_issue_ratio=low | project_age_days=low | ci_type=GitHubActions | mainLanguage=Java,JGai
drivendataorg/zamba,master,87396.0,19.0,266.0,15.0,128.0,19.0,2018-03-06 11:18:46+00:00,196.0,51.0,Python,2025-04-26T02:55:36,186.0,GitHubActions,2020-08-08 19:13:58+00:00,14.0,0.2602040816326531,0.0708604483007953,0.0961677512653651,2766,283.3,29.619866814650383,low,low,GitHubActions,Python,13,open_issue_ratio=low | project_age_days=low | ci_type=GitHubActions | mainLanguage=Python,PGai
geonetwork/core-geonetwork,main,675530.0,59.0,17870.0,63.0,456.0,177.0,2012-06-14 09:59:55+00:00,3121.0,413.0,Java,2025-04-25T06:38:38,5613.0,TravisCI,2014-04-24 11:15:03+00:00,100.96045197740114,0.1323293816084588,0.6425777228742022,3.6792258595841054,4857,638.96,3.8529043509368153,low,high,TravisCI,Java,10,open_issue_ratio=low | project_age_days=high | ci_type=TravisCI | mainLanguage=Java,JTAi
athou/commafeed,master,16459.0,54.0,4519.0,87.0,3029.0,115.0,2013-03-20 07:32:09+00:00,885.0,35.0,Java,2025-04-25T06:22:05,793.0,TravisCI,2014-09-13 08:09:12+00:00,39.29565217391304,0.03954802259887,0.1933158584534731,0.9871122761031018,4578,318.09,6.913139708207236,low,high,TravisCI,Java,10,open_issue_ratio=low | project_age_days=high | ci_type=TravisCI | mainLanguage=Java,JTAi
bobbylight/autocomplete,master,1068.0,22.0,269.0,16.0,171.0,8.0,2013-08-08 04:26:18+00:00,82.0,31.0,Java,2025-02-17T08:06:01,13.0,GitHubActions,2021-06-20 23:09:10+00:00,33.625,0.3780487804878049,0.018480955600631,0.0606265494703628,4437,245.95,0.3559080740288793,high,high,GitHubActions,Java,0,open_issue_ratio=high | project_age_days=high | ci_type=GitHubActions | mainLanguage=Java,JGAI
adafruit/adafruit_circuitpython_pycamera,main,255.0,20.0,156.0,16.0,17.0,12.0,2022-02-24 08:39:28+00:00,13.0,2.0,Python,2025-01-20T03:45:43,29.0,GitHubActions,2023-11-29 17:09:57+00:00,13.0,0.1538461538461538,0.0098859315589353,0.1186311787072243,1315,71.0,0.0,low,low,GitHubActions,Python,13,open_issue_ratio=low | project_age_days=low | ci_type=GitHubActions | mainLanguage=Python,PGai
pseudonym117/riot-watcher,master,600.0,16.0,269.0,36.0,537.0,44.0,2014-02-07 12:08:14+00:00,98.0,7.0,Python,2025-03-08T09:03:51,153.0,TravisCI,2017-09-12 06:08:17+00:00,6.113636363636363,0.0714285714285714,0.0230371415138693,0.0632346027268453,4254,83.32,70.80057183702645,low,high,TravisCI,Python,11,open_issue_ratio=low | project_age_days=high | ci_type=TravisCI | mainLanguage=Python,PTAi
bcgov/tfrs,release-3.0.1,72163.0,204.0,2500.0,11.0,24.0,38.0,2017-01-25 09:12:26+00:00,1329.0,22.0,Python,2025-03-21T06:27:33,1626.0,GitHubActions,2023-01-04 23:57:15+00:00,65.78947368421052,0.0165537998495109,0.4191106906338694,0.7883948281299274,3171,50.47,9.296336744461971,low,low,GitHubActions,Python,13,open_issue_ratio=low | project_age_days=low | ci_type=GitHubActions | mainLanguage=Python,PGai
http-kit/http-kit,master,2466.0,38.0,711.0,108.0,2473.0,118.0,2012-03-13 12:51:18+00:00,387.0,50.0,Java,2025-04-15T08:27:53,204.0,TravisCI,2016-02-26 06:17:44+00:00,6.02542372881356,0.1291989664082687,0.0781818181818181,0.1436363636363636,4950,302.14,23.93994160989851,low,high,TravisCI,Java,10,open_issue_ratio=low | project_age_days=high | ci_type=TravisCI | mainLanguage=Java,JTAi
teamspen210/hammeraddons,master,34106.0,14.0,1778.0,13.0,126.0,22.0,2014-08-23 04:14:16+00:00,242.0,77.0,Python,2025-02-12T01:46:08,50.0,GitHubActions,2021-04-21 10:45:15+00:00,80.81818181818181,0.3181818181818182,0.0596499876756223,0.4382548681291595,4057,161.63,1.2972396635469732,low,high,GitHubActions,Python,9,open_issue_ratio=low | project_age_days=high | ci_type=GitHubActions | mainLanguage=Python,PGAi
netfishers-onl/netshot,master,15008.0,56.0,842.0,20.0,256.0,21.0,2015-09-03 08:56:56+00:00,276.0,58.0,Java,2025-04-24T10:01:57,72.0,GitHubActions,2021-10-16 13:51:55+00:00,40.095238095238095,0.2101449275362318,0.0749796251018744,0.2287421896223852,3681,120.1,5.486007864802808,low,high,GitHubActions,Java,8,open_issue_ratio=low | project_age_days=high | ci_type=GitHubActions | mainLanguage=Java,JGAi
clusterbench/clusterbench,main,1393.0,17.0,967.0,5.0,30.0,10.0,2011-11-03 11:06:10+00:00,103.0,39.0,Java,2025-04-24T02:17:02,482.0,TravisCI,2014-05-14 08:52:26+00:00,96.7,0.3786407766990291,0.0202716000787246,0.1903168667585121,5081,210.18,59.412253950651504,high,high,TravisCI,Java,2,open_issue_ratio=high | project_age_days=high | ci_type=TravisCI | mainLanguage=Java,JTAI
megamek/megamek,master,1177160.0,88.0,30190.0,48.0,315.0,168.0,2015-08-15 02:47:29+00:00,3455.0,957.0,Java,2025-04-23T06:03:15,3368.0,GitHubActions,2020-03-29 19:54:34+00:00,179.70238095238096,0.2769898697539797,0.9337837837837838,8.159459459459459,3700,191.78,0.0,low,high,GitHubActions,Java,8,open_issue_ratio=low | project_age_days=high | ci_type=GitHubActions | mainLanguage=Java,JGAi
stravalib/stravalib,main,5537.0,17.0,1018.0,50.0,902.0,68.0,2013-03-17 02:48:54+00:00,287.0,20.0,Python,2025-04-25T02:30:25,314.0,GitHubActions,2021-10-16 15:14:58+00:00,14.970588235294118,0.0696864111498257,0.0626500764025322,0.2222222222222222,4581,279.56,12.240250498149727,low,high,GitHubActions,Python,9,open_issue_ratio=low | project_age_days=high | ci_type=GitHubActions | mainLanguage=Python,PGAi
camptocamp/c2cgeoportal,master,390564.0,69.0,19413.0,25.0,65.0,65.0,2011-12-07 01:42:59+00:00,1053.0,5.0,Python,2025-04-11T08:31:40,10853.0,TravisCI,2013-06-14 10:17:14+00:00,298.66153846153844,0.0047483380816714,0.2086387953239548,3.846443431741629,5047,101.89,31.553657967353548,low,high,TravisCI,Python,11,open_issue_ratio=low | project_age_days=high | ci_type=TravisCI | mainLanguage=Python,PTAi
workos/workos-python,main,1159.0,117.0,370.0,17.0,51.0,43.0,2019-12-09 07:41:22+00:00,29.0,3.0,Python,2025-04-25T01:33:00,407.0,GitHubActions,2023-07-07 15:38:09+00:00,8.604651162790697,0.1034482758620689,0.0136599152143193,0.1742816768723504,2123,99.69,51.636757146721976,low,low,GitHubActions,Python,13,open_issue_ratio=low | project_age_days=low | ci_type=GitHubActions | mainLanguage=Python,PGai
im85288/service.upnext,master,23954.0,36.0,497.0,15.0,81.0,40.0,2018-10-09 08:41:22+00:00,118.0,24.0,Python,2024-08-09T09:14:02,198.0,TravisCI,2019-10-18 18:51:27+00:00,12.425,0.2033898305084746,0.0462926637897214,0.1949784229109454,2549,67.41,18.558330698703763,low,low,TravisCI,Python,15,open_issue_ratio=low | project_age_days=low | ci_type=TravisCI | mainLanguage=Python,PTai
sonatype-nexus-community/scan-gradle-plugin,main,934.0,42.0,306.0,8.0,78.0,18.0,2020-01-08 09:58:31+00:00,91.0,15.0,Java,2025-03-28T12:55:16,99.0,GitHubActions,2021-05-27 23:38:04+00:00,17.0,0.1648351648351648,0.0434782608695652,0.146201624462494,2093,87.5,50.61103351955308,low,low,GitHubActions,Java,12,open_issue_ratio=low | project_age_days=low | ci_type=GitHubActions | mainLanguage=Java,JGai
bioinformatics-ua/dicoogle,dev,26195.0,39.0,1435.0,38.0,465.0,28.0,2014-12-16 01:39:27+00:00,259.0,53.0,Java,2025-04-01T01:08:38,460.0,TravisCI,2017-12-07 11:44:42+00:00,51.25,0.2046332046332046,0.0657026889903602,0.3640284119736174,3942,273.65,1.8810713684092315,low,high,TravisCI,Java,10,open_issue_ratio=low | project_age_days=high | ci_type=TravisCI | mainLanguage=Java,JTAi
ak1394/react-native-tts,master,651.0,22.0,157.0,12.0,600.0,30.0,2016-09-28 09:29:22+00:00,175.0,95.0,Java,2024-06-14T06:51:42,82.0,GitHubActions,2021-01-15 17:52:42+00:00,5.233333333333333,0.5428571428571428,0.0531914893617021,0.0477203647416413,3290,63.01,0.0,high,low,GitHubActions,Java,4,open_issue_ratio=high | project_age_days=low | ci_type=GitHubActions | mainLanguage=Java,JGaI
flasgger/flasgger,master,16800.0,24.0,563.0,54.0,3507.0,,2015-07-27 06:21:49+00:00,414.0,248.0,Python,2024-04-23T12:36:20,204.0,TravisCI,2017-03-28 19:53:33+00:00,,0.5990338164251208,0.1113202473783275,0.1513847808550685,3719,0.0,12.897473997028234,high,high,TravisCI,Python,3,open_issue_ratio=high | project_age_days=high | ci_type=TravisCI | mainLanguage=Python,PTAI
openfeign/feign,master,9814.0,39.0,2415.0,398.0,9648.0,303.0,2013-06-26 11:28:16+00:00,1063.0,218.0,Java,2025-04-25T05:32:48,1781.0,TravisCI,2015-03-10 21:51:13+00:00,7.97029702970297,0.2050799623706491,0.2372767857142857,0.5390625,4480,185.85,72.61132570512353,low,high,TravisCI,Java,10,open_issue_ratio=low | project_age_days=high | ci_type=TravisCI | mainLanguage=Java,JTAi
openrewrite/rewrite-logging-frameworks,main,6108.0,87.0,380.0,5.0,29.0,42.0,2020-05-25 03:01:21+00:00,78.0,16.0,Java,2025-04-25T01:40:38,133.0,GitHubActions,2021-06-18 19:28:02+00:00,9.047619047619047,0.2051282051282051,0.0398976982097186,0.1943734015345268,1955,57.11,75.8688524590164,low,low,GitHubActions,Java,12,open_issue_ratio=low | project_age_days=low | ci_type=GitHubActions | mainLanguage=Java,JGai
xeroapi/xero-java,master,13746.0,147.0,781.0,17.0,79.0,40.0,2016-06-14 09:22:47+00:00,212.0,29.0,Java,2025-04-23T07:13:39,189.0,GitHubActions,2020-07-06 17:55:18+00:00,19.525,0.1367924528301886,0.0624263839811543,0.2299764428739693,3396,39.16,5.974903944360683,low,low,GitHubActions,Java,12,open_issue_ratio=low | project_age_days=low | ci_type=GitHubActions | mainLanguage=Java,JGai
spring-projects/spring-data-redis,main,29102.0,156.0,3115.0,145.0,1796.0,191.0,2011-07-01 11:57:33+00:00,2287.0,144.0,Java,2025-04-22T09:26:49,844.0,TravisCI,2014-06-02 11:09:17+00:00,16.308900523560208,0.0629645824223874,0.4393008067614291,0.598348059930849,5206,141.97,65.1305840841787,low,high,TravisCI,Java,10,open_issue_ratio=low | project_age_days=high | ci_type=TravisCI | mainLanguage=Java,JTAi
activiti/activiti,develop,125689.0,1000.0,11194.0,618.0,10303.0,315.0,2012-09-13 11:34:43+00:00,2387.0,544.0,Java,2025-04-11T08:32:04,2607.0,TravisCI,2017-08-02 15:18:19+00:00,35.53650793650794,0.2279011311269375,0.5008392782207302,2.3487201007133867,4766,108.5,45.21820560583369,low,high,TravisCI,Java,10,open_issue_ratio=low | project_age_days=high | ci_type=TravisCI | mainLanguage=Java,JTAi
pushingkarmaorg/python-plexapi,master,32268.0,56.0,2562.0,36.0,1190.0,98.0,2014-12-29 02:38:06+00:00,517.0,52.0,Python,2025-04-19T12:43:01,1003.0,TravisCI,2017-01-24 05:38:45+00:00,26.142857142857142,0.1005802707930367,0.1315856452023415,0.652074319165182,3929,111.92,47.18669308833243,low,high,TravisCI,Python,11,open_issue_ratio=low | project_age_days=high | ci_type=TravisCI | mainLanguage=Python,PTAi
mobilityhouse/ocpp,master,15585.0,28.0,267.0,70.0,870.0,44.0,2019-05-09 07:25:09+00:00,411.0,3.0,Python,2025-03-27T05:17:03,293.0,GitHubActions,2021-11-24 09:11:24+00:00,6.068181818181818,0.0072992700729927,0.1758664955070603,0.1142490372272143,2337,198.27,14.63881794965341,low,low,GitHubActions,Python,13,open_issue_ratio=low | project_age_days=low | ci_type=GitHubActions | mainLanguage=Python,PGai
ytdl-org/youtube-dl,master,65479.0,341.0,18928.0,2179.0,135021.0,1003.0,2010-10-31 02:35:07+00:00,26716.0,3682.0,Python,2025-04-08T12:59:00,4969.0,TravisCI,2012-10-15 08:37:33+00:00,18.87138584247258,0.1378200329390627,4.902917966599376,3.473664892640852,5449,49.18,7.092662544579737,low,high,TravisCI,Python,11,open_issue_ratio=low | project_age_days=high | ci_type=TravisCI | mainLanguage=Python,PTAi
pusher/pusher-websocket-java,master,1357.0,36.0,624.0,38.0,310.0,57.0,2013-04-10 02:50:41+00:00,197.0,27.0,Java,2024-12-04T10:12:48,171.0,TravisCI,2016-03-23 17:13:19+00:00,10.947368421052632,0.1370558375634517,0.043230195303928,0.1369321922317314,4557,184.13,47.35561531566142,low,high,TravisCI,Java,10,open_issue_ratio=low | project_age_days=high | ci_type=TravisCI | mainLanguage=Java,JTAi
jeddict/jeddict,master,56700.0,69.0,1043.0,36.0,395.0,7.0,2015-12-24 11:45:02+00:00,376.0,56.0,Java,2025-02-23T04:14:19,181.0,TravisCI,2018-09-22 04:40:06+00:00,149.0,0.1489361702127659,0.1053516391145979,0.2922387223311852,3569,94.13,6.014273807043134,low,high,TravisCI,Java,10,open_issue_ratio=low | project_age_days=high | ci_type=TravisCI | mainLanguage=Java,JTAi
wxt9861/esxi_stats,master,587.0,29.0,170.0,10.0,147.0,15.0,2019-08-12 12:26:33+00:00,71.0,14.0,Python,2025-01-27T06:54:44,46.0,GitHubActions,2024-01-15 02:21:02+00:00,11.333333333333334,0.1971830985915492,0.0316681534344335,0.0758251561106155,2242,177.32,0.0,low,low,GitHubActions,Python,13,open_issue_ratio=low | project_age_days=low | ci_type=GitHubActions | mainLanguage=Python,PGai
huaweicloud/huaweicloud-sdk-java-obs,master,204780.0,27.0,296.0,6.0,138.0,10.0,2018-11-22 02:30:33+00:00,125.0,67.0,Java,2025-04-25T09:56:12,50.0,GitHubActions,2020-01-04 05:00:36+00:00,29.6,0.536,0.0499001996007984,0.1181636726546906,2505,109.32,33.87449625791595,high,low,GitHubActions,Java,4,open_issue_ratio=high | project_age_days=low | ci_type=GitHubActions | mainLanguage=Java,JGaI
mekanism/mekanism,1.21.x,144438.0,67.0,10505.0,97.0,1455.0,179.0,2012-08-15 08:41:13+00:00,7223.0,82.0,Java,2025-04-26T06:10:57,972.0,TravisCI,2017-05-28 17:51:30+00:00,58.68715083798882,0.0113526235636162,1.5063607924921794,2.1908237747653807,4795,39.16,0.9164380900946992,low,high,TravisCI,Java,10,open_issue_ratio=low | project_age_days=high | ci_type=TravisCI | mainLanguage=Java,JTAi
facebookresearch/fairseq,main,26079.0,16.0,2327.0,424.0,30796.0,396.0,2017-08-29 04:26:12+00:00,4212.0,1159.0,Python,2024-10-18T04:40:02,1361.0,GitHubActions,2019-12-18 04:43:32+00:00,5.876262626262626,0.2751661918328585,1.4253807106598986,0.7874788494077835,2955,143.37,8.12103154676219,low,low,GitHubActions,Python,13,open_issue_ratio=low | project_age_days=low | ci_type=GitHubActions | mainLanguage=Python,PGai
neurostuff/pymare,master,392.0,20.0,343.0,6.0,55.0,6.0,2019-12-18 07:01:22+00:00,57.0,15.0,Python,2025-04-24T10:36:12,70.0,GitHubActions,2021-12-17 19:37:04+00:00,57.16666666666666,0.2631578947368421,0.0269631031220435,0.162251655629139,2114,107.49,26.026504453617207,low,low,GitHubActions,Python,13,open_issue_ratio=low | project_age_days=low | ci_type=GitHubActions | mainLanguage=Python,PGai
wechatpay-apiv3/wechatpay-apache-httpclient,master,319.0,19.0,112.0,21.0,693.0,12.0,2019-05-30 08:32:36+00:00,167.0,16.0,Java,2025-02-11T02:12:27,52.0,GitHubActions,2021-12-24 07:29:12+00:00,9.333333333333334,0.0958083832335329,0.0721070811744386,0.0483592400690846,2316,25.09,24.051069703243616,low,low,GitHubActions,Java,12,open_issue_ratio=low | project_age_days=low | ci_type=GitHubActions | mainLanguage=Java,JGai
consensys/mythril,develop,49706.0,134.0,4903.0,80.0,3976.0,106.0,2017-09-18 04:14:20+00:00,851.0,109.0,Python,2025-01-31T03:33:53,1034.0,GitHubActions,2024-08-07 13:12:46+00:00,46.25471698113208,0.1280846063454759,0.2899488926746167,1.6705281090289608,2935,50.9,9.23944005859852,low,low,GitHubActions,Python,13,open_issue_ratio=low | project_age_days=low | ci_type=GitHubActions | mainLanguage=Python,PGai
starwit/lj-projectbuilder,develop,73086.0,50.0,1196.0,6.0,14.0,23.0,2016-05-15 10:24:22+00:00,76.0,16.0,Java,2024-05-29T08:02:16,276.0,GitHubActions,2020-04-18 14:46:19+00:00,52.0,0.2105263157894736,0.0221833041447752,0.3490951546993578,3426,117.98,8.24469683312301,low,low,GitHubActions,Java,12,open_issue_ratio=low | project_age_days=low | ci_type=GitHubActions | mainLanguage=Java,JGai
ipa320/rostooling,main,49321.0,15.0,750.0,7.0,33.0,12.0,2017-09-28 09:44:22+00:00,41.0,3.0,Java,2024-08-01T07:51:21,180.0,TravisCI,2019-07-18 12:23:00+00:00,62.5,0.073170731707317,0.014017094017094,0.2564102564102564,2925,372.99,2.030011542901116,low,low,TravisCI,Java,14,open_issue_ratio=low | project_age_days=low | ci_type=TravisCI | mainLanguage=Java,JTai
commonjava/indy,master,71746.0,48.0,4933.0,7.0,33.0,28.0,2011-09-21 05:55:24+00:00,194.0,12.0,Java,2025-04-10T05:46:53,2306.0,TravisCI,2015-05-19 15:18:03+00:00,176.17857142857142,0.0618556701030927,0.0378610460577673,0.9627244340359096,5124,145.98,36.91327918740805,low,high,TravisCI,Java,10,open_issue_ratio=low | project_age_days=high | ci_type=TravisCI | mainLanguage=Java,JTAi
saucelabs/ci-sauce,main,1164053.0,23.0,913.0,31.0,15.0,23.0,2011-12-02 04:40:18+00:00,22.0,0.0,Java,2025-03-20T10:34:50,298.0,TravisCI,2015-11-05 05:20:54+00:00,39.69565217391305,0.0,0.0043547110055423,0.1807205067300079,5052,161.7,31.543349046935848,low,high,TravisCI,Java,10,open_issue_ratio=low | project_age_days=high | ci_type=TravisCI | mainLanguage=Java,JTAi
cmsgov/qpp-conversion-tool,develop,94752.0,82.0,7901.0,27.0,37.0,69.0,2017-03-24 08:26:32+00:00,47.0,0.0,Java,2025-04-23T06:11:50,1426.0,GitHubActions,2020-06-23 19:41:45+00:00,114.5072463768116,0.0,0.0150979762287182,2.538066174108577,3113,31.25,0.1868976752322403,low,low,GitHubActions,Java,12,open_issue_ratio=low | project_age_days=low | ci_type=GitHubActions | mainLanguage=Java,JGai
siddhi-io/siddhi,master,35228.0,35.0,6119.0,121.0,1537.0,,2014-04-21 09:51:36+00:00,484.0,115.0,Java,2025-03-05T05:41:39,1364.0,TravisCI,2019-02-12 09:06:57+00:00,,0.2376033057851239,0.1157617794785936,1.46352547237503,4181,0.0,40.07961404495597,low,high,TravisCI,Java,10,open_issue_ratio=low | project_age_days=high | ci_type=TravisCI | mainLanguage=Java,JTAi
rudderlabs/rudder-sdk-react-native,develop,42758.0,110.0,977.0,7.0,18.0,21.0,2019-11-18 12:21:24+00:00,47.0,3.0,Java,2025-04-25T03:14:26,371.0,GitHubActions,2022-12-05 22:01:59+00:00,46.523809523809526,0.0638297872340425,0.0219216417910447,0.4556902985074627,2144,53.77,0.0,low,low,GitHubActions,Java,12,open_issue_ratio=low | project_age_days=low | ci_type=GitHubActions | mainLanguage=Java,JGai
oshi/oshi,master,335531.0,163.0,3129.0,102.0,4932.0,214.0,2012-02-10 12:46:48+00:00,968.0,8.0,Java,2025-04-16T01:44:34,1859.0,TravisCI,2014-11-06 21:46:40+00:00,14.621495327102805,0.0082644628099173,0.1942994781212364,0.628061019670815,4982,42.32,13.317835348816416,low,high,TravisCI,Java,10,open_issue_ratio=low | project_age_days=high | ci_type=TravisCI | mainLanguage=Java,JTAi
funkemunky/antivpn,master,730.0,21.0,225.0,1.0,22.0,10.0,2020-01-10 04:03:14+00:00,31.0,7.0,Java,2025-04-22T04:09:04,33.0,GitHubActions,2022-02-21 12:55:06+00:00,22.5,0.2258064516129032,0.0148254423720707,0.1076040172166427,2091,117.72,0.0,low,low,GitHubActions,Java,12,open_issue_ratio=low | project_age_days=low | ci_type=GitHubActions | mainLanguage=Java,JGai
infinispan/infinispan,main,171153.0,86.0,17575.0,84.0,1246.0,269.0,2010-11-04 12:33:19+00:00,660.0,398.0,Java,2025-04-25T07:48:10,13838.0,GitHubActions,2022-03-02 13:49:03+00:00,65.33457249070632,0.603030303030303,0.1212121212121212,3.2277318640955004,5445,38.94,52.86712075375984,high,high,GitHubActions,Java,0,open_issue_ratio=high | project_age_days=high | ci_type=GitHubActions | mainLanguage=Java,JGAI
urschrei/pyzotero,main,5184.0,33.0,1270.0,16.0,975.0,33.0,2011-02-28 09:31:44+00:00,141.0,15.0,Python,2025-03-22T02:43:21,80.0,TravisCI,2013-05-19 21:30:26+00:00,38.48484848484848,0.1063829787234042,0.0264589979358228,0.2383186338900356,5329,64.07,22.930025090604964,low,high,TravisCI,Python,11,open_issue_ratio=low | project_age_days=high | ci_type=TravisCI | mainLanguage=Python,PTAi
quickblox/quickblox-android-sdk,master,257532.0,49.0,1975.0,64.0,419.0,35.0,2012-10-11 09:39:48+00:00,670.0,2.0,Java,2025-01-15T03:06:03,153.0,GitHubActions,2023-12-12 11:24:40+00:00,56.42857142857143,0.0029850746268656,0.1414098775854791,0.4168425495989869,4738,411.23,0.0,low,high,GitHubActions,Java,8,open_issue_ratio=low | project_age_days=high | ci_type=GitHubActions | mainLanguage=Java,JGAi
lonamiwebs/telethon,v1,9790.0,40.0,3099.0,156.0,10727.0,190.0,2016-08-26 10:59:24+00:00,2373.0,79.0,Python,2025-04-24T03:36:21,640.0,GitHubActions,2019-12-07 23:29:55+00:00,16.310526315789474,0.0332911925832279,0.7141137526331628,0.9325910321998194,3323,38.83,2.3846022824050417,low,low,GitHubActions,Python,13,open_issue_ratio=low | project_age_days=low | ci_type=GitHubActions | mainLanguage=Python,PGai
commixproject/commix,master,7104.0,39.0,2228.0,157.0,5245.0,24.0,2015-03-20 08:38:26+00:00,955.0,6.0,Python,2025-04-23T06:38:16,44.0,TravisCI,2016-11-05 09:51:13+00:00,92.83333333333331,0.006282722513089,0.2481808731808731,0.579002079002079,3848,18.9,3.399494379000592,low,high,TravisCI,Python,11,open_issue_ratio=low | project_age_days=high | ci_type=TravisCI | mainLanguage=Python,PTAi
cms-dev/cms,main,19994.0,13.0,4449.0,40.0,937.0,96.0,2011-10-03 01:37:02+00:00,511.0,149.0,Python,2025-04-25T02:18:08,822.0,TravisCI,2015-06-06 09:26:33+00:00,46.34375,0.2915851272015655,0.099960876369327,0.8703051643192489,5112,204.03,40.33212261295471,low,high,TravisCI,Python,11,open_issue_ratio=low | project_age_days=high | ci_type=TravisCI | mainLanguage=Python,PTAi
elastic/rally,master,9444.0,54.0,2526.0,372.0,1981.0,81.0,2015-11-30 07:11:43+00:00,835.0,110.0,Python,2025-04-14T01:27:44,1099.0,GitHubActions,2023-02-16 08:47:42+00:00,31.185185185185187,0.1317365269461078,0.2323963261898135,0.703033676593376,3593,101.28,61.29202808756712,low,high,GitHubActions,Python,9,open_issue_ratio=low | project_age_days=high | ci_type=GitHubActions | mainLanguage=Python,PGAi
xdev-software/vaadin-maps-leaflet-flow,develop,8402.0,24.0,1324.0,4.0,41.0,15.0,2019-12-04 02:44:17+00:00,48.0,1.0,Java,2025-04-24T11:15:16,485.0,GitHubActions,2022-08-08 07:58:24+00:00,88.26666666666667,0.0208333333333333,0.0225563909774436,0.6221804511278195,2128,44.96,0.0,low,low,GitHubActions,Java,12,open_issue_ratio=low | project_age_days=low | ci_type=GitHubActions | mainLanguage=Java,JGai
lessthanoptimal/boofcv,SNAPSHOT,48585.0,13.0,5476.0,66.0,1120.0,22.0,2011-04-19 02:51:10+00:00,224.0,50.0,Java,2025-04-24T05:44:18,221.0,TravisCI,2015-12-07 02:56:40+00:00,248.9090909090909,0.2232142857142857,0.0424322788406895,1.0373176738018564,5279,158.41,43.57121701576631,low,high,TravisCI,Java,10,open_issue_ratio=low | project_age_days=high | ci_type=TravisCI | mainLanguage=Java,JTAi
