repo,defaultBranch,size,releases,commits,watchers,stargazers,contributors,createdAt,totalIssues,openIssues,mainLanguage,lastCommit,totalPullRequests,ci_type,ci_adoption_time,avg_contribution,open_issue_ratio,issues_per_day,commits_per_day,project_age_days,avg_issues_close_time,test_percentage,open_issue_ratio_bucket,project_age_days_bucket,ci_type_bucket,mainLanguage_bucket,bucket_id,bucket_desc,bucket_name
multiverse/multiverse-inventories,main,3888.0,15.0,705.0,13.0,105.0,24.0,2012-01-19 04:23:50+00:00,458.0,71.0,Java,2025-04-14T02:18:19,126.0,TravisCI,2020-12-11 18:19:44+00:00,29.375,0.1550218340611353,0.0915267785771382,0.1408872901678657,5004,703.7,0.6683719778859643,low,high,TravisCI,Java,10,open_issue_ratio=low | project_age_days=high | ci_type=TravisCI | mainLanguage=Java,JTAi
powerapi-ng/powerapi,master,7797.0,48.0,2279.0,9.0,217.0,20.0,2019-03-11 02:27:02+00:00,84.0,3.0,Python,2025-04-25T11:46:08,504.0,GitHubActions,2021-09-17 07:48:05+00:00,113.95,0.0357142857142857,0.0350584307178631,0.951168614357262,2396,175.3,88.46549066620997,low,low,GitHubActions,Python,13,open_issue_ratio=low | project_age_days=low | ci_type=GitHubActions | mainLanguage=Python,PGai
jacksund/simmate,main,129623.0,31.0,1402.0,2.0,30.0,10.0,2020-12-10 02:01:36+00:00,192.0,38.0,Python,2025-04-20T05:01:40,524.0,GitHubActions,2021-12-13 19:47:47+00:00,140.2,0.1979166666666666,0.1093394077448747,0.7984054669703873,1756,57.95,7.327218892178811,low,low,GitHubActions,Python,13,open_issue_ratio=low | project_age_days=low | ci_type=GitHubActions | mainLanguage=Python,PGai
tomasmcguinness/homeassistant-mixergy,main,130.0,22.0,147.0,7.0,39.0,4.0,2021-06-23 01:59:11+00:00,31.0,5.0,Python,2025-02-27T02:20:16,20.0,GitHubActions,2022-07-22 09:12:56+00:00,36.75,0.1612903225806451,0.019859064702114,0.0941704035874439,1561,63.31,47.51001717229536,low,low,GitHubActions,Python,13,open_issue_ratio=low | project_age_days=low | ci_type=GitHubActions | mainLanguage=Python,PGai
stackguardian/tirith,main,13373.0,16.0,558.0,6.0,148.0,26.0,2021-04-21 07:02:06+00:00,86.0,48.0,Python,2025-04-22T07:59:39,155.0,GitHubActions,2022-09-09 10:35:39+00:00,21.46153846153846,0.5581395348837209,0.0529556650246305,0.3435960591133005,1624,212.53,3.9422316959260417,high,low,GitHubActions,Python,5,open_issue_ratio=high | project_age_days=low | ci_type=GitHubActions | mainLanguage=Python,PGaI
real-logic/aeron,master,70009.0,112.0,17743.0,356.0,7523.0,143.0,2014-02-07 05:16:58+00:00,802.0,15.0,Java,2025-01-23T09:29:00,924.0,TravisCI,2018-10-26 00:41:52+00:00,124.07692307692308,0.0187032418952618,0.1885284438175834,4.170897978373295,4254,67.97,29.51164078763918,low,high,TravisCI,Java,10,open_issue_ratio=low | project_age_days=high | ci_type=TravisCI | mainLanguage=Java,JTAi
42bv/beanmapper,master,2382.0,27.0,391.0,19.0,29.0,17.0,2015-05-04 09:30:18+00:00,117.0,13.0,Java,2024-11-26T10:52:35,95.0,TravisCI,2016-11-29 10:51:18+00:00,23.0,0.1111111111111111,0.0307651853799631,0.1028135682356034,3803,189.26,64.58250440516115,low,high,TravisCI,Java,10,open_issue_ratio=low | project_age_days=high | ci_type=TravisCI | mainLanguage=Java,JTAi
aws-cloudformation/cloudformation-cli-java-plugin,master,1121.0,48.0,308.0,23.0,30.0,49.0,2018-10-11 04:47:40+00:00,96.0,31.0,Java,2025-04-14T10:34:47,354.0,TravisCI,2019-12-06 22:05:33+00:00,6.285714285714286,0.3229166666666667,0.0376914016489988,0.1209265802905378,2547,94.31,65.26263627353815,low,low,TravisCI,Java,14,open_issue_ratio=low | project_age_days=low | ci_type=TravisCI | mainLanguage=Java,JTai
activiti/activiti,develop,125689.0,1000.0,11194.0,618.0,10303.0,315.0,2012-09-13 11:34:43+00:00,2387.0,544.0,Java,2025-04-11T08:32:04,2607.0,TravisCI,2017-08-02 15:18:19+00:00,35.53650793650794,0.2279011311269375,0.5008392782207302,2.3487201007133867,4766,108.5,45.21820560583369,low,high,TravisCI,Java,10,open_issue_ratio=low | project_age_days=high | ci_type=TravisCI | mainLanguage=Java,JTAi
ncatstranslator/reasonerapi,master,1390.0,22.0,872.0,18.0,33.0,,2018-05-15 03:47:04+00:00,191.0,33.0,Python,2024-08-08T07:27:28,282.0,TravisCI,2019-08-08 20:52:37+00:00,,0.1727748691099476,0.0708456973293768,0.3234421364985163,2696,0.0,1.5969741542340827,low,low,TravisCI,Python,15,open_issue_ratio=low | project_age_days=low | ci_type=TravisCI | mainLanguage=Python,PTai
unmanic/unmanic,master,36572.0,25.0,769.0,15.0,1788.0,17.0,2019-01-05 19:40:36+00:00,445.0,186.0,Python,2024-08-29T10:26:16,93.0,GitHubActions,2020-05-04 21:51:43+00:00,45.23529411764706,0.4179775280898876,0.1808208045509955,0.3124746038195855,2461,156.83,10.338989427743709,high,low,GitHubActions,Python,5,open_issue_ratio=high | project_age_days=low | ci_type=GitHubActions | mainLanguage=Python,PGaI
folio-fse/folioclient,master,154.0,56.0,166.0,3.0,10.0,6.0,2019-07-06 09:16:41+00:00,43.0,6.0,Python,2025-04-24T06:32:20,47.0,GitHubActions,2021-07-28 08:21:56+00:00,27.666666666666668,0.1395348837209302,0.0188679245283018,0.0728389644580956,2279,34.57,30.32440056417489,low,low,GitHubActions,Python,13,open_issue_ratio=low | project_age_days=low | ci_type=GitHubActions | mainLanguage=Python,PGai
cohesity/cohesity-ansible-role,master,661.0,20.0,237.0,5.0,14.0,11.0,2018-10-03 03:59:12+00:00,20.0,6.0,Python,2024-12-18T09:41:07,59.0,GitHubActions,2022-07-08 04:27:38+00:00,21.545454545454547,0.3,0.0078277886497064,0.0927592954990215,2555,137.62,13.958567328091853,low,low,GitHubActions,Python,13,open_issue_ratio=low | project_age_days=low | ci_type=GitHubActions | mainLanguage=Python,PGai
hyperledger/besu,main,94993.0,152.0,5791.0,57.0,1609.0,238.0,2019-09-04 09:11:20+00:00,2975.0,181.0,Java,2025-04-25T03:04:10,5570.0,GitHubActions,2021-03-14 18:51:14+00:00,24.331932773109244,0.0608403361344537,1.3406940063091484,2.609734114465976,2219,141.24,38.70111703704556,low,low,GitHubActions,Java,12,open_issue_ratio=low | project_age_days=low | ci_type=GitHubActions | mainLanguage=Java,JGai
kwindrem/guimods,main,25189.0,103.0,430.0,35.0,236.0,2.0,2021-02-16 01:18:39+00:00,284.0,88.0,Python,2025-04-21T08:29:37,20.0,GitHubActions,2023-12-16 20:08:59+00:00,215.0,0.3098591549295774,0.1682464454976303,0.254739336492891,1688,13.19,0.0,low,low,GitHubActions,Python,13,open_issue_ratio=low | project_age_days=low | ci_type=GitHubActions | mainLanguage=Python,PGai
querz/mcaselector,master,23606.0,71.0,1493.0,44.0,3602.0,43.0,2018-04-22 10:23:26+00:00,409.0,174.0,Java,2025-04-14T01:13:40,123.0,TravisCI,2021-02-19 10:55:00+00:00,34.72093023255814,0.4254278728606357,0.1504229496138286,0.5490989334314086,2719,30.08,0.1027149426897308,high,low,TravisCI,Java,6,open_issue_ratio=high | project_age_days=low | ci_type=TravisCI | mainLanguage=Java,JTaI
robotframework/remoteswinglibrary,master,483.0,26.0,302.0,22.0,31.0,28.0,2014-03-10 09:42:10+00:00,77.0,14.0,Python,2024-07-01T05:58:44,44.0,GitHubActions,2022-02-02 14:53:09+00:00,10.785714285714286,0.1818181818181818,0.0182334833057068,0.0715131423158891,4223,351.23,18.24580400649702,low,high,GitHubActions,Python,9,open_issue_ratio=low | project_age_days=high | ci_type=GitHubActions | mainLanguage=Python,PGAi
liquibase/liquibase-redshift,main,561.0,66.0,577.0,21.0,17.0,31.0,2013-11-14 04:27:54+00:00,17.0,7.0,Java,2025-04-16T03:14:19,281.0,TravisCI,2020-04-21 16:36:54+00:00,18.61290322580645,0.4117647058823529,0.0039179534454943,0.132979949297073,4339,291.16,1.1368605159597729,high,high,TravisCI,Java,2,open_issue_ratio=high | project_age_days=high | ci_type=TravisCI | mainLanguage=Java,JTAI
adafruit/adafruit_circuitpython_pycamera,main,255.0,20.0,156.0,16.0,17.0,12.0,2022-02-24 08:39:28+00:00,13.0,2.0,Python,2025-01-20T03:45:43,29.0,GitHubActions,2023-11-29 17:09:57+00:00,13.0,0.1538461538461538,0.0098859315589353,0.1186311787072243,1315,71.0,0.0,low,low,GitHubActions,Python,13,open_issue_ratio=low | project_age_days=low | ci_type=GitHubActions | mainLanguage=Python,PGai
waffle/waffle,master,190608.0,23.0,6705.0,24.0,481.0,69.0,2012-04-05 11:18:03+00:00,245.0,58.0,Java,2025-04-24T05:35:10,2580.0,TravisCI,2014-08-10 19:46:32+00:00,97.17391304347828,0.236734693877551,0.0497259995940734,1.3608686827684189,4927,198.18,66.88087544065804,low,high,TravisCI,Java,10,open_issue_ratio=low | project_age_days=high | ci_type=TravisCI | mainLanguage=Java,JTAi
mahlet-inc/hobbits,master,9657.0,63.0,777.0,19.0,700.0,15.0,2020-02-07 18:17:53+00:00,75.0,30.0,Python,2025-04-16T02:32:26,100.0,GitHubActions,2023-02-16 20:24:55+00:00,51.8,0.4,0.0363548230731943,0.3766359670382938,2063,79.29,0.0,high,low,GitHubActions,Python,5,open_issue_ratio=high | project_age_days=low | ci_type=GitHubActions | mainLanguage=Python,PGaI
im85288/service.upnext,master,23954.0,36.0,497.0,15.0,81.0,40.0,2018-10-09 08:41:22+00:00,118.0,24.0,Python,2024-08-09T09:14:02,198.0,TravisCI,2019-10-18 18:51:27+00:00,12.425,0.2033898305084746,0.0462926637897214,0.1949784229109454,2549,67.41,18.558330698703763,low,low,TravisCI,Python,15,open_issue_ratio=low | project_age_days=low | ci_type=TravisCI | mainLanguage=Python,PTai
digi-uw/openelis-global-2,develop,211556.0,17.0,7292.0,23.0,135.0,94.0,2019-01-15 10:29:06+00:00,352.0,60.0,Java,2025-04-25T03:40:27,1602.0,GitHubActions,2021-06-24 07:52:42+00:00,77.57446808510639,0.1704545454545454,0.1436148510811913,2.975112199102407,2451,67.54,7.940439053808736,low,low,GitHubActions,Java,12,open_issue_ratio=low | project_age_days=low | ci_type=GitHubActions | mainLanguage=Java,JGai
paulfitz/daff,master,1627.0,19.0,581.0,24.0,829.0,19.0,2013-01-11 22:44:40+00:00,112.0,46.0,Java,2024-08-09T01:17:36,91.0,TravisCI,2014-06-30 21:59:32+00:00,30.57894736842105,0.4107142857142857,0.0241067585019371,0.1250538097287989,4646,181.64,0.3702968987634728,high,high,TravisCI,Java,2,open_issue_ratio=high | project_age_days=high | ci_type=TravisCI | mainLanguage=Java,JTAI
colinoflynn/pico-python,master,1271.0,26.0,364.0,20.0,97.0,49.0,2013-12-15 10:14:17+00:00,100.0,21.0,Python,2024-05-31T01:36:15,101.0,TravisCI,2018-02-06 03:05:19+00:00,7.428571428571429,0.21,0.0232126276694521,0.0844939647168059,4308,101.58,5.94666394196383,low,high,TravisCI,Python,11,open_issue_ratio=low | project_age_days=high | ci_type=TravisCI | mainLanguage=Python,PTAi
mkuczera/react-native-haptic-feedback,main,3023.0,28.0,251.0,11.0,863.0,53.0,2018-01-03 09:05:31+00:00,60.0,11.0,Java,2024-09-18T01:48:54,79.0,GitHubActions,2024-08-02 10:25:49+00:00,4.735849056603773,0.1833333333333333,0.0212164073550212,0.0887553041018387,2828,217.1,0.0,low,low,GitHubActions,Java,12,open_issue_ratio=low | project_age_days=low | ci_type=GitHubActions | mainLanguage=Java,JGai
mailu/mailu,master,8871.0,133.0,4954.0,90.0,6333.0,249.0,2016-01-10 09:35:55+00:00,1936.0,113.0,Python,2025-03-16T12:29:34,1620.0,TravisCI,2017-11-04 21:47:40+00:00,19.895582329317268,0.0583677685950413,0.545045045045045,1.394707207207207,3552,110.02,2.7191679049034176,low,high,TravisCI,Python,11,open_issue_ratio=low | project_age_days=high | ci_type=TravisCI | mainLanguage=Python,PTAi
aiolifx/aiolifx,master,310.0,29.0,232.0,6.0,22.0,7.0,2017-02-20 09:23:13+00:00,20.0,4.0,Python,2025-03-06T06:39:17,80.0,GitHubActions,2021-01-20 11:57:48+00:00,33.142857142857146,0.2,0.0063593004769475,0.0737678855325914,3145,87.78,0.0,low,low,GitHubActions,Python,13,open_issue_ratio=low | project_age_days=low | ci_type=GitHubActions | mainLanguage=Python,PGai
codeforkjeff/dbt-sqlite,main,177.0,29.0,162.0,4.0,77.0,7.0,2020-11-05 05:58:22+00:00,38.0,10.0,Python,2025-03-19T05:56:51,22.0,GitHubActions,2022-05-10 22:53:18+00:00,23.142857142857142,0.2631578947368421,0.021217197096594,0.0904522613065326,1791,134.9,35.07511430437623,low,low,GitHubActions,Python,13,open_issue_ratio=low | project_age_days=low | ci_type=GitHubActions | mainLanguage=Python,PGai
paul-nameless/tg,master,1910.0,21.0,515.0,18.0,978.0,21.0,2019-01-31 06:01:50+00:00,120.0,41.0,Python,2025-04-12T09:58:54,179.0,GitHubActions,2020-05-04 07:10:09+00:00,24.52380952380953,0.3416666666666667,0.0492813141683778,0.2114989733059548,2435,178.66,0.0,low,low,GitHubActions,Python,13,open_issue_ratio=low | project_age_days=low | ci_type=GitHubActions | mainLanguage=Python,PGai
anchore/anchore-charts,main,2450.0,302.0,858.0,21.0,47.0,58.0,2018-12-07 03:02:02+00:00,92.0,22.0,Python,2025-04-04T06:45:09,356.0,GitHubActions,2020-01-12 22:52:41+00:00,14.79310344827586,0.2391304347826087,0.0369477911646586,0.344578313253012,2490,246.98,17.675236060376317,low,low,GitHubActions,Python,13,open_issue_ratio=low | project_age_days=low | ci_type=GitHubActions | mainLanguage=Python,PGai
nextstrain/augur,master,19858.0,77.0,5197.0,30.0,269.0,59.0,2016-04-22 08:28:36+00:00,750.0,221.0,Python,2025-04-25T08:24:58,1039.0,TravisCI,2018-07-07 02:10:21+00:00,88.08474576271186,0.2946666666666667,0.2174543345897361,1.5068135691504785,3449,194.51,14.824926113309624,low,low,TravisCI,Python,15,open_issue_ratio=low | project_age_days=low | ci_type=TravisCI | mainLanguage=Python,PTai
lcm-proj/lcm,master,9318.0,24.0,1540.0,64.0,1063.0,82.0,2014-09-12 05:01:03+00:00,278.0,136.0,Java,2025-04-23T02:43:47,293.0,TravisCI,2019-11-14 18:34:24+00:00,18.78048780487805,0.4892086330935252,0.0688630170918999,0.3814713896457766,4037,114.61,10.580200975914083,high,high,TravisCI,Java,2,open_issue_ratio=high | project_age_days=high | ci_type=TravisCI | mainLanguage=Java,JTAI
neo4j-contrib/cypher-dsl,main,113109.0,81.0,1375.0,27.0,188.0,33.0,2011-10-04 07:15:27+00:00,220.0,8.0,Java,2024-07-08T08:24:20,804.0,GitHubActions,2020-06-30 12:27:39+00:00,41.66666666666666,0.0363636363636363,0.0430444140090001,0.2690275875562512,5111,159.68,55.20228226489984,low,high,GitHubActions,Java,8,open_issue_ratio=low | project_age_days=high | ci_type=GitHubActions | mainLanguage=Java,JGAi
johnvictorfs/simple-utilities-mod,master,1761.0,21.0,211.0,3.0,27.0,37.0,2020-01-01 12:26:53+00:00,39.0,15.0,Java,2024-10-25T10:14:02,39.0,GitHubActions,2022-04-08 14:22:17+00:00,5.702702702702703,0.3846153846153846,0.0185714285714285,0.1004761904761904,2100,68.97,0.0,high,low,GitHubActions,Java,4,open_issue_ratio=high | project_age_days=low | ci_type=GitHubActions | mainLanguage=Java,JGaI
eewbot/eewbot,dev,1456.0,54.0,1329.0,5.0,63.0,6.0,2017-06-25 02:55:24+00:00,16.0,7.0,Java,2025-04-25T12:56:43,194.0,GitHubActions,2020-02-21 17:11:25+00:00,221.5,0.4375,0.0052980132450331,0.4400662251655629,3020,366.31,1.5887658876588766,high,low,GitHubActions,Java,4,open_issue_ratio=high | project_age_days=low | ci_type=GitHubActions | mainLanguage=Java,JGaI
thejacksonlaboratory/lirical,master,35841.0,17.0,1115.0,11.0,27.0,16.0,2017-08-28 09:28:03+00:00,475.0,6.0,Java,2025-04-23T09:28:22,199.0,GitHubActions,2022-03-31 16:53:11+00:00,69.6875,0.0126315789473684,0.1606901217861975,0.3771989174560216,2956,30.69,11.78662939669229,low,low,GitHubActions,Java,12,open_issue_ratio=low | project_age_days=low | ci_type=GitHubActions | mainLanguage=Java,JGai
ukanth/afwall,beta,29926.0,52.0,1885.0,157.0,2810.0,39.0,2012-10-27 01:20:30+00:00,1110.0,290.0,Java,2024-11-12T04:34:24,139.0,TravisCI,2013-10-27 05:48:08+00:00,48.333333333333336,0.2612612612612612,0.2350698856416772,0.3991952562473528,4722,349.46,0.0,low,high,TravisCI,Java,10,open_issue_ratio=low | project_age_days=high | ci_type=TravisCI | mainLanguage=Java,JTAi
sockless-coding/panasonic_cc,master,501.0,80.0,375.0,8.0,192.0,20.0,2020-05-01 08:19:03+00:00,281.0,20.0,Python,2025-01-12T08:03:14,98.0,GitHubActions,2024-09-22 14:10:00+00:00,18.75,0.0711743772241993,0.1419909044972208,0.1894896412329459,1979,225.31,0.0,low,low,GitHubActions,Python,13,open_issue_ratio=low | project_age_days=low | ci_type=GitHubActions | mainLanguage=Python,PGai
seart-group/ghs,master,43364.0,45.0,3254.0,3.0,154.0,11.0,2021-01-28 10:34:55+00:00,92.0,3.0,Java,2025-04-25T12:19:46,523.0,GitHubActions,2023-05-23 10:27:54+00:00,295.8181818181818,0.0326086956521739,0.0538957234915055,1.906268306971295,1707,30.44,0.5497165968839899,low,low,GitHubActions,Java,12,open_issue_ratio=low | project_age_days=low | ci_type=GitHubActions | mainLanguage=Java,JGai
douglasjunior/react-native-get-location,master,1075.0,20.0,108.0,3.0,224.0,5.0,2019-01-30 02:19:55+00:00,45.0,0.0,Java,2024-09-24T02:34:58,14.0,GitHubActions,2024-08-06 01:08:49+00:00,21.6,0.0,0.0184729064039408,0.0443349753694581,2436,57.84,0.0,low,low,GitHubActions,Java,12,open_issue_ratio=low | project_age_days=low | ci_type=GitHubActions | mainLanguage=Java,JGai
datadog/datadog-serverless-functions,master,2453.0,134.0,1320.0,604.0,342.0,167.0,2015-12-17 08:04:24+00:00,202.0,69.0,Python,2025-04-14T05:06:07,725.0,GitHubActions,2019-09-05 14:40:47+00:00,7.904191616766467,0.3415841584158416,0.0564876957494407,0.3691275167785235,3576,162.84,17.279131332166735,low,high,GitHubActions,Python,9,open_issue_ratio=low | project_age_days=high | ci_type=GitHubActions | mainLanguage=Python,PGAi
michaeldavie/env_canada,master,711.0,70.0,348.0,9.0,93.0,19.0,2018-07-30 03:14:30+00:00,61.0,2.0,Python,2025-04-25T01:25:52,48.0,GitHubActions,2020-11-14 15:13:09+00:00,18.31578947368421,0.0327868852459016,0.0232824427480916,0.132824427480916,2620,87.2,10.692552883222255,low,low,GitHubActions,Python,13,open_issue_ratio=low | project_age_days=low | ci_type=GitHubActions | mainLanguage=Python,PGai
people-os/support-shift-scheduler,master,1555.0,16.0,435.0,17.0,35.0,16.0,2019-11-18 07:32:40+00:00,15.0,7.0,Python,2025-04-21T12:43:15,428.0,GitHubActions,2022-09-26 15:54:24+00:00,27.1875,0.4666666666666667,0.0069962686567164,0.2028917910447761,2144,152.6,0.0094020308386611,high,low,GitHubActions,Python,5,open_issue_ratio=high | project_age_days=low | ci_type=GitHubActions | mainLanguage=Python,PGaI
stravalib/stravalib,main,5537.0,17.0,1018.0,50.0,902.0,68.0,2013-03-17 02:48:54+00:00,287.0,20.0,Python,2025-04-25T02:30:25,314.0,GitHubActions,2021-10-16 15:14:58+00:00,14.970588235294118,0.0696864111498257,0.0626500764025322,0.2222222222222222,4581,279.56,12.240250498149727,low,high,GitHubActions,Python,9,open_issue_ratio=low | project_age_days=high | ci_type=GitHubActions | mainLanguage=Python,PGAi
censys/censys-python,main,2488.0,45.0,1129.0,19.0,433.0,25.0,2015-09-24 05:41:20+00:00,69.0,1.0,Python,2025-04-15T02:26:18,594.0,GitHubActions,2020-08-17 19:48:42+00:00,45.16,0.0144927536231884,0.0188524590163934,0.3084699453551912,3660,47.15,31.807647740440327,low,high,GitHubActions,Python,9,open_issue_ratio=low | project_age_days=high | ci_type=GitHubActions | mainLanguage=Python,PGAi
delta-icons/android,master,311747.0,174.0,6418.0,16.0,673.0,138.0,2016-11-23 04:14:17+00:00,56.0,1.0,Java,2025-04-25T03:24:22,1107.0,GitHubActions,2022-05-07 14:14:50+00:00,46.5072463768116,0.0178571428571428,0.0173160173160173,1.984539270253556,3234,29.74,0.0,low,low,GitHubActions,Java,12,open_issue_ratio=low | project_age_days=low | ci_type=GitHubActions | mainLanguage=Java,JGai
palantir/conjure-python,develop,1954.0,56.0,861.0,269.0,21.0,28.0,2018-06-21 03:51:20+00:00,28.0,9.0,Java,2025-04-25T05:54:50,998.0,GitHubActions,2020-02-13 14:03:31+00:00,30.75,0.3214285714285714,0.0105302745393004,0.32380594208349,2659,232.56,41.92731277533039,low,low,GitHubActions,Java,12,open_issue_ratio=low | project_age_days=low | ci_type=GitHubActions | mainLanguage=Java,JGai
palewire/django-bakery,main,6046.0,37.0,908.0,36.0,412.0,28.0,2012-01-25 06:46:20+00:00,125.0,27.0,Python,2025-03-11T03:05:04,129.0,TravisCI,2014-02-01 01:33:58+00:00,32.42857142857143,0.216,0.0250100040016006,0.181672669067627,4998,159.04,21.75087814104296,low,high,TravisCI,Python,11,open_issue_ratio=low | project_age_days=high | ci_type=TravisCI | mainLanguage=Python,PTAi
tj-django/django-clone,main,1747.0,48.0,1760.0,3.0,124.0,16.0,2019-02-25 04:25:25+00:00,68.0,7.0,Python,2025-04-14T11:13:56,870.0,GitHubActions,2020-09-05 19:39:47+00:00,110.0,0.1029411764705882,0.0282157676348547,0.7302904564315352,2410,138.65,35.68634423897582,low,low,GitHubActions,Python,13,open_issue_ratio=low | project_age_days=low | ci_type=GitHubActions | mainLanguage=Python,PGai
greenbone/python-gvm,main,6946.0,59.0,3563.0,23.0,114.0,40.0,2018-11-02 08:24:17+00:00,50.0,9.0,Python,2025-04-25T10:31:57,1172.0,GitHubActions,2021-05-24 13:31:54+00:00,89.075,0.18,0.0198019801980198,1.411089108910891,2525,6.83,113.99718289684152,low,low,GitHubActions,Python,13,open_issue_ratio=low | project_age_days=low | ci_type=GitHubActions | mainLanguage=Python,PGai
lidatong/dataclasses-json,master,56560.0,72.0,343.0,8.0,1323.0,69.0,2018-04-21 02:00:01+00:00,318.0,111.0,Python,2024-06-09T02:20:35,207.0,GitHubActions,2019-12-19 12:49:21+00:00,4.971014492753623,0.3490566037735849,0.1169117647058823,0.1261029411764705,2720,210.91,76.18507598094806,low,low,GitHubActions,Python,13,open_issue_ratio=low | project_age_days=low | ci_type=GitHubActions | mainLanguage=Python,PGai
tethysplatform/tethys,main,68600.0,45.0,1823.0,21.0,103.0,54.0,2014-09-25 04:20:13+00:00,548.0,90.0,Python,2025-04-22T05:51:09,539.0,TravisCI,2018-04-14 07:55:50+00:00,33.75925925925926,0.1642335766423357,0.136182902584493,0.4530318091451292,4024,260.02,36.07946038800372,low,high,TravisCI,Python,11,open_issue_ratio=low | project_age_days=high | ci_type=TravisCI | mainLanguage=Python,PTAi
museumsvictoria/nodel,dev,2770.0,35.0,519.0,12.0,64.0,,2014-03-06 06:36:42+00:00,253.0,64.0,Java,2025-04-15T05:56:08,79.0,TravisCI,2015-10-05 07:24:20+00:00,,0.2529644268774703,0.0598533238703572,0.1227821149751596,4227,0.0,4.1760542545686254,low,high,TravisCI,Java,10,open_issue_ratio=low | project_age_days=high | ci_type=TravisCI | mainLanguage=Java,JTAi
ansible-collections/ansible.netcommon,main,1425.0,13.0,500.0,10.0,148.0,46.0,2020-02-13 06:22:52+00:00,219.0,87.0,Python,2025-04-16T09:46:34,472.0,GitHubActions,2022-05-10 16:03:32+00:00,10.869565217391305,0.3972602739726027,0.1064657267865824,0.2430724355858045,2057,198.81,25.978407557354927,high,low,GitHubActions,Python,5,open_issue_ratio=high | project_age_days=low | ci_type=GitHubActions | mainLanguage=Python,PGaI
jamesmudd/jhdf,master,4951.0,46.0,2042.0,11.0,149.0,14.0,2018-11-26 07:05:30+00:00,69.0,10.0,Java,2025-03-21T08:47:36,618.0,GitHubActions,2020-07-24 16:58:09+00:00,145.85714285714286,0.144927536231884,0.0275889644142343,0.8164734106357457,2501,143.49,61.94477245889727,low,low,GitHubActions,Java,12,open_issue_ratio=low | project_age_days=low | ci_type=GitHubActions | mainLanguage=Java,JGai
jenkinsci/jira-plugin,master,10281.0,32.0,1584.0,102.0,171.0,124.0,2010-12-13 05:42:51+00:00,29.0,10.0,Java,2025-04-23T10:19:51,617.0,TravisCI,2015-09-03 13:37:07+00:00,12.774193548387096,0.3448275862068966,0.0053644099149093,0.293007769145394,5406,318.89,43.37797619047619,low,high,TravisCI,Java,10,open_issue_ratio=low | project_age_days=high | ci_type=TravisCI | mainLanguage=Java,JTAi
pmeal/porespy,dev,1478617.0,26.0,3967.0,24.0,334.0,53.0,2015-05-06 08:35:41+00:00,499.0,33.0,Python,2025-04-20T09:22:49,383.0,TravisCI,2017-07-06 01:55:36+00:00,74.84905660377359,0.0661322645290581,0.1312812417784793,1.043672717705867,3801,137.4,5.312764591493994,low,high,TravisCI,Python,11,open_issue_ratio=low | project_age_days=high | ci_type=TravisCI | mainLanguage=Python,PTAi
pappasam/toml-sort,main,471.0,35.0,214.0,4.0,90.0,14.0,2019-08-05 01:12:29+00:00,34.0,14.0,Python,2024-11-19T02:00:21,43.0,GitHubActions,2021-04-01 22:30:27+00:00,15.285714285714286,0.4117647058823529,0.0151178301467318,0.095153401511783,2249,76.02,25.96964586846543,high,low,GitHubActions,Python,5,open_issue_ratio=high | project_age_days=low | ci_type=GitHubActions | mainLanguage=Python,PGaI
jackfred2/whereisit,1.21.2,3175.0,76.0,429.0,2.0,16.0,10.0,2020-04-21 07:24:27+00:00,35.0,10.0,Java,2025-04-17T03:05:05,10.0,GitHubActions,2021-07-22 16:28:28+00:00,42.9,0.2857142857142857,0.0175967823026646,0.2156862745098039,1989,26.67,0.0,low,low,GitHubActions,Java,12,open_issue_ratio=low | project_age_days=low | ci_type=GitHubActions | mainLanguage=Java,JGai
manatools/dnfdragora,master,6631.0,19.0,1233.0,14.0,155.0,30.0,2016-03-28 08:05:49+00:00,175.0,39.0,Python,2025-04-27T03:57:42,69.0,GitHubActions,2024-09-08 19:31:30+00:00,41.1,0.2228571428571428,0.0503742084052964,0.3549222797927461,3474,153.11,0.0,low,low,GitHubActions,Python,13,open_issue_ratio=low | project_age_days=low | ci_type=GitHubActions | mainLanguage=Python,PGai
secuso/privacy-friendly-qr-scanner,master,43691.0,30.0,638.0,11.0,380.0,63.0,2015-09-28 09:11:50+00:00,158.0,48.0,Java,2025-04-15T01:26:08,131.0,GitHubActions,2022-09-16 12:00:19+00:00,10.126984126984128,0.3037974683544304,0.0432166301969365,0.174507658643326,3656,377.08,1.3942434644837602,low,high,GitHubActions,Java,8,open_issue_ratio=low | project_age_days=high | ci_type=GitHubActions | mainLanguage=Java,JGAi
pseudonym117/riot-watcher,master,600.0,16.0,269.0,36.0,537.0,44.0,2014-02-07 12:08:14+00:00,98.0,7.0,Python,2025-03-08T09:03:51,153.0,TravisCI,2017-09-12 06:08:17+00:00,6.113636363636363,0.0714285714285714,0.0230371415138693,0.0632346027268453,4254,83.32,70.80057183702645,low,high,TravisCI,Python,11,open_issue_ratio=low | project_age_days=high | ci_type=TravisCI | mainLanguage=Python,PTAi
facebook/fresco,main,77647.0,55.0,4248.0,846.0,17106.0,494.0,2015-03-02 09:58:04+00:00,2317.0,237.0,Java,2025-04-25T07:47:40,470.0,GitHubActions,2020-01-16 12:24:32+00:00,8.59919028340081,0.1022874406560207,0.599327470253492,1.0988101396792551,3866,105.36,5.180480843411245,low,high,GitHubActions,Java,8,open_issue_ratio=low | project_age_days=high | ci_type=GitHubActions | mainLanguage=Java,JGAi
rosemoe/sora-editor,main,13447.0,74.0,2162.0,27.0,1056.0,37.0,2020-02-04 07:50:29+00:00,294.0,32.0,Java,2025-04-23T02:06:39,364.0,GitHubActions,2021-10-15 15:46:09+00:00,58.43243243243244,0.1088435374149659,0.1423039690222652,1.046466602129719,2066,46.12,0.8566985809707295,low,low,GitHubActions,Java,12,open_issue_ratio=low | project_age_days=low | ci_type=GitHubActions | mainLanguage=Java,JGai
isso-comments/isso,master,3886.0,27.0,1975.0,97.0,5135.0,139.0,2012-10-17 08:46:45+00:00,543.0,52.0,Python,2025-04-21T08:22:48,436.0,TravisCI,2013-11-18 11:41:45+00:00,14.20863309352518,0.0957642725598526,0.1147506339814032,0.4173710904480135,4732,511.39,11.30691657329123,low,high,TravisCI,Python,11,open_issue_ratio=low | project_age_days=high | ci_type=TravisCI | mainLanguage=Python,PTAi
kamkeel/customnpc-plus,master,54904.0,37.0,2345.0,6.0,59.0,19.0,2018-09-13 03:56:43+00:00,67.0,4.0,Java,2024-09-30T12:38:14,86.0,GitHubActions,2022-10-13 19:29:36+00:00,123.42105263157896,0.0597014925373134,0.0260194174757281,0.9106796116504854,2575,84.62,0.0,low,low,GitHubActions,Java,12,open_issue_ratio=low | project_age_days=low | ci_type=GitHubActions | mainLanguage=Java,JGai
axkr/symja_android_library,master,338855.0,24.0,7907.0,14.0,407.0,27.0,2013-12-04 05:11:24+00:00,375.0,73.0,Java,2025-04-25T07:07:41,766.0,GitHubActions,2021-06-02 13:32:00+00:00,292.85185185185185,0.1946666666666666,0.0868256540865941,1.8307478583005323,4319,146.85,28.333893243058657,low,high,GitHubActions,Java,8,open_issue_ratio=low | project_age_days=high | ci_type=GitHubActions | mainLanguage=Java,JGAi
rundeck-plugins/ansible-plugin,main,911.0,52.0,462.0,34.0,333.0,48.0,2016-03-11 08:33:59+00:00,286.0,104.0,Java,2024-12-11T01:11:55,119.0,TravisCI,2017-08-07 21:23:11+00:00,9.625,0.3636363636363636,0.0819249498710971,0.1323403036379261,3491,159.05,0.3780471907182897,high,low,TravisCI,Java,6,open_issue_ratio=high | project_age_days=low | ci_type=TravisCI | mainLanguage=Java,JTaI
killme2008/aviatorscript,master,13142.0,52.0,850.0,171.0,4395.0,23.0,2011-03-29 12:48:47+00:00,531.0,48.0,Java,2024-07-30T09:45:10,107.0,TravisCI,2016-10-19 03:39:04+00:00,36.95652173913044,0.0903954802259887,0.100188679245283,0.160377358490566,5300,52.91,34.161447459986086,low,high,TravisCI,Java,10,open_issue_ratio=low | project_age_days=high | ci_type=TravisCI | mainLanguage=Java,JTAi
nipy/heudiconv,master,11971.0,37.0,1789.0,18.0,246.0,60.0,2015-09-17 10:34:11+00:00,444.0,183.0,Python,2025-03-25T01:43:57,374.0,TravisCI,2016-09-17 03:37:04+00:00,29.816666666666663,0.4121621621621621,0.1210799018271066,0.48786473956913,3667,180.66,46.46771037181996,high,high,TravisCI,Python,3,open_issue_ratio=high | project_age_days=high | ci_type=TravisCI | mainLanguage=Python,PTAI
huobirdcenter/huobi_java,master,797.0,20.0,167.0,23.0,269.0,,2019-03-06 03:34:15+00:00,56.0,19.0,Java,2024-10-25T08:24:09,40.0,TravisCI,2020-10-28 02:34:43+00:00,,0.3392857142857143,0.0233236151603498,0.0695543523531861,2401,0.0,18.67845993756504,low,low,TravisCI,Java,14,open_issue_ratio=low | project_age_days=low | ci_type=TravisCI | mainLanguage=Java,JTai
freedomofpress/dangerzone,main,15919.0,22.0,1591.0,46.0,4054.0,31.0,2020-01-06 08:42:37+00:00,627.0,191.0,Python,2025-04-14T01:08:32,495.0,GitHubActions,2023-01-04 15:37:28+00:00,51.32258064516129,0.3046251993620414,0.2992840095465394,0.7594272076372315,2095,130.33,20.230500102901832,low,low,GitHubActions,Python,13,open_issue_ratio=low | project_age_days=low | ci_type=GitHubActions | mainLanguage=Python,PGai
rollbar/pyrollbar,master,1449.0,49.0,1106.0,38.0,217.0,94.0,2012-08-12 09:12:08+00:00,206.0,17.0,Python,2025-03-26T03:05:46,272.0,TravisCI,2014-03-14 20:32:27+00:00,11.76595744680851,0.0825242718446602,0.042934556065027,0.2305127136306794,4798,379.9,77.09931798806478,low,high,TravisCI,Python,11,open_issue_ratio=low | project_age_days=high | ci_type=TravisCI | mainLanguage=Python,PTAi
mrkinau/fishingbot,main,2721.0,73.0,577.0,11.0,338.0,20.0,2019-05-03 12:47:31+00:00,165.0,10.0,Java,2024-12-03T10:59:00,73.0,GitHubActions,2023-10-23 03:43:15+00:00,28.85,0.0606060606060606,0.0704225352112676,0.2462654716175843,2343,34.93,0.0,low,low,GitHubActions,Java,12,open_issue_ratio=low | project_age_days=low | ci_type=GitHubActions | mainLanguage=Java,JGai
merenlab/anvio,master,780516.0,29.0,19530.0,27.0,466.0,98.0,2014-02-26 12:35:29+00:00,1710.0,166.0,Python,2025-04-24T08:35:40,717.0,GitHubActions,2022-04-08 12:40:52+00:00,199.28571428571428,0.0970760233918128,0.4037780401416765,4.6115702479338845,4235,74.64,11.46312733732838,low,high,GitHubActions,Python,9,open_issue_ratio=low | project_age_days=high | ci_type=GitHubActions | mainLanguage=Python,PGAi
getodk/javarosa,master,14702.0,47.0,4902.0,16.0,54.0,74.0,2016-08-29 11:08:59+00:00,322.0,101.0,Java,2025-04-07T11:38:19,497.0,GitHubActions,2021-11-17 23:04:44+00:00,66.24324324324324,0.3136645962732919,0.0969879518072289,1.4765060240963856,3320,876.84,8.444768966066345,low,low,GitHubActions,Java,12,open_issue_ratio=low | project_age_days=low | ci_type=GitHubActions | mainLanguage=Java,JGai
cgatoxford/umi-tools,master,31183.0,34.0,922.0,34.0,502.0,41.0,2015-03-06 03:10:20+00:00,504.0,19.0,Python,2025-02-21T10:51:38,174.0,TravisCI,2016-04-22 13:23:34+00:00,22.48780487804878,0.0376984126984126,0.1305023303987571,0.2387364060072501,3862,205.63,2.9986052998605297,low,high,TravisCI,Python,11,open_issue_ratio=low | project_age_days=high | ci_type=TravisCI | mainLanguage=Python,PTAi
linuxmint/cinnamon-screensaver,master,3646.0,13.0,761.0,31.0,153.0,46.0,2013-01-09 10:41:22+00:00,332.0,102.0,Python,2025-03-16T02:54:34,138.0,GitHubActions,2022-09-14 14:38:45+00:00,16.543478260869566,0.3072289156626506,0.0714285714285714,0.1637263339070568,4648,254.64,0.0,low,high,GitHubActions,Python,9,open_issue_ratio=low | project_age_days=high | ci_type=GitHubActions | mainLanguage=Python,PGAi
logfellow/logstash-logback-encoder,main,3620.0,32.0,1257.0,64.0,2465.0,90.0,2013-03-04 04:19:08+00:00,512.0,31.0,Java,2025-04-05T05:15:35,463.0,TravisCI,2014-08-04 14:06:28+00:00,13.966666666666669,0.060546875,0.1114497170222028,0.2736177622986504,4594,70.95,58.03377908641066,low,high,TravisCI,Java,10,open_issue_ratio=low | project_age_days=high | ci_type=TravisCI | mainLanguage=Java,JTAi
ansible-community/ansible-test-gh-action,main,265.0,22.0,223.0,6.0,27.0,5.0,2020-11-17 07:06:36+00:00,18.0,7.0,Python,2024-09-20T06:12:10,55.0,GitHubActions,2022-07-30 15:40:54+00:00,44.6,0.3888888888888889,0.0101180438448566,0.1253513209668353,1779,56.0,7.507288629737609,high,low,GitHubActions,Python,5,open_issue_ratio=high | project_age_days=low | ci_type=GitHubActions | mainLanguage=Python,PGaI
cst-group/cst,master,12270.0,26.0,717.0,15.0,33.0,27.0,2015-08-14 05:56:39+00:00,22.0,12.0,Java,2025-03-13T04:48:33,48.0,TravisCI,2019-05-02 21:36:56+00:00,26.55555555555556,0.5454545454545454,0.0059443393677384,0.1937314239394758,3701,272.37,49.986781811773,high,high,TravisCI,Java,2,open_issue_ratio=high | project_age_days=high | ci_type=TravisCI | mainLanguage=Java,JTAI
dkpro/dkpro-core,main,104083.0,30.0,5364.0,28.0,196.0,65.0,2015-05-12 08:45:33+00:00,1327.0,127.0,Java,2024-11-17T06:24:00,278.0,GitHubActions,2024-08-03 01:32:44+00:00,82.52307692307693,0.095704596834966,0.3496706192358366,1.4134387351778657,3795,192.34,11.63927861884154,low,high,GitHubActions,Java,8,open_issue_ratio=low | project_age_days=high | ci_type=GitHubActions | mainLanguage=Java,JGAi
pnx-si/geopaysages,master,17646.0,25.0,907.0,15.0,11.0,20.0,2018-04-24 08:23:36+00:00,75.0,16.0,Python,2024-10-04T11:21:05,112.0,GitHubActions,2024-04-06 07:35:05+00:00,45.35,0.2133333333333333,0.027603974972396,0.3338240706661759,2717,530.75,0.2709595154606312,low,low,GitHubActions,Python,13,open_issue_ratio=low | project_age_days=low | ci_type=GitHubActions | mainLanguage=Python,PGai
python-semver/python-semver,master,902.0,21.0,499.0,13.0,480.0,47.0,2012-02-07 08:46:16+00:00,187.0,13.0,Python,2025-01-28T12:40:12,257.0,TravisCI,2014-10-02 17:49:19+00:00,10.617021276595745,0.0695187165775401,0.0375125376128385,0.1001003009027081,4985,114.86,34.30641380779885,low,high,TravisCI,Python,11,open_issue_ratio=low | project_age_days=high | ci_type=TravisCI | mainLanguage=Python,PTAi
sonatype/nexus-public,main,164004.0,145.0,5219.0,119.0,2082.0,109.0,2015-07-31 11:42:41+00:00,487.0,245.0,Java,2025-02-04T08:23:41,128.0,GitHubActions,2024-01-22 19:41:45+00:00,47.88073394495413,0.5030800821355236,0.1310901749663526,1.4048452220726784,3715,65.08,24.646487003644907,high,high,GitHubActions,Java,0,open_issue_ratio=high | project_age_days=high | ci_type=GitHubActions | mainLanguage=Java,JGAI
tl-its-umich-edu/my-learning-analytics,master,3159.0,29.0,812.0,9.0,36.0,30.0,2018-07-11 11:55:57+00:00,813.0,91.0,Python,2025-03-17T01:57:19,817.0,GitHubActions,2023-08-25 14:32:05+00:00,27.066666666666663,0.1119311193111931,0.3080712391057219,0.3076923076923077,2639,136.85,0.0,low,low,GitHubActions,Python,13,open_issue_ratio=low | project_age_days=low | ci_type=GitHubActions | mainLanguage=Python,PGai
paddlepaddle/paddlenlp,develop,115341.0,48.0,5820.0,101.0,12542.0,377.0,2021-02-05 01:07:42+00:00,3729.0,286.0,Python,2025-04-27T09:12:45,6688.0,GitHubActions,2022-10-31 08:44:34+00:00,15.437665782493369,0.0766961651917404,2.194820482636845,3.42554443790465,1699,149.8,15.61868610467064,low,low,GitHubActions,Python,13,open_issue_ratio=low | project_age_days=low | ci_type=GitHubActions | mainLanguage=Python,PGai
querydsl/querydsl,master,51682.0,35.0,8083.0,156.0,4851.0,147.0,2011-08-05 06:46:32+00:00,2044.0,55.0,Java,2025-02-01T12:33:54,1703.0,TravisCI,2014-04-29 06:41:22+00:00,54.98639455782313,0.0269080234833659,0.3952813769096887,1.5631405917617482,5171,401.66,67.02433093588411,low,high,TravisCI,Java,10,open_issue_ratio=low | project_age_days=high | ci_type=TravisCI | mainLanguage=Java,JTAi
olen/homeassistant-plant,master,1102.0,44.0,330.0,13.0,469.0,23.0,2020-09-19 05:29:29+00:00,162.0,25.0,Python,2025-03-18T01:33:01,69.0,GitHubActions,2022-08-04 13:53:56+00:00,14.347826086956522,0.1543209876543209,0.088139281828074,0.1795429815016322,1838,78.94,0.0,low,low,GitHubActions,Python,13,open_issue_ratio=low | project_age_days=low | ci_type=GitHubActions | mainLanguage=Python,PGai
jenkinsci/next-executions-plugin,main,603.0,22.0,432.0,97.0,11.0,17.0,2011-06-07 08:35:21+00:00,14.0,4.0,Java,2025-04-08T12:28:45,156.0,GitHubActions,2023-04-22 11:02:03+00:00,25.41176470588235,0.2857142857142857,0.0026768642447418,0.0826003824091778,5230,9.41,33.60215053763441,low,high,GitHubActions,Java,8,open_issue_ratio=low | project_age_days=high | ci_type=GitHubActions | mainLanguage=Java,JGAi
aeron-io/aeron,master,70240.0,116.0,17961.0,352.0,7709.0,143.0,2014-02-07 05:16:58+00:00,827.0,19.0,Java,2025-04-22T04:59:31,953.0,TravisCI,2018-10-26 00:41:52+00:00,125.6013986013986,0.022974607013301,0.194405265632346,4.222143864598025,4254,67.97,29.51596266252372,low,high,TravisCI,Java,10,open_issue_ratio=low | project_age_days=high | ci_type=TravisCI | mainLanguage=Java,JTAi
owasp/crapi,develop,4630.0,15.0,272.0,24.0,1212.0,24.0,2021-02-03 09:11:44+00:00,101.0,35.0,Java,2025-02-19T05:00:34,188.0,GitHubActions,2022-04-05 03:05:00+00:00,11.333333333333334,0.3465346534653465,0.0593768371546149,0.1599059376837154,1701,77.22,1.87078193369756,low,low,GitHubActions,Java,12,open_issue_ratio=low | project_age_days=low | ci_type=GitHubActions | mainLanguage=Java,JGai
databrickslabs/dbldatagen,master,11606.0,18.0,303.0,16.0,396.0,10.0,2019-07-23 11:42:56+00:00,76.0,13.0,Python,2025-03-06T08:02:52,223.0,GitHubActions,2021-06-09 17:35:23+00:00,30.3,0.1710526315789473,0.0335985853227232,0.1339522546419098,2262,111.32,63.8155161156289,low,low,GitHubActions,Python,13,open_issue_ratio=low | project_age_days=low | ci_type=GitHubActions | mainLanguage=Python,PGai
camunda/zeebe,main,274634.0,270.0,38134.0,107.0,3046.0,305.0,2016-03-20 03:38:04+00:00,6764.0,743.0,Java,2024-05-18T01:31:38,11828.0,TravisCI,2018-02-28 14:32:32+00:00,125.02950819672132,0.109846244825547,1.9425617461229177,10.951751866743251,3482,26.19,45.15237388864149,low,low,TravisCI,Java,14,open_issue_ratio=low | project_age_days=low | ci_type=TravisCI | mainLanguage=Java,JTai
apache/bookkeeper,master,135940.0,22.0,3572.0,99.0,1927.0,254.0,2011-04-06 07:00:07+00:00,1305.0,364.0,Java,2025-04-22T07:37:55,3289.0,TravisCI,2017-06-01 20:59:44+00:00,14.062992125984252,0.2789272030651341,0.2465986394557823,0.6749811035525322,5292,310.64,52.15940180918,low,high,TravisCI,Java,10,open_issue_ratio=low | project_age_days=high | ci_type=TravisCI | mainLanguage=Java,JTAi
furlongm/patchman,main,3381.0,64.0,1630.0,17.0,379.0,24.0,2013-01-31 00:07:03+00:00,205.0,43.0,Python,2025-04-23T11:59:29,463.0,TravisCI,2014-09-25 22:43:45+00:00,67.91666666666667,0.2097560975609756,0.0443147427583225,0.3523562472978815,4626,80.32,0.0,low,high,TravisCI,Python,11,open_issue_ratio=low | project_age_days=high | ci_type=TravisCI | mainLanguage=Python,PTAi
porridge/bambam,master,5161.0,14.0,428.0,6.0,74.0,35.0,2015-04-24 05:06:21+00:00,14.0,5.0,Python,2025-04-07T12:11:06,153.0,TravisCI,2018-07-22 21:41:55+00:00,12.228571428571428,0.3571428571428571,0.003671649619722,0.1122475740886441,3813,157.84,8.038125496425735,high,high,TravisCI,Python,3,open_issue_ratio=high | project_age_days=high | ci_type=TravisCI | mainLanguage=Python,PTAI
bilde2910/hauk,master,6622.0,14.0,539.0,14.0,577.0,36.0,2019-08-23 09:08:13+00:00,177.0,46.0,Java,2024-05-24T09:05:24,30.0,GitHubActions,2023-08-13 13:21:10+00:00,14.97222222222222,0.2598870056497175,0.079336620349619,0.2415956969968624,2231,19.03,1.159608182080092,low,low,GitHubActions,Java,12,open_issue_ratio=low | project_age_days=low | ci_type=GitHubActions | mainLanguage=Java,JGai
ungoogled-software/ungoogled-chromium,master,17330.0,245.0,2286.0,300.0,22292.0,107.0,2015-06-12 22:24:24+00:00,2324.0,147.0,Python,2025-04-22T08:24:21,616.0,TravisCI,2018-05-31 05:23:14+00:00,21.36448598130841,0.0632530120481927,0.6174282678002125,0.6073326248671626,3764,49.78,1.288152801573704,low,high,TravisCI,Python,11,open_issue_ratio=low | project_age_days=high | ci_type=TravisCI | mainLanguage=Python,PTAi
bioinformatics-ua/dicoogle,dev,26195.0,39.0,1435.0,38.0,465.0,28.0,2014-12-16 01:39:27+00:00,259.0,53.0,Java,2025-04-01T01:08:38,460.0,TravisCI,2017-12-07 11:44:42+00:00,51.25,0.2046332046332046,0.0657026889903602,0.3640284119736174,3942,273.65,1.8810713684092315,low,high,TravisCI,Java,10,open_issue_ratio=low | project_age_days=high | ci_type=TravisCI | mainLanguage=Java,JTAi
hfaran/piazza-api,develop,153.0,20.0,180.0,12.0,186.0,26.0,2013-12-12 08:20:26+00:00,24.0,12.0,Python,2024-10-22T01:52:03,49.0,GitHubActions,2023-10-22 01:05:19+00:00,6.923076923076923,0.5,0.0055671537926235,0.0417536534446764,4311,51.35,0.0,high,high,GitHubActions,Python,1,open_issue_ratio=high | project_age_days=high | ci_type=GitHubActions | mainLanguage=Python,PGAI
openremote/openremote,master,303895.0,13.0,4470.0,66.0,1389.0,49.0,2016-02-03 11:14:02+00:00,1146.0,310.0,Java,2025-04-25T01:05:38,674.0,GitHubActions,2020-10-19 08:01:03+00:00,91.22448979591836,0.2705061082024433,0.3248299319727891,1.2670068027210883,3528,293.52,0.7725805972870633,low,low,GitHubActions,Java,12,open_issue_ratio=low | project_age_days=low | ci_type=GitHubActions | mainLanguage=Java,JGai
kagkarlsson/db-scheduler,master,2970.0,67.0,915.0,19.0,1368.0,67.0,2015-08-12 06:01:34+00:00,309.0,72.0,Java,2025-04-23T05:40:53,277.0,TravisCI,2017-12-02 20:48:10+00:00,13.656716417910449,0.233009708737864,0.0834458547123953,0.2470969484201998,3703,193.27,44.20216116683626,low,high,TravisCI,Java,10,open_issue_ratio=low | project_age_days=high | ci_type=TravisCI | mainLanguage=Java,JTAi
open-edge-platform/training_extensions,develop,436113.0,70.0,1165.0,47.0,1162.0,32.0,2018-10-26 02:02:29+00:00,409.0,10.0,Python,2025-04-25T10:51:10,3952.0,GitHubActions,2023-11-23 04:24:48+00:00,36.40625,0.0244498777506112,0.1615323854660347,0.4601105845181674,2532,113.51,17.73759731527063,low,low,GitHubActions,Python,13,open_issue_ratio=low | project_age_days=low | ci_type=GitHubActions | mainLanguage=Python,PGai
kaljurand/k6nele,master,25697.0,26.0,519.0,21.0,275.0,3.0,2011-12-21 12:57:58+00:00,78.0,26.0,Java,2024-12-01T10:53:21,29.0,GitHubActions,2019-09-02 17:17:57+00:00,173.0,0.3333333333333333,0.0154977150804689,0.1031194118815815,5033,53.5,0.0,low,high,GitHubActions,Java,8,open_issue_ratio=low | project_age_days=high | ci_type=GitHubActions | mainLanguage=Java,JGAi
deepmodeling/deepmd-kit,r3.0,66289.0,55.0,3180.0,45.0,1626.0,76.0,2017-12-12 03:23:44+00:00,885.0,84.0,Python,2025-03-02T03:04:28,2354.0,TravisCI,2019-07-25 12:01:49+00:00,41.8421052631579,0.0949152542372881,0.3105263157894737,1.1157894736842104,2850,48.28,31.56466962317336,low,low,TravisCI,Python,15,open_issue_ratio=low | project_age_days=low | ci_type=TravisCI | mainLanguage=Python,PTai
tensorflow/model-optimization,master,2333.0,21.0,837.0,119.0,1516.0,90.0,2018-10-31 08:34:28+00:00,360.0,192.0,Python,2025-02-10T11:24:42,794.0,GitHubActions,2020-07-27 20:21:58+00:00,9.3,0.5333333333333333,0.1424614166996438,0.3312227938266719,2527,73.01,70.07184764534246,high,low,GitHubActions,Python,5,open_issue_ratio=high | project_age_days=low | ci_type=GitHubActions | mainLanguage=Python,PGaI
dromara/sureness,master,8668.0,23.0,590.0,31.0,870.0,19.0,2019-01-21 03:35:21+00:00,47.0,9.0,Java,2024-12-26T02:25:30,137.0,GitHubActions,2020-08-20 14:02:27+00:00,31.05263157894737,0.1914893617021276,0.0192229038854805,0.2413087934560327,2445,69.55,5.567151151758947,low,low,GitHubActions,Java,12,open_issue_ratio=low | project_age_days=low | ci_type=GitHubActions | mainLanguage=Java,JGai
pytorch/xla,master,80149.0,19.0,5564.0,55.0,2592.0,243.0,2018-11-05 10:42:04+00:00,2568.0,619.0,Python,2025-04-26T01:49:24,6454.0,GitHubActions,2023-05-19 22:59:16+00:00,22.897119341563787,0.2410436137071651,1.0182394924662963,2.206185567010309,2522,68.88,33.56318482581947,low,low,GitHubActions,Python,13,open_issue_ratio=low | project_age_days=low | ci_type=GitHubActions | mainLanguage=Python,PGai
mjg59/python-broadlink,master,408.0,16.0,331.0,95.0,1359.0,82.0,2016-09-15 03:00:33+00:00,419.0,54.0,Python,2024-04-17T06:26:53,388.0,GitHubActions,2020-09-26 06:23:22+00:00,4.036585365853658,0.1288782816229117,0.126854374810778,0.1002119285498032,3303,349.16,0.0,low,low,GitHubActions,Python,13,open_issue_ratio=low | project_age_days=low | ci_type=GitHubActions | mainLanguage=Python,PGai
docile-alligator/infinity-for-reddit,master,29507.0,175.0,2584.0,60.0,4602.0,68.0,2018-07-26 03:02:51+00:00,990.0,120.0,Java,2025-04-25T01:39:33,307.0,GitHubActions,2021-07-12 21:36:00+00:00,38.0,0.1212121212121212,0.3772865853658536,0.9847560975609756,2624,150.81,0.0,low,low,GitHubActions,Java,12,open_issue_ratio=low | project_age_days=low | ci_type=GitHubActions | mainLanguage=Java,JGai
eclipse/jnosql,main,12679.0,25.0,6196.0,34.0,230.0,36.0,2016-07-14 09:58:40+00:00,200.0,12.0,Java,2024-12-15T04:22:40,365.0,GitHubActions,2020-10-25 09:43:18+00:00,172.11111111111111,0.06,0.05941770647653,1.8407605466429,3366,137.64,95.19376899696049,low,low,GitHubActions,Java,12,open_issue_ratio=low | project_age_days=low | ci_type=GitHubActions | mainLanguage=Java,JGai
cantaloupe-project/cantaloupe,develop,60328.0,58.0,4774.0,27.0,275.0,39.0,2015-09-08 04:21:12+00:00,534.0,90.0,Java,2025-04-23T03:56:43,146.0,TravisCI,2017-08-05 02:52:30+00:00,122.4102564102564,0.1685393258426966,0.1452665941240478,1.2986942328618063,3676,164.92,55.7707501873949,low,high,TravisCI,Java,10,open_issue_ratio=low | project_age_days=high | ci_type=TravisCI | mainLanguage=Java,JTAi
bobbylight/rsyntaxtextarea,master,14577.0,38.0,1066.0,57.0,1154.0,52.0,2013-08-08 03:40:21+00:00,466.0,116.0,Java,2025-03-18T02:19:28,135.0,TravisCI,2015-02-15 04:55:16+00:00,20.5,0.2489270386266094,0.1050259184133423,0.2402524228082037,4437,133.34,36.36962580314144,low,high,TravisCI,Java,10,open_issue_ratio=low | project_age_days=high | ci_type=TravisCI | mainLanguage=Java,JTAi
reandroid/arsclib,main,8873.0,16.0,1216.0,13.0,272.0,6.0,2021-11-14 02:38:01+00:00,48.0,11.0,Java,2025-04-25T02:36:18,28.0,GitHubActions,2023-07-01 19:56:26+00:00,202.66666666666663,0.2291666666666666,0.0338743824982357,0.858151023288638,1417,18.84,1.4090541632983022,low,low,GitHubActions,Java,12,open_issue_ratio=low | project_age_days=low | ci_type=GitHubActions | mainLanguage=Java,JGai
usepa/fedelemflowlist,master,330753.0,25.0,1475.0,14.0,37.0,20.0,2018-02-05 03:35:37+00:00,59.0,15.0,Python,2025-04-23T03:22:15,146.0,GitHubActions,2022-01-16 14:36:21+00:00,73.75,0.2542372881355932,0.0211091234347048,0.5277280858676208,2795,162.66,0.0422088567639387,low,low,GitHubActions,Python,13,open_issue_ratio=low | project_age_days=low | ci_type=GitHubActions | mainLanguage=Python,PGai
getsimpl/cloudlift,master,642.0,19.0,439.0,13.0,25.0,20.0,2019-03-01 02:01:29+00:00,18.0,11.0,Python,2024-10-07T09:57:40,143.0,GitHubActions,2024-05-28 11:45:59+00:00,21.95,0.6111111111111112,0.0074812967581047,0.1824605153782211,2406,253.63,16.144182223787716,high,low,GitHubActions,Python,5,open_issue_ratio=high | project_age_days=low | ci_type=GitHubActions | mainLanguage=Python,PGaI
fhoeben/hsac-fitnesse-fixtures,main,4614.0,275.0,3554.0,28.0,110.0,50.0,2014-05-10 08:37:07+00:00,293.0,35.0,Java,2025-02-23T09:44:12,419.0,TravisCI,2015-06-14 18:34:02+00:00,71.08,0.1194539249146757,0.0703988467083133,0.853916386352715,4162,51.63,34.147011175485325,low,high,TravisCI,Java,10,open_issue_ratio=low | project_age_days=high | ci_type=TravisCI | mainLanguage=Java,JTAi
juju/charm-tools,master,56496.0,24.0,1219.0,19.0,42.0,69.0,2013-09-17 03:04:44+00:00,370.0,128.0,Python,2024-11-13T04:06:21,313.0,TravisCI,2015-10-02 13:29:39+00:00,17.666666666666668,0.3459459459459459,0.0841482829201728,0.2772344780532181,4397,71.49,59.86000736803327,low,high,TravisCI,Python,11,open_issue_ratio=low | project_age_days=high | ci_type=TravisCI | mainLanguage=Python,PTAi
elastic/support-diagnostics,main,10625.0,87.0,770.0,136.0,291.0,73.0,2014-09-04 04:26:17+00:00,364.0,51.0,Java,2025-04-25T05:12:52,445.0,GitHubActions,2023-07-12 18:18:58+00:00,10.547945205479452,0.1401098901098901,0.0899876390605686,0.1903584672435105,4045,137.21,2.9405536227499622,low,high,GitHubActions,Java,8,open_issue_ratio=low | project_age_days=high | ci_type=GitHubActions | mainLanguage=Java,JGAi
ablab/isoquant,master,20573.0,33.0,1423.0,12.0,162.0,15.0,2020-04-15 08:13:34+00:00,242.0,45.0,Python,2025-04-17T08:58:55,56.0,GitHubActions,2023-01-17 10:43:51+00:00,94.86666666666666,0.1859504132231405,0.1213032581453634,0.7132832080200501,1995,87.02,18.95676429567643,low,low,GitHubActions,Python,13,open_issue_ratio=low | project_age_days=low | ci_type=GitHubActions | mainLanguage=Python,PGai
gocardless/gocardless-pro-java,master,12730.0,131.0,873.0,90.0,21.0,48.0,2015-04-02 09:47:10+00:00,28.0,5.0,Java,2025-04-25T02:39:10,109.0,GitHubActions,2021-05-11 12:21:08+00:00,18.1875,0.1785714285714285,0.0073011734028683,0.2276401564537157,3835,165.22,9.460824836961514,low,high,GitHubActions,Java,8,open_issue_ratio=low | project_age_days=high | ci_type=GitHubActions | mainLanguage=Java,JGAi
openapc/openapc-de,master,936012.0,1000.0,15207.0,23.0,124.0,,2014-06-17 08:43:58+00:00,49.0,10.0,Python,2025-04-25T09:28:06,2004.0,TravisCI,2016-03-01 14:23:42+00:00,,0.2040816326530612,0.0118816682832201,3.687439379243453,4124,0.0,0.1439694983587227,low,high,TravisCI,Python,11,open_issue_ratio=low | project_age_days=high | ci_type=TravisCI | mainLanguage=Python,PTAi
openfeign/feign,master,9814.0,39.0,2415.0,398.0,9648.0,303.0,2013-06-26 11:28:16+00:00,1063.0,218.0,Java,2025-04-25T05:32:48,1781.0,TravisCI,2015-03-10 21:51:13+00:00,7.97029702970297,0.2050799623706491,0.2372767857142857,0.5390625,4480,185.85,72.61132570512353,low,high,TravisCI,Java,10,open_issue_ratio=low | project_age_days=high | ci_type=TravisCI | mainLanguage=Java,JTAi
betacraftuk/betacraft-launcher,v1,15879.0,46.0,99.0,12.0,348.0,7.0,2018-11-11 10:28:26+00:00,325.0,60.0,Java,2025-02-19T03:05:14,46.0,GitHubActions,2022-03-12 17:40:22+00:00,14.142857142857142,0.1846153846153846,0.1291732909379968,0.0393481717011128,2516,263.08,0.0,low,low,GitHubActions,Java,12,open_issue_ratio=low | project_age_days=low | ci_type=GitHubActions | mainLanguage=Java,JGai
usethesource/vallang,main,14607.0,24.0,2729.0,11.0,35.0,22.0,2015-10-16 02:04:31+00:00,42.0,4.0,Java,2025-04-02T06:34:54,252.0,GitHubActions,2021-05-12 10:08:07+00:00,124.04545454545456,0.0952380952380952,0.0115448048378229,0.7501374381528312,3638,151.92,24.89834833571689,low,high,GitHubActions,Java,8,open_issue_ratio=low | project_age_days=high | ci_type=GitHubActions | mainLanguage=Java,JGAi
yukuku/androidbible,develop,73003.0,34.0,3917.0,40.0,325.0,20.0,2012-09-03 10:27:07+00:00,89.0,25.0,Java,2024-12-26T09:18:38,23.0,TravisCI,2016-07-01 07:56:54+00:00,195.85,0.2808988764044944,0.0186348408710217,0.820142378559464,4776,296.72,0.3323384432693496,low,high,TravisCI,Java,10,open_issue_ratio=low | project_age_days=high | ci_type=TravisCI | mainLanguage=Java,JTAi
metacell/cloud-harness,develop,19558.0,17.0,1787.0,10.0,17.0,19.0,2020-02-18 15:50:12+00:00,368.0,74.0,Python,2025-04-23T02:32:49,431.0,GitHubActions,2022-01-31 09:58:21+00:00,94.05263157894736,0.2010869565217391,0.1793372319688109,0.8708576998050682,2052,96.74,9.00562227619016,low,low,GitHubActions,Python,13,open_issue_ratio=low | project_age_days=low | ci_type=GitHubActions | mainLanguage=Python,PGai
qa-guru/allure-notifications,master,82496.0,35.0,468.0,6.0,517.0,24.0,2019-11-26 10:24:54+00:00,61.0,24.0,Java,2025-04-25T12:42:16,286.0,GitHubActions,2020-12-21 18:54:09+00:00,19.5,0.3934426229508196,0.0285580524344569,0.2191011235955056,2136,108.03,21.42312579415502,high,low,GitHubActions,Java,4,open_issue_ratio=high | project_age_days=low | ci_type=GitHubActions | mainLanguage=Java,JGaI
wyfo/apischema,master,6996.0,54.0,543.0,8.0,226.0,13.0,2019-08-08 07:33:15+00:00,66.0,14.0,Python,2024-10-01T07:13:52,547.0,GitHubActions,2020-10-11 06:44:15+00:00,41.76923076923077,0.2121212121212121,0.0293855743544078,0.2417631344612644,2246,27.77,21.779761904761905,low,low,GitHubActions,Python,13,open_issue_ratio=low | project_age_days=low | ci_type=GitHubActions | mainLanguage=Python,PGai
tinylog-org/tinylog,v2.8,53053.0,83.0,1283.0,12.0,738.0,21.0,2012-09-13 11:21:42+00:00,248.0,27.0,Java,2025-04-24T12:29:41,548.0,TravisCI,2016-10-24 18:33:22+00:00,61.095238095238095,0.1088709677419354,0.0520352496852706,0.2691984892992027,4766,78.9,91.38595025983668,low,high,TravisCI,Java,10,open_issue_ratio=low | project_age_days=high | ci_type=TravisCI | mainLanguage=Java,JTAi
systems-modeling/sysml-v2-pilot-implementation,master,565397.0,73.0,4246.0,30.0,148.0,24.0,2018-01-09 06:34:23+00:00,58.0,13.0,Java,2025-04-21T09:22:02,582.0,TravisCI,2020-12-18 22:00:39+00:00,176.91666666666666,0.2241379310344827,0.0205527994330262,1.5046066619418852,2822,47.47,0.250439336757958,low,low,TravisCI,Java,14,open_issue_ratio=low | project_age_days=low | ci_type=TravisCI | mainLanguage=Java,JTai
biocore/biom-format,master,21422.0,14.0,2268.0,20.0,92.0,62.0,2012-04-11 11:10:28+00:00,490.0,23.0,Python,2024-12-05T04:50:30,499.0,TravisCI,2013-12-05 06:12:37+00:00,36.58064516129032,0.046938775510204,0.0995732574679943,0.460881934566145,4921,214.65,68.0888575458392,low,high,TravisCI,Python,11,open_issue_ratio=low | project_age_days=high | ci_type=TravisCI | mainLanguage=Python,PTAi
mmuckley/torchkbnufft,main,14909.0,20.0,118.0,7.0,218.0,7.0,2019-11-11 03:01:08+00:00,42.0,9.0,Python,2024-12-04T02:54:05,48.0,GitHubActions,2021-01-14 00:28:14+00:00,16.857142857142858,0.2142857142857142,0.0195258019525801,0.0548582054858205,2151,31.05,30.342765125373823,low,low,GitHubActions,Python,13,open_issue_ratio=low | project_age_days=low | ci_type=GitHubActions | mainLanguage=Python,PGai
dcm4che/dcm4che,master,71937.0,56.0,3439.0,120.0,1282.0,62.0,2010-09-15 11:13:55+00:00,926.0,112.0,Java,2025-02-17T08:44:29,439.0,TravisCI,2014-07-21 16:57:14+00:00,55.46774193548387,0.120950323974082,0.1685168334849863,0.6258416742493176,5495,26.99,2.769219517100776,low,high,TravisCI,Java,10,open_issue_ratio=low | project_age_days=high | ci_type=TravisCI | mainLanguage=Java,JTAi
facelessuser/brackethighlighter,master,5644.0,53.0,884.0,75.0,1745.0,63.0,2011-09-16 06:51:35+00:00,498.0,9.0,Python,2025-02-27T04:55:12,140.0,TravisCI,2015-05-12 21:19:05+00:00,14.031746031746032,0.0180722891566265,0.0970949502827061,0.1723532852407877,5129,29.66,4.207221350078493,low,high,TravisCI,Python,11,open_issue_ratio=low | project_age_days=high | ci_type=TravisCI | mainLanguage=Python,PTAi
wildfirechat/app-server,master,22912.0,41.0,250.0,14.0,267.0,7.0,2019-01-17 04:13:09+00:00,31.0,0.0,Java,2025-04-15T04:40:04,14.0,GitHubActions,2020-04-22 13:57:27+00:00,35.714285714285715,0.0,0.0126582278481012,0.1020824826459779,2449,34.89,0.2720625743921102,low,low,GitHubActions,Java,12,open_issue_ratio=low | project_age_days=low | ci_type=GitHubActions | mainLanguage=Java,JGai
storaged-project/blivet,main,18269.0,28.0,4643.0,17.0,107.0,58.0,2014-02-06 04:02:44+00:00,132.0,34.0,Python,2025-04-17T06:33:30,1236.0,GitHubActions,2021-08-02 08:30:24+00:00,80.05172413793103,0.2575757575757575,0.0310223266745005,1.091186839012926,4255,471.17,56.62718833870928,low,high,GitHubActions,Python,9,open_issue_ratio=low | project_age_days=high | ci_type=GitHubActions | mainLanguage=Python,PGAi
obiba/mica2,master,62017.0,162.0,5726.0,8.0,11.0,,2014-03-27 02:29:14+00:00,2136.0,80.0,Java,2025-04-18T11:41:17,2359.0,TravisCI,2015-10-05 16:15:34+00:00,,0.0374531835205992,0.5078459343794579,1.3613884926295767,4206,0.0,2.788728281500949,low,high,TravisCI,Java,10,open_issue_ratio=low | project_age_days=high | ci_type=TravisCI | mainLanguage=Java,JTAi
hankcs/hanlp,doc-zh,72898.0,62.0,1770.0,1132.0,34293.0,51.0,2014-10-09 06:36:16+00:00,1424.0,8.0,Python,2024-12-18T06:43:45,136.0,TravisCI,2020-02-16 15:58:06+00:00,34.705882352941174,0.0056179775280898,0.3551122194513715,0.4413965087281795,4010,306.42,1.26939047741991,low,high,TravisCI,Python,11,open_issue_ratio=low | project_age_days=high | ci_type=TravisCI | mainLanguage=Python,PTAi
mne-tools/mne-bids-pipeline,main,1102417.0,13.0,903.0,12.0,146.0,27.0,2019-01-28 12:18:07+00:00,346.0,76.0,Python,2025-04-21T08:13:11,733.0,GitHubActions,2020-11-02 14:07:53+00:00,33.44444444444444,0.2196531791907514,0.1419196062346185,0.3703855619360131,2438,126.95,11.392763978677554,low,low,GitHubActions,Python,13,open_issue_ratio=low | project_age_days=low | ci_type=GitHubActions | mainLanguage=Python,PGai
erikzimmermann/tradesystem,develop,1457.0,60.0,974.0,4.0,89.0,31.0,2018-07-05 08:52:03+00:00,437.0,17.0,Java,2025-03-30T02:25:44,141.0,GitHubActions,2020-09-21 09:52:52+00:00,31.41935483870968,0.0389016018306636,0.1652173913043478,0.368241965973535,2645,68.14,0.0,low,low,GitHubActions,Java,12,open_issue_ratio=low | project_age_days=low | ci_type=GitHubActions | mainLanguage=Java,JGai
gemini-hlsw/ocs,main,740097.0,27.0,7797.0,15.0,16.0,27.0,2014-09-12 02:20:23+00:00,14.0,5.0,Java,2025-04-25T10:37:34,2334.0,TravisCI,2016-01-29 17:41:31+00:00,288.77777777777777,0.3571428571428571,0.0034679217240525,1.931384691602676,4037,324.29,4.362583940729676,high,high,TravisCI,Java,2,open_issue_ratio=high | project_age_days=high | ci_type=TravisCI | mainLanguage=Java,JTAI
y-young/nazurin,master,1064.0,27.0,437.0,3.0,282.0,9.0,2020-02-15 02:38:11+00:00,51.0,3.0,Python,2025-04-26T03:45:19,52.0,GitHubActions,2022-09-10 09:22:23+00:00,48.55555555555556,0.0588235294117647,0.0248175182481751,0.2126520681265206,2055,40.46,1.5276580017247752,low,low,GitHubActions,Python,13,open_issue_ratio=low | project_age_days=low | ci_type=GitHubActions | mainLanguage=Python,PGai
tensorflow/tfx,master,245867.0,96.0,5969.0,87.0,2141.0,214.0,2019-02-04 05:14:36+00:00,916.0,33.0,Python,2025-03-26T04:24:50,6060.0,GitHubActions,2020-05-12 03:09:13+00:00,27.89252336448598,0.0360262008733624,0.376799670917318,2.4553681612505143,2431,261.32,40.81292960843342,low,low,GitHubActions,Python,13,open_issue_ratio=low | project_age_days=low | ci_type=GitHubActions | mainLanguage=Python,PGai
samb440/forcepack,master,3345.0,15.0,243.0,2.0,57.0,12.0,2022-04-14 06:44:14+00:00,76.0,15.0,Java,2025-04-23T05:53:31,20.0,GitHubActions,2024-02-08 15:40:56+00:00,20.25,0.1973684210526315,0.0600315955766192,0.1919431279620853,1266,48.43,0.0,low,low,GitHubActions,Java,12,open_issue_ratio=low | project_age_days=low | ci_type=GitHubActions | mainLanguage=Java,JGai
googlecloudplatform/database-assessment,main,5615.0,61.0,664.0,29.0,66.0,27.0,2021-04-28 04:11:39+00:00,132.0,15.0,Python,2025-04-23T02:37:23,363.0,GitHubActions,2022-11-04 20:12:35+00:00,24.59259259259259,0.1136363636363636,0.0816326530612244,0.4106369820655535,1617,153.41,3.7720530835284936,low,low,GitHubActions,Python,13,open_issue_ratio=low | project_age_days=low | ci_type=GitHubActions | mainLanguage=Python,PGai
pylons/waitress,main,1803.0,32.0,1066.0,37.0,1485.0,57.0,2011-12-17 06:58:21+00:00,244.0,13.0,Python,2025-03-07T02:29:26,213.0,TravisCI,2014-12-19 02:36:09+00:00,18.70175438596491,0.0532786885245901,0.0484415326583283,0.2116339090728608,5037,145.29,75.99845797995374,low,high,TravisCI,Python,11,open_issue_ratio=low | project_age_days=high | ci_type=TravisCI | mainLanguage=Python,PTAi
getstream/stream-chat-java,main,6778.0,48.0,482.0,34.0,19.0,24.0,2019-03-26 09:47:10+00:00,23.0,1.0,Java,2025-04-14T02:22:22,157.0,GitHubActions,2021-04-26 07:49:54+00:00,20.08333333333333,0.0434782608695652,0.0096598068038639,0.2024359512809743,2381,51.83,26.78657945736434,low,low,GitHubActions,Java,12,open_issue_ratio=low | project_age_days=low | ci_type=GitHubActions | mainLanguage=Java,JGai
jenkinsci/plugin-pom,master,1735.0,125.0,1923.0,102.0,71.0,46.0,2016-01-20 10:12:42+00:00,25.0,7.0,Java,2025-04-25T09:26:44,1104.0,GitHubActions,2022-03-09 15:56:15+00:00,41.80434782608695,0.28,0.0070581592320722,0.5429136081309994,3542,76.91,6.981818181818182,low,high,GitHubActions,Java,8,open_issue_ratio=low | project_age_days=high | ci_type=GitHubActions | mainLanguage=Java,JGAi
gocd/docker-registry-artifact-plugin,master,2104.0,444.0,879.0,10.0,22.0,17.0,2018-03-29 11:21:47+00:00,24.0,5.0,Java,2025-04-01T10:58:50,1131.0,GitHubActions,2020-11-04 06:17:24+00:00,51.70588235294117,0.2083333333333333,0.0087495442945679,0.3204520597885527,2743,48.77,50.95729013254786,low,low,GitHubActions,Java,12,open_issue_ratio=low | project_age_days=low | ci_type=GitHubActions | mainLanguage=Java,JGai
bastibe/python-soundfile,master,5591.0,17.0,604.0,18.0,732.0,38.0,2013-08-27 01:36:52+00:00,255.0,115.0,Python,2025-01-25T09:07:20,203.0,TravisCI,2015-09-27 16:06:03+00:00,15.894736842105264,0.4509803921568627,0.0577184246265278,0.1367134449977365,4418,94.25,54.28342674139312,high,high,TravisCI,Python,3,open_issue_ratio=high | project_age_days=high | ci_type=TravisCI | mainLanguage=Python,PTAI
openergy/opyplus,master,11180.0,15.0,766.0,11.0,38.0,21.0,2015-01-23 06:38:28+00:00,40.0,12.0,Python,2024-08-09T12:10:12,43.0,GitHubActions,2024-01-29 09:02:42+00:00,36.47619047619048,0.3,0.0102459016393442,0.1962090163934426,3904,614.34,14.846005774783446,low,high,GitHubActions,Python,9,open_issue_ratio=low | project_age_days=high | ci_type=GitHubActions | mainLanguage=Python,PGAi
celery/kombu,main,9007.0,38.0,3780.0,70.0,2984.0,411.0,2010-06-23 10:10:24+00:00,912.0,167.0,Python,2025-04-16T12:45:46,1273.0,TravisCI,2012-02-27 17:28:11+00:00,9.197080291970805,0.1831140350877192,0.163470155941925,0.6775407779171895,5579,221.72,58.03369448743898,low,high,TravisCI,Python,11,open_issue_ratio=low | project_age_days=high | ci_type=TravisCI | mainLanguage=Python,PTAi
ethereum/consensus-specs,dev,23717.0,104.0,10544.0,239.0,3713.0,212.0,2018-09-20 05:12:54+00:00,966.0,127.0,Python,2025-04-23T09:00:03,3145.0,GitHubActions,2023-01-03 15:23:09+00:00,49.735849056603776,0.1314699792960662,0.3761682242990654,4.105919003115265,2568,176.82,77.00851978660721,low,low,GitHubActions,Python,13,open_issue_ratio=low | project_age_days=low | ci_type=GitHubActions | mainLanguage=Python,PGai
avaje/avaje-jex,master,1203.0,17.0,578.0,6.0,31.0,6.0,2020-09-16 11:12:18+00:00,55.0,2.0,Java,2025-04-21T04:26:25,203.0,GitHubActions,2021-10-28 09:10:09+00:00,96.33333333333331,0.0363636363636363,0.0298750678978815,0.313959804454101,1841,13.6,36.61331086773379,low,low,GitHubActions,Java,12,open_issue_ratio=low | project_age_days=low | ci_type=GitHubActions | mainLanguage=Java,JGai
yutiansut/quantaxis,master,135984.0,62.0,7483.0,638.0,8449.0,99.0,2016-03-29 12:11:19+00:00,501.0,217.0,Python,2025-02-27T10:22:23,1340.0,TravisCI,2017-05-14 17:53:12+00:00,75.58585858585859,0.4331337325349301,0.1442556867261733,2.1546213648142816,3473,33.47,0.5943583631307111,high,low,TravisCI,Python,7,open_issue_ratio=high | project_age_days=low | ci_type=TravisCI | mainLanguage=Python,PTaI
dfir-iris/iris-web,master,33487.0,37.0,4572.0,31.0,1181.0,48.0,2021-12-20 08:19:15+00:00,473.0,224.0,Python,2025-02-27T04:06:37,273.0,GitHubActions,2024-02-07 07:20:04+00:00,95.25,0.4735729386892177,0.3425054308472122,3.310644460535844,1381,73.1,3.351489840340774,high,low,GitHubActions,Python,5,open_issue_ratio=high | project_age_days=low | ci_type=GitHubActions | mainLanguage=Python,PGaI
allure-framework/allure-bamboo,master,906.0,24.0,157.0,15.0,28.0,17.0,2014-08-07 03:51:24+00:00,74.0,0.0,Java,2025-02-18T06:04:36,287.0,GitHubActions,2020-12-03 16:32:05+00:00,9.235294117647058,0.0,0.0181684262214583,0.0385465259022833,4073,503.64,12.62699564586357,low,high,GitHubActions,Java,8,open_issue_ratio=low | project_age_days=high | ci_type=GitHubActions | mainLanguage=Java,JGAi
sassoftware/viya4-deployment,main,13425.0,67.0,502.0,24.0,77.0,32.0,2020-09-09 04:54:48+00:00,200.0,10.0,Python,2025-04-16T06:27:19,416.0,GitHubActions,2023-08-07 17:44:19+00:00,15.6875,0.05,0.1082251082251082,0.2716450216450216,1848,170.69,0.0,low,low,GitHubActions,Python,13,open_issue_ratio=low | project_age_days=low | ci_type=GitHubActions | mainLanguage=Python,PGai
pywinauto/pywinauto,master,27284.0,23.0,3041.0,168.0,5338.0,100.0,2015-05-25 09:50:40+00:00,978.0,516.0,Python,2025-04-25T07:52:27,411.0,TravisCI,2016-10-23 04:32:56+00:00,30.41,0.5276073619631901,0.2585933368588048,0.8040719196192491,3782,79.17,39.33990895295903,high,high,TravisCI,Python,3,open_issue_ratio=high | project_age_days=high | ci_type=TravisCI | mainLanguage=Python,PTAI
chr5tphr/zennit,master,2389.0,16.0,232.0,14.0,174.0,14.0,2020-11-10 04:17:38+00:00,47.0,18.0,Python,2024-04-08T02:15:33,156.0,GitHubActions,2022-01-17 15:02:32+00:00,16.571428571428573,0.3829787234042553,0.0263157894736842,0.1298992161254199,1786,59.83,42.88915704188933,high,low,GitHubActions,Python,5,open_issue_ratio=high | project_age_days=low | ci_type=GitHubActions | mainLanguage=Python,PGaI
sathyabhat/spotify-dl,master,1372.0,32.0,218.0,23.0,1686.0,53.0,2015-12-28 06:49:30+00:00,169.0,24.0,Python,2024-07-12T07:36:07,157.0,GitHubActions,2020-02-17 14:39:28+00:00,4.113207547169812,0.1420118343195266,0.0474053295932678,0.0611500701262272,3565,118.84,35.534774985388665,low,high,GitHubActions,Python,9,open_issue_ratio=low | project_age_days=high | ci_type=GitHubActions | mainLanguage=Python,PGAi
matrix-org/sygnal,main,916.0,31.0,501.0,28.0,183.0,50.0,2014-12-18 03:48:48+00:00,162.0,33.0,Python,2025-02-28T08:44:08,243.0,GitHubActions,2021-04-13 17:48:09+00:00,10.02,0.2037037037037037,0.0411167512690355,0.1271573604060913,3940,93.79,39.30642679607054,low,high,GitHubActions,Python,9,open_issue_ratio=low | project_age_days=high | ci_type=GitHubActions | mainLanguage=Python,PGAi
geoscienceaustralia/tcrm,master,99700.0,23.0,1289.0,18.0,82.0,19.0,2013-06-12 06:03:27+00:00,108.0,41.0,Python,2024-11-12T11:49:56,43.0,TravisCI,2014-10-16 00:01:46+00:00,67.84210526315789,0.3796296296296296,0.0240320427236315,0.2868268802848242,4494,294.12,20.842671447781264,high,high,TravisCI,Python,3,open_issue_ratio=high | project_age_days=high | ci_type=TravisCI | mainLanguage=Python,PTAI
ghostbsd/networkmgr,master,5209.0,65.0,372.0,11.0,100.0,24.0,2014-02-09 04:30:49+00:00,53.0,11.0,Python,2025-01-09T10:52:45,53.0,GitHubActions,2023-04-23 18:31:59+00:00,15.5,0.2075471698113207,0.0124647224835371,0.0874882408278457,4252,188.35,0.7587801705448765,low,high,GitHubActions,Python,9,open_issue_ratio=low | project_age_days=high | ci_type=GitHubActions | mainLanguage=Python,PGAi
cappielloantonio/tempo,main,18766.0,21.0,1469.0,9.0,1334.0,21.0,2021-07-25 08:20:35+00:00,254.0,101.0,Java,2025-01-31T10:05:39,63.0,GitHubActions,2023-04-10 14:17:34+00:00,69.95238095238095,0.3976377952755905,0.1661216481360366,0.960758665794637,1529,31.37,0.0,high,low,GitHubActions,Java,4,open_issue_ratio=high | project_age_days=low | ci_type=GitHubActions | mainLanguage=Java,JGaI
nucleoidmc/player-roles,main,417.0,31.0,128.0,0.0,39.0,15.0,2020-03-31 08:14:14+00:00,85.0,21.0,Java,2025-04-19T07:58:15,17.0,GitHubActions,2021-04-18 16:37:40+00:00,8.533333333333333,0.2470588235294117,0.0422885572139303,0.0636815920398009,2010,131.38,12.138415788050825,low,low,GitHubActions,Java,12,open_issue_ratio=low | project_age_days=low | ci_type=GitHubActions | mainLanguage=Java,JGai
commixproject/commix,master,7104.0,39.0,2228.0,157.0,5245.0,24.0,2015-03-20 08:38:26+00:00,955.0,6.0,Python,2025-04-23T06:38:16,44.0,TravisCI,2016-11-05 09:51:13+00:00,92.83333333333331,0.006282722513089,0.2481808731808731,0.579002079002079,3848,18.9,3.399494379000592,low,high,TravisCI,Python,11,open_issue_ratio=low | project_age_days=high | ci_type=TravisCI | mainLanguage=Python,PTAi
commandapi/commandapi,master,104127.0,98.0,3566.0,8.0,597.0,35.0,2018-08-19 01:01:33+00:00,330.0,48.0,Java,2025-04-01T10:56:11,310.0,GitHubActions,2020-11-24 19:50:02+00:00,101.88571428571429,0.1454545454545454,0.1269230769230769,1.3715384615384616,2600,65.62,63.73275718796742,low,low,GitHubActions,Java,12,open_issue_ratio=low | project_age_days=low | ci_type=GitHubActions | mainLanguage=Java,JGai
provectus/kafka-ui,master,30382.0,25.0,1918.0,69.0,9155.0,191.0,2019-11-26 03:55:55+00:00,1733.0,339.0,Java,2024-04-08T06:46:54,2397.0,GitHubActions,2021-02-10 09:12:59+00:00,10.041884816753926,0.1956145412579342,0.8113295880149812,0.8979400749063671,2136,102.05,16.272518437915608,low,low,GitHubActions,Java,12,open_issue_ratio=low | project_age_days=low | ci_type=GitHubActions | mainLanguage=Java,JGai
azavea/raster-vision,master,94752.0,23.0,3637.0,70.0,2126.0,42.0,2017-02-02 02:31:54+00:00,703.0,17.0,Python,2025-04-04T04:56:35,1462.0,TravisCI,2018-04-03 17:50:24+00:00,86.5952380952381,0.0241820768136557,0.2222573506165033,1.1498577300031616,3163,171.71,23.21326164874552,low,low,TravisCI,Python,15,open_issue_ratio=low | project_age_days=low | ci_type=TravisCI | mainLanguage=Python,PTai
bobbylight/autocomplete,master,1068.0,22.0,269.0,16.0,171.0,8.0,2013-08-08 04:26:18+00:00,82.0,31.0,Java,2025-02-17T08:06:01,13.0,GitHubActions,2021-06-20 23:09:10+00:00,33.625,0.3780487804878049,0.018480955600631,0.0606265494703628,4437,245.95,0.3559080740288793,high,high,GitHubActions,Java,0,open_issue_ratio=high | project_age_days=high | ci_type=GitHubActions | mainLanguage=Java,JGAI
polygon-io/client-python,master,2300.0,77.0,507.0,33.0,987.0,34.0,2019-10-21 08:33:17+00:00,320.0,10.0,Python,2025-04-23T10:45:25,547.0,GitHubActions,2022-04-25 19:05:26+00:00,14.911764705882351,0.03125,0.147329650092081,0.2334254143646408,2172,51.53,6.161912834361633,low,low,GitHubActions,Python,13,open_issue_ratio=low | project_age_days=low | ci_type=GitHubActions | mainLanguage=Python,PGai
nortikin/sverchok,master,679699.0,29.0,12329.0,131.0,2320.0,64.0,2013-10-26 08:23:40+00:00,2733.0,175.0,Python,2025-04-20T04:39:13,2395.0,TravisCI,2018-01-06 09:13:45+00:00,192.640625,0.0640321990486644,0.6271225332721432,2.829050022946306,4358,49.02,1.690189245730064,low,high,TravisCI,Python,11,open_issue_ratio=low | project_age_days=high | ci_type=TravisCI | mainLanguage=Python,PTAi
scikit-image/scikit-image,main,81702.0,39.0,14322.0,183.0,6233.0,691.0,2011-07-07 10:07:20+00:00,2748.0,587.0,Python,2025-04-25T07:45:47,4642.0,TravisCI,2012-09-05 14:57:08+00:00,20.726483357452967,0.2136098981077147,0.5284615384615384,2.754230769230769,5200,213.34,51.51753366600588,low,high,TravisCI,Python,11,open_issue_ratio=low | project_age_days=high | ci_type=TravisCI | mainLanguage=Python,PTAi
mitre-attack/mitreattack-python,master,9228.0,21.0,608.0,27.0,540.0,23.0,2020-12-11 02:05:58+00:00,87.0,28.0,Python,2025-04-22T01:45:56,98.0,GitHubActions,2022-08-24 14:45:06+00:00,26.43478260869565,0.3218390804597701,0.0495726495726495,0.3464387464387464,1755,53.91,28.29071166363328,low,low,GitHubActions,Python,13,open_issue_ratio=low | project_age_days=low | ci_type=GitHubActions | mainLanguage=Python,PGai
pytorch/serve,master,126137.0,24.0,3891.0,54.0,4314.0,209.0,2019-10-03 03:17:43+00:00,1660.0,443.0,Java,2025-03-17T06:20:57,1746.0,GitHubActions,2020-10-23 17:40:18+00:00,18.61722488038277,0.2668674698795181,0.7579908675799086,1.7767123287671234,2190,61.43,22.75925560597093,low,low,GitHubActions,Java,12,open_issue_ratio=low | project_age_days=low | ci_type=GitHubActions | mainLanguage=Java,JGai
tootallnate/java-websocket,master,4248.0,19.0,1191.0,381.0,10640.0,108.0,2010-01-20 11:33:04+00:00,1056.0,37.0,Java,2025-04-19T02:21:53,402.0,TravisCI,2013-02-13 02:05:41+00:00,11.02777777777778,0.0350378787878787,0.184196755625327,0.2077446363160648,5733,160.34,33.97710268991196,low,high,TravisCI,Java,10,open_issue_ratio=low | project_age_days=high | ci_type=TravisCI | mainLanguage=Java,JTAi
wala/wala,master,59324.0,16.0,7291.0,29.0,781.0,74.0,2012-04-05 06:57:03+00:00,478.0,140.0,Java,2025-03-22T12:09:26,1005.0,TravisCI,2013-05-18 02:47:53+00:00,98.52702702702705,0.2928870292887029,0.0970164400243556,1.4798051552668967,4927,118.76,15.678710289236603,low,high,TravisCI,Java,10,open_issue_ratio=low | project_age_days=high | ci_type=TravisCI | mainLanguage=Java,JTAi
ydb-platform/ydb-python-sdk,main,4553.0,111.0,1618.0,12.0,90.0,64.0,2019-04-16 12:42:56+00:00,189.0,107.0,Python,2025-04-25T07:26:28,400.0,GitHubActions,2021-11-26 13:26:17+00:00,25.28125,0.5661375661375662,0.0800847457627118,0.6855932203389831,2360,33.71,10.38588847410666,high,low,GitHubActions,Python,5,open_issue_ratio=high | project_age_days=low | ci_type=GitHubActions | mainLanguage=Python,PGaI
citusdata/tools,develop,1444.0,34.0,454.0,31.0,14.0,31.0,2016-01-07 01:24:27+00:00,63.0,22.0,Python,2025-01-29T11:10:54,314.0,GitHubActions,2021-05-11 17:37:06+00:00,14.64516129032258,0.3492063492063492,0.0177215189873417,0.1277074542897327,3555,183.04,20.88563458856346,low,high,GitHubActions,Python,9,open_issue_ratio=low | project_age_days=high | ci_type=GitHubActions | mainLanguage=Python,PGAi
vazkiimods/quark,master,125478.0,38.0,7216.0,32.0,601.0,209.0,2016-03-17 06:21:36+00:00,4418.0,169.0,Java,2025-04-17T03:49:20,601.0,GitHubActions,2023-06-11 21:49:37+00:00,34.526315789473685,0.0382526029877772,1.2677187948350073,2.070588235294118,3485,39.31,0.0386069331617469,low,low,GitHubActions,Java,12,open_issue_ratio=low | project_age_days=low | ci_type=GitHubActions | mainLanguage=Java,JGai
scito/extract_otp_secrets,master,3584.0,39.0,378.0,7.0,1320.0,14.0,2020-05-23 06:54:08+00:00,33.0,5.0,Python,2025-04-26T01:26:03,367.0,GitHubActions,2022-09-03 13:38:47+00:00,27.0,0.1515151515151515,0.0168625447112927,0.1931527848748084,1957,28.42,36.3905325443787,low,low,GitHubActions,Python,13,open_issue_ratio=low | project_age_days=low | ci_type=GitHubActions | mainLanguage=Python,PGai
googleads/googleads-mobile-android-examples,main,13010.0,25.0,358.0,214.0,1762.0,19.0,2013-12-04 19:36:18+00:00,420.0,161.0,Java,2025-04-09T05:59:52,326.0,TravisCI,2018-09-06 16:53:48+00:00,18.84210526315789,0.3833333333333333,0.0972447325769854,0.0828895577680018,4319,119.29,0.0,high,high,TravisCI,Java,2,open_issue_ratio=high | project_age_days=high | ci_type=TravisCI | mainLanguage=Java,JTAI
blusunrize/immersiveengineering,1.21.1,105146.0,63.0,5183.0,75.0,801.0,123.0,2015-04-04 10:29:28+00:00,5464.0,67.0,Java,2025-04-26T11:21:14,712.0,GitHubActions,2020-06-06 15:33:30+00:00,42.13821138211382,0.0122620790629575,1.4255152621967129,1.352204539525176,3833,101.75,0.3507514025211468,low,high,GitHubActions,Java,8,open_issue_ratio=low | project_age_days=high | ci_type=GitHubActions | mainLanguage=Java,JGAi
sentry-demos/android,main,269150.0,54.0,408.0,0.0,17.0,21.0,2018-01-04 06:31:30+00:00,52.0,14.0,Java,2025-04-22T03:01:47,117.0,GitHubActions,2024-01-30 00:03:41+00:00,19.428571428571427,0.2692307692307692,0.0183940573045631,0.1443226034665723,2827,87.12,2.537878787878788,low,low,GitHubActions,Java,12,open_issue_ratio=low | project_age_days=low | ci_type=GitHubActions | mainLanguage=Java,JGai
globalbioticinteractions/globalbioticinteractions,main,162143.0,167.0,4706.0,21.0,129.0,17.0,2011-09-28 09:51:47+00:00,1036.0,355.0,Java,2025-03-27T11:37:23,23.0,TravisCI,2013-01-22 00:28:38+00:00,276.8235294117647,0.3426640926640926,0.2024623803009576,0.9196794997068596,5117,180.53,6.5775643097954095,low,high,TravisCI,Java,10,open_issue_ratio=low | project_age_days=high | ci_type=TravisCI | mainLanguage=Java,JTAi
rundeck-plugins/rundeck-ec2-nodes-plugin,main,5012.0,32.0,272.0,17.0,88.0,28.0,2011-09-03 12:54:41+00:00,90.0,31.0,Java,2025-04-24T04:48:32,87.0,TravisCI,2015-10-15 18:08:54+00:00,9.714285714285714,0.3444444444444444,0.0175029171528588,0.0528977051730844,5142,254.72,0.0,low,high,TravisCI,Java,10,open_issue_ratio=low | project_age_days=high | ci_type=TravisCI | mainLanguage=Java,JTAi
thecacophonyproject/classifier-pipeline,master,22804.0,124.0,1501.0,10.0,20.0,12.0,2017-12-04 12:11:35+00:00,27.0,16.0,Python,2025-04-21T11:24:58,194.0,TravisCI,2019-04-09 01:33:21+00:00,125.08333333333331,0.5925925925925926,0.0094471658502449,0.5251924422673198,2858,140.02,7.643069097075032,high,low,TravisCI,Python,7,open_issue_ratio=high | project_age_days=low | ci_type=TravisCI | mainLanguage=Python,PTaI
containerbuildsystem/koji-containerbuild,master,712.0,51.0,510.0,7.0,30.0,35.0,2015-05-18 08:06:46+00:00,46.0,3.0,Python,2025-03-26T01:54:46,223.0,TravisCI,2017-09-25 17:00:47+00:00,14.571428571428571,0.0652173913043478,0.0121404064396938,0.1346001583531274,3789,428.13,71.3998996487707,low,high,TravisCI,Python,11,open_issue_ratio=low | project_age_days=high | ci_type=TravisCI | mainLanguage=Python,PTAi
cerfacs-globc/icclim,master,33644.0,43.0,1538.0,8.0,83.0,22.0,2014-01-15 02:04:03+00:00,112.0,21.0,Python,2024-05-07T12:26:03,209.0,GitHubActions,2021-12-13 15:07:46+00:00,69.9090909090909,0.1875,0.0261865793780687,0.3595978489595511,4277,376.1,16.80113067546081,low,high,GitHubActions,Python,9,open_issue_ratio=low | project_age_days=high | ci_type=GitHubActions | mainLanguage=Python,PGAi
kotori316/quarryplus,1.21.2,13869.0,192.0,3733.0,1.0,61.0,5.0,2017-09-04 06:55:46+00:00,262.0,5.0,Java,2025-04-26T09:46:55,667.0,GitHubActions,2019-12-08 12:43:08+00:00,746.6,0.0190839694656488,0.0888436758223126,1.2658528314682944,2949,14.14,18.51464839970588,low,low,GitHubActions,Java,12,open_issue_ratio=low | project_age_days=low | ci_type=GitHubActions | mainLanguage=Java,JGai
nextcloud/news-android,master,216902.0,94.0,3860.0,113.0,717.0,57.0,2013-05-26 09:54:08+00:00,944.0,87.0,Java,2025-04-24T07:22:50,574.0,GitHubActions,2020-03-04 12:13:41+00:00,67.71929824561404,0.0921610169491525,0.2092662380846819,0.855686100642873,4511,179.62,5.115069147665436,low,high,GitHubActions,Java,8,open_issue_ratio=low | project_age_days=high | ci_type=GitHubActions | mainLanguage=Java,JGAi
netflix/genie,master,215891.0,172.0,3192.0,524.0,1725.0,42.0,2013-06-20 08:35:56+00:00,189.0,8.0,Java,2025-02-12T06:18:00,1024.0,TravisCI,2015-12-10 22:55:34+00:00,76.0,0.0423280423280423,0.0421310744538564,0.7115470352206866,4486,121.31,28.951642148747297,low,high,TravisCI,Java,10,open_issue_ratio=low | project_age_days=high | ci_type=TravisCI | mainLanguage=Java,JTAi
tinkermill/tinkeraccess,master,19022.0,14.0,314.0,17.0,24.0,,2015-07-12 06:56:09+00:00,22.0,3.0,Python,2024-12-23T06:48:56,35.0,TravisCI,2016-12-01 05:08:09+00:00,,0.1363636363636363,0.0058918050348152,0.0840921264059989,3734,0.0,0.826607599018934,low,high,TravisCI,Python,11,open_issue_ratio=low | project_age_days=high | ci_type=TravisCI | mainLanguage=Python,PTAi
palantir/dialogue,develop,9635.0,444.0,2557.0,255.0,28.0,31.0,2019-01-09 09:49:50+00:00,65.0,17.0,Java,2025-04-25T05:52:36,2498.0,GitHubActions,2020-02-13 00:45:43+00:00,82.48387096774194,0.2615384615384615,0.0264550264550264,1.0407000407000406,2457,65.01,52.65300796032886,low,low,GitHubActions,Java,12,open_issue_ratio=low | project_age_days=low | ci_type=GitHubActions | mainLanguage=Java,JGai
fabricmc/fabric-loom,dev/1.10,6076.0,14.0,1263.0,12.0,265.0,88.0,2016-08-15 10:22:19+00:00,660.0,88.0,Java,2025-03-23T04:34:38,609.0,TravisCI,2019-11-02 20:23:27+00:00,14.352272727272728,0.1333333333333333,0.1979604079184163,0.3788242351529694,3334,165.11,4.29289303661163,low,low,TravisCI,Java,14,open_issue_ratio=low | project_age_days=low | ci_type=TravisCI | mainLanguage=Java,JTai
azure/kafka-sink-azure-kusto,master,2603.0,39.0,342.0,19.0,49.0,24.0,2018-09-02 10:09:31+00:00,29.0,2.0,Java,2025-03-04T12:27:53,107.0,GitHubActions,2024-01-18 08:33:35+00:00,14.25,0.0689655172413793,0.011214230471771,0.1322505800464037,2586,101.66,41.287398005439705,low,low,GitHubActions,Java,12,open_issue_ratio=low | project_age_days=low | ci_type=GitHubActions | mainLanguage=Java,JGai
tiny-pilot/tinypilot,master,15771.0,32.0,1044.0,40.0,3175.0,27.0,2020-06-16 08:46:33+00:00,662.0,141.0,Python,2025-04-15T01:55:32,1150.0,GitHubActions,2021-12-02 18:11:01+00:00,38.66666666666666,0.2129909365558912,0.3424728401448526,0.5400931195033627,1933,64.64,12.988133764832794,low,low,GitHubActions,Python,13,open_issue_ratio=low | project_age_days=low | ci_type=GitHubActions | mainLanguage=Python,PGai
mrcrayfish/configured,multiloader/1.21.5,1519.0,31.0,469.0,3.0,65.0,23.0,2021-03-19 03:58:54+00:00,111.0,33.0,Java,2025-04-12T05:42:45,53.0,GitHubActions,2024-02-05 12:22:30+00:00,20.39130434782609,0.2972972972972973,0.0669885334942667,0.2830416415208208,1657,25.72,3.621429904797461,low,low,GitHubActions,Java,12,open_issue_ratio=low | project_age_days=low | ci_type=GitHubActions | mainLanguage=Java,JGai
pgjdbc/r2dbc-postgresql,main,3605.0,29.0,807.0,54.0,1010.0,81.0,2018-06-11 09:50:49+00:00,440.0,23.0,Java,2024-10-17T09:13:32,186.0,TravisCI,2019-12-16 19:33:03+00:00,9.962962962962964,0.0522727272727272,0.1648557512176845,0.3023604346197077,2669,39.74,69.65654500954788,low,low,TravisCI,Java,14,open_issue_ratio=low | project_age_days=low | ci_type=TravisCI | mainLanguage=Java,JTai
spring-projects/spring-session,main,24237.0,92.0,3220.0,147.0,1886.0,108.0,2014-06-20 09:16:58+00:00,2237.0,198.0,Java,2025-04-22T08:46:15,1147.0,TravisCI,2016-03-14 15:58:51+00:00,29.814814814814813,0.0885113991953509,0.5428294103372968,0.7813637466634312,4121,87.03,71.95294010558894,low,high,TravisCI,Java,10,open_issue_ratio=low | project_age_days=high | ci_type=TravisCI | mainLanguage=Java,JTAi
bobbylight/rstaui,master,645.0,22.0,148.0,4.0,48.0,4.0,2013-08-09 02:30:55+00:00,19.0,0.0,Java,2025-03-24T01:11:20,9.0,GitHubActions,2021-12-07 04:36:21+00:00,37.0,0.0,0.004283137962128,0.0333633904418394,4436,274.57,1.4828209764918625,low,high,GitHubActions,Java,8,open_issue_ratio=low | project_age_days=high | ci_type=GitHubActions | mainLanguage=Java,JGAi
intellectualsites/plotsquared,main,73997.0,73.0,5639.0,41.0,580.0,110.0,2014-10-27 02:45:03+00:00,3368.0,182.0,Java,2025-04-25T12:06:27,1200.0,GitHubActions,2019-09-18 00:06:28+00:00,51.263636363636365,0.0540380047505938,0.843687374749499,1.4125751503006012,3992,92.42,1.3270931163915631,low,high,GitHubActions,Java,8,open_issue_ratio=low | project_age_days=high | ci_type=GitHubActions | mainLanguage=Java,JGAi
modmail-dev/modmail,master,7284.0,147.0,2368.0,56.0,1598.0,80.0,2017-10-08 06:24:54+00:00,765.0,30.0,Python,2025-03-14T11:20:24,501.0,TravisCI,2019-01-26 07:31:09+00:00,29.6,0.0392156862745098,0.2624356775300172,0.8123499142367067,2915,65.06,0.0,low,low,TravisCI,Python,15,open_issue_ratio=low | project_age_days=low | ci_type=TravisCI | mainLanguage=Python,PTai
openreview/openreview-py,master,14710.0,116.0,1941.0,15.0,176.0,32.0,2016-08-03 12:22:06+00:00,682.0,259.0,Python,2025-04-24T07:59:05,1893.0,GitHubActions,2022-03-28 16:31:37+00:00,60.65625,0.3797653958944281,0.2038254632396891,0.5800956365809923,3346,55.94,49.68745400887677,high,low,GitHubActions,Python,5,open_issue_ratio=high | project_age_days=low | ci_type=GitHubActions | mainLanguage=Python,PGaI
patschuh/kafkaesque,develop,1432.0,22.0,234.0,5.0,81.0,22.0,2019-01-18 17:17:24+00:00,33.0,23.0,Java,2024-09-18T07:04:59,48.0,GitHubActions,2022-01-22 03:35:56+00:00,10.636363636363637,0.696969696969697,0.0134803921568627,0.0955882352941176,2448,44.89,0.823327615780446,high,low,GitHubActions,Java,4,open_issue_ratio=high | project_age_days=low | ci_type=GitHubActions | mainLanguage=Java,JGaI
camunda-community-hub/script-connector,main,561.0,14.0,635.0,7.0,31.0,13.0,2018-07-05 07:07:12+00:00,21.0,1.0,Java,2025-04-25T01:05:42,527.0,GitHubActions,2019-08-28 06:50:03+00:00,48.84615384615385,0.0476190476190476,0.0079395085066162,0.2400756143667296,2645,171.71,33.113590263691684,low,low,GitHubActions,Java,12,open_issue_ratio=low | project_age_days=low | ci_type=GitHubActions | mainLanguage=Java,JGai
hyperspy/hyperspy,RELEASE_next_minor,315273.0,44.0,16453.0,23.0,539.0,114.0,2011-08-19 01:14:36+00:00,1259.0,251.0,Python,2025-03-02T02:02:32,2183.0,TravisCI,2015-06-02 12:46:00+00:00,144.32456140350877,0.1993645750595711,0.2441341865425635,3.190420787279426,5157,261.88,50.46520657472785,low,high,TravisCI,Python,11,open_issue_ratio=low | project_age_days=high | ci_type=TravisCI | mainLanguage=Python,PTAi
barneygale/quarry,master,566.0,13.0,420.0,20.0,534.0,22.0,2014-07-02 07:10:31+00:00,159.0,48.0,Python,2025-01-15T09:23:41,46.0,TravisCI,2017-02-17 17:39:59+00:00,19.09090909090909,0.3018867924528302,0.0386955463616451,0.1022146507666098,4109,104.44,6.291091916978213,low,high,TravisCI,Python,11,open_issue_ratio=low | project_age_days=high | ci_type=TravisCI | mainLanguage=Python,PTAi
jruby/jruby-openssl,master,19187.0,39.0,1863.0,11.0,47.0,69.0,2010-06-15 02:43:14+00:00,232.0,66.0,Java,2025-04-14T11:09:59,97.0,TravisCI,2014-07-07 21:33:17+00:00,27.0,0.2844827586206896,0.0415249686772865,0.3334526579559692,5587,393.58,2.2107908583994345,low,high,TravisCI,Java,10,open_issue_ratio=low | project_age_days=high | ci_type=TravisCI | mainLanguage=Java,JTAi
single-cell-data/soma,main,1167.0,51.0,229.0,15.0,74.0,17.0,2021-12-18 22:02:52+00:00,48.0,19.0,Python,2025-03-24T11:47:02,208.0,GitHubActions,2023-01-09 17:33:04+00:00,13.470588235294118,0.3958333333333333,0.0347071583514099,0.1655820679681851,1383,159.06,13.688212927756654,high,low,GitHubActions,Python,5,open_issue_ratio=high | project_age_days=low | ci_type=GitHubActions | mainLanguage=Python,PGaI
imsejin/lezhin-comics-downloader,dev,287705.0,28.0,669.0,5.0,56.0,3.0,2020-05-17 01:45:10+00:00,64.0,12.0,Java,2024-06-28T09:42:24,190.0,GitHubActions,2021-08-19 08:23:04+00:00,223.0,0.1875,0.032603158430973,0.3408048904737646,1963,173.57,1.1240721102863205,low,low,GitHubActions,Java,12,open_issue_ratio=low | project_age_days=low | ci_type=GitHubActions | mainLanguage=Java,JGai
radarlabs/react-native-radar,master,15271.0,156.0,257.0,11.0,181.0,17.0,2017-03-19 09:40:04+00:00,88.0,6.0,Java,2025-04-11T04:24:40,297.0,GitHubActions,2022-01-04 23:42:07+00:00,15.117647058823527,0.0681818181818181,0.0282232200128287,0.0824246311738293,3118,157.29,0.0,low,low,GitHubActions,Java,12,open_issue_ratio=low | project_age_days=low | ci_type=GitHubActions | mainLanguage=Java,JGai
pnx-si/usershub,master,3314.0,35.0,917.0,19.0,14.0,32.0,2015-01-28 05:12:50+00:00,130.0,44.0,Python,2025-03-10T04:24:11,108.0,GitHubActions,2022-11-15 20:17:46+00:00,28.65625,0.3384615384615385,0.033341882533983,0.2351885098743267,3899,199.77,19.876733436055467,low,high,GitHubActions,Python,9,open_issue_ratio=low | project_age_days=high | ci_type=GitHubActions | mainLanguage=Python,PGAi
oshi/oshi,master,335531.0,163.0,3129.0,102.0,4932.0,214.0,2012-02-10 12:46:48+00:00,968.0,8.0,Java,2025-04-16T01:44:34,1859.0,TravisCI,2014-11-06 21:46:40+00:00,14.621495327102805,0.0082644628099173,0.1942994781212364,0.628061019670815,4982,42.32,13.317835348816416,low,high,TravisCI,Java,10,open_issue_ratio=low | project_age_days=high | ci_type=TravisCI | mainLanguage=Java,JTAi
hazelcast/hazelcast-hibernate,master,2057.0,24.0,1079.0,40.0,44.0,62.0,2016-06-14 08:30:54+00:00,73.0,8.0,Java,2024-08-23T09:05:14,456.0,GitHubActions,2020-03-31 08:40:59+00:00,17.403225806451612,0.1095890410958904,0.0214958775029446,0.3177267373380447,3396,395.65,67.18991250643334,low,low,GitHubActions,Java,12,open_issue_ratio=low | project_age_days=low | ci_type=GitHubActions | mainLanguage=Java,JGai
bhch/django-jsonform,master,1450.0,44.0,310.0,5.0,370.0,16.0,2021-08-28 05:58:50+00:00,143.0,34.0,Python,2025-01-29T10:29:49,19.0,GitHubActions,2023-04-17 17:51:41+00:00,19.375,0.2377622377622377,0.0956521739130434,0.2073578595317725,1495,32.24,27.39353669586228,low,low,GitHubActions,Python,13,open_issue_ratio=low | project_age_days=low | ci_type=GitHubActions | mainLanguage=Python,PGai
editd/kubetools,master,661.0,40.0,536.0,18.0,14.0,17.0,2019-01-30 02:57:16+00:00,65.0,23.0,Python,2024-12-18T09:57:48,101.0,TravisCI,2020-09-14 12:39:11+00:00,31.529411764705884,0.3538461538461538,0.0266830870279146,0.2200328407224959,2436,112.92,3.1766824954969706,high,low,TravisCI,Python,7,open_issue_ratio=high | project_age_days=low | ci_type=TravisCI | mainLanguage=Python,PTaI
cockatrice/magic-token,master,1458.0,22.0,448.0,7.0,11.0,22.0,2015-07-08 02:13:21+00:00,71.0,12.0,Python,2025-04-05T07:23:05,227.0,GitHubActions,2022-02-14 21:35:46+00:00,20.363636363636363,0.1690140845070422,0.0189941144997324,0.1198501872659176,3738,122.53,0.0,low,high,GitHubActions,Python,9,open_issue_ratio=low | project_age_days=high | ci_type=GitHubActions | mainLanguage=Python,PGAi
googlesamples/android-testdpc,master,9316.0,31.0,1347.0,84.0,797.0,78.0,2015-05-22 02:46:28+00:00,199.0,15.0,Java,2025-01-08T05:12:37,36.0,GitHubActions,2024-03-23 20:53:45+00:00,17.26923076923077,0.0753768844221105,0.0525759577278731,0.3558784676354029,3785,354.64,104.15346902801112,low,high,GitHubActions,Java,8,open_issue_ratio=low | project_age_days=high | ci_type=GitHubActions | mainLanguage=Java,JGAi
lonamiwebs/telethon,v1,9790.0,40.0,3099.0,156.0,10727.0,190.0,2016-08-26 10:59:24+00:00,2373.0,79.0,Python,2025-04-24T03:36:21,640.0,GitHubActions,2019-12-07 23:29:55+00:00,16.310526315789474,0.0332911925832279,0.7141137526331628,0.9325910321998194,3323,38.83,2.3846022824050417,low,low,GitHubActions,Python,13,open_issue_ratio=low | project_age_days=low | ci_type=GitHubActions | mainLanguage=Python,PGai
slackapi/python-slack-sdk,main,15499.0,134.0,1426.0,161.0,3904.0,178.0,2014-11-10 09:32:02+00:00,867.0,32.0,Python,2025-04-08T01:57:05,807.0,TravisCI,2016-02-21 22:54:01+00:00,8.01123595505618,0.0369088811995386,0.2179487179487179,0.3584715937657114,3978,102.87,13.279836109248253,low,high,TravisCI,Python,11,open_issue_ratio=low | project_age_days=high | ci_type=TravisCI | mainLanguage=Python,PTAi
intelowlproject/greedybear,main,3096.0,31.0,380.0,9.0,143.0,13.0,2021-12-23 07:56:14+00:00,82.0,13.0,Python,2025-02-25T09:18:23,404.0,GitHubActions,2023-09-06 09:40:25+00:00,29.23076923076923,0.1585365853658536,0.0595065312046444,0.2757619738751814,1378,127.03,2.9495626709821603,low,low,GitHubActions,Python,13,open_issue_ratio=low | project_age_days=low | ci_type=GitHubActions | mainLanguage=Python,PGai
polychromatic/polychromatic,master,14364.0,41.0,1648.0,18.0,1103.0,47.0,2016-05-15 04:41:35+00:00,456.0,56.0,Python,2025-04-18T05:15:06,76.0,GitHubActions,2020-04-09 20:35:01+00:00,35.06382978723404,0.1228070175438596,0.1330998248686515,0.4810274372446001,3426,235.68,1.5869290250231454,low,low,GitHubActions,Python,13,open_issue_ratio=low | project_age_days=low | ci_type=GitHubActions | mainLanguage=Python,PGai
consensys/teku,master,551576.0,112.0,5927.0,31.0,703.0,112.0,2018-09-07 09:30:05+00:00,2803.0,155.0,Java,2025-04-23T09:58:37,6542.0,GitHubActions,2021-05-18 19:34:12+00:00,52.91964285714285,0.0552978951123795,1.0860131731886866,2.296396745447501,2581,50.51,50.50042680102764,low,low,GitHubActions,Java,12,open_issue_ratio=low | project_age_days=low | ci_type=GitHubActions | mainLanguage=Java,JGai
teamlapen/vampirism,1.21,178576.0,55.0,3480.0,18.0,199.0,23.0,2014-08-11 03:00:25+00:00,1218.0,99.0,Java,2025-04-22T06:47:32,267.0,TravisCI,2017-01-17 17:20:18+00:00,151.30434782608697,0.0812807881773399,0.2993364463013025,0.8552469894322929,4069,92.87,0.5138566944962975,low,high,TravisCI,Java,10,open_issue_ratio=low | project_age_days=high | ci_type=TravisCI | mainLanguage=Java,JTAi
hydrusnetwork/hydrus,master,160552.0,533.0,1193.0,69.0,2589.0,27.0,2013-02-19 08:08:04+00:00,1521.0,706.0,Python,2025-04-23T08:18:44,186.0,GitHubActions,2021-04-14 04:19:32+00:00,44.18518518518518,0.4641683103221565,0.3301497720859561,0.2589537660082483,4607,329.98,19.41399152029073,high,high,GitHubActions,Python,1,open_issue_ratio=high | project_age_days=high | ci_type=GitHubActions | mainLanguage=Python,PGAI
jonghwanhyeon/python-ffmpeg,main,5715.0,13.0,157.0,4.0,261.0,13.0,2018-06-03 04:50:15+00:00,40.0,5.0,Python,2024-04-15T10:14:03,22.0,GitHubActions,2023-01-24 10:22:08+00:00,12.076923076923077,0.125,0.0149420993649607,0.058647740007471,2677,113.45,29.86903253062949,low,low,GitHubActions,Python,13,open_issue_ratio=low | project_age_days=low | ci_type=GitHubActions | mainLanguage=Python,PGai
openliberty/liberty-tools-intellij,main,15558.0,14.0,1921.0,8.0,14.0,32.0,2020-07-16 08:36:50+00:00,720.0,230.0,Java,2025-04-23T02:45:40,605.0,GitHubActions,2022-11-09 20:02:44+00:00,60.03125,0.3194444444444444,0.3783499737256963,1.0094587493431424,1903,76.84,48.54605925609496,low,low,GitHubActions,Java,12,open_issue_ratio=low | project_age_days=low | ci_type=GitHubActions | mainLanguage=Java,JGai
permutatriangle/comb_spec_searcher,develop,67450.0,24.0,1822.0,10.0,12.0,22.0,2018-02-14 02:30:56+00:00,29.0,3.0,Python,2025-04-11T03:05:51,336.0,TravisCI,2019-06-05 11:15:05+00:00,82.81818181818181,0.1034482758620689,0.0104091888011486,0.6539842067480258,2786,23.66,8.375378405650856,low,low,TravisCI,Python,15,open_issue_ratio=low | project_age_days=low | ci_type=TravisCI | mainLanguage=Python,PTai
eclipse-ee4j/yasson,master,3528.0,20.0,554.0,19.0,205.0,52.0,2016-11-18 02:46:19+00:00,329.0,98.0,Java,2025-03-13T02:46:40,335.0,TravisCI,2018-04-05 21:35:04+00:00,10.653846153846152,0.2978723404255319,0.1015745600493979,0.171040444581661,3239,75.04,90.3894941053574,low,low,TravisCI,Java,14,open_issue_ratio=low | project_age_days=low | ci_type=TravisCI | mainLanguage=Java,JTai
henriwahl/nagstamon,master,36364.0,26.0,3170.0,31.0,436.0,126.0,2012-12-11 10:23:02+00:00,785.0,117.0,Python,2025-04-14T06:11:54,319.0,GitHubActions,2021-03-16 21:05:39+00:00,25.15873015873016,0.1490445859872611,0.1678426341672012,0.6777849048535386,4677,202.63,1.9894871951592203,low,high,GitHubActions,Python,9,open_issue_ratio=low | project_age_days=high | ci_type=GitHubActions | mainLanguage=Python,PGAi
marcgiffing/bucket4j-spring-boot-starter,master,1121.0,25.0,505.0,13.0,325.0,26.0,2017-07-11 03:11:52+00:00,156.0,16.0,Java,2025-03-17T12:28:25,208.0,GitHubActions,2019-11-25 18:30:24+00:00,19.423076923076923,0.1025641025641025,0.0519307589880159,0.1681091877496671,3004,97.3,39.40267225569819,low,low,GitHubActions,Java,12,open_issue_ratio=low | project_age_days=low | ci_type=GitHubActions | mainLanguage=Java,JGai
screenly/anthias,master,24417.0,38.0,3511.0,95.0,2801.0,77.0,2012-07-24 06:48:50+00:00,1284.0,116.0,Python,2025-04-17T10:05:19,958.0,TravisCI,2013-09-01 00:12:03+00:00,45.5974025974026,0.0903426791277258,0.2665559476852813,0.7288768943325722,4817,106.63,4.961037216176273,low,high,TravisCI,Python,11,open_issue_ratio=low | project_age_days=high | ci_type=TravisCI | mainLanguage=Python,PTAi
mozilla/fx-private-relay,main,58208.0,232.0,11759.0,59.0,1562.0,50.0,2019-06-06 09:36:28+00:00,1116.0,28.0,Python,2025-04-27T12:09:06,4228.0,GitHubActions,2022-01-14 14:41:11+00:00,235.18,0.025089605734767,0.4833261152013859,5.092680814205283,2309,464.71,15.067327225572305,low,low,GitHubActions,Python,13,open_issue_ratio=low | project_age_days=low | ci_type=GitHubActions | mainLanguage=Python,PGai
lykos153/git-annex-remote-googledrive,master,245.0,15.0,211.0,4.0,48.0,3.0,2018-03-10 05:54:01+00:00,63.0,28.0,Python,2024-12-12T07:24:47,34.0,GitHubActions,2022-04-14 23:45:48+00:00,70.33333333333333,0.4444444444444444,0.0228095582910934,0.0763939174511223,2762,173.22,0.0,high,low,GitHubActions,Python,5,open_issue_ratio=high | project_age_days=low | ci_type=GitHubActions | mainLanguage=Python,PGaI
saucelabs/saucerest-java,main,68172.0,19.0,1141.0,35.0,47.0,50.0,2011-05-06 10:42:29+00:00,87.0,2.0,Java,2025-01-20T10:59:35,505.0,TravisCI,2015-11-05 04:39:05+00:00,22.82,0.0229885057471264,0.016533637400228,0.2168377042949449,5262,296.81,42.93809938971229,low,high,TravisCI,Java,10,open_issue_ratio=low | project_age_days=high | ci_type=TravisCI | mainLanguage=Java,JTAi
desht/modularrouters,MC1.21-master,5998.0,22.0,832.0,3.0,24.0,11.0,2016-07-28 04:46:53+00:00,243.0,55.0,Java,2025-03-14T01:48:27,29.0,GitHubActions,2022-03-04 16:46:26+00:00,75.63636363636364,0.2263374485596707,0.0724940334128878,0.2482100238663484,3352,41.7,2.774371551195585,low,low,GitHubActions,Java,12,open_issue_ratio=low | project_age_days=low | ci_type=GitHubActions | mainLanguage=Java,JGai
cucumber/cucumber-eclipse,main,95626.0,38.0,627.0,91.0,192.0,57.0,2012-11-06 10:29:33+00:00,307.0,44.0,Java,2024-10-12T03:05:08,208.0,TravisCI,2018-12-28 19:04:35+00:00,11.0,0.1433224755700325,0.0651528013582343,0.1330645161290322,4712,543.96,12.352870526062937,low,high,TravisCI,Java,10,open_issue_ratio=low | project_age_days=high | ci_type=TravisCI | mainLanguage=Java,JTAi
codespell-project/codespell,main,28107.0,38.0,5285.0,24.0,2098.0,227.0,2011-01-28 05:23:32+00:00,534.0,178.0,Python,2025-04-27T09:35:59,3158.0,TravisCI,2016-04-27 13:36:00+00:00,23.281938325991188,0.3333333333333333,0.0996268656716417,0.9860074626865672,5360,149.88,2.593638958466826,low,high,TravisCI,Python,11,open_issue_ratio=low | project_age_days=high | ci_type=TravisCI | mainLanguage=Python,PTAi
sublimelsp/lsp-rust-analyzer,main,337.0,38.0,105.0,7.0,75.0,11.0,2021-06-07 06:23:57+00:00,74.0,13.0,Python,2025-04-09T06:05:34,83.0,GitHubActions,2023-12-14 22:50:58+00:00,9.545454545454543,0.1756756756756756,0.0469245402663284,0.066582117945466,1577,109.9,0.0,low,low,GitHubActions,Python,13,open_issue_ratio=low | project_age_days=low | ci_type=GitHubActions | mainLanguage=Python,PGai
ohdsi/whiterabbit,master,117545.0,56.0,803.0,59.0,187.0,30.0,2014-05-16 03:16:55+00:00,258.0,109.0,Java,2024-08-05T10:07:09,170.0,GitHubActions,2023-02-22 14:58:28+00:00,26.766666666666666,0.4224806201550387,0.0620789220404234,0.1932146294513956,4156,275.06,5.727958471895531,high,high,GitHubActions,Java,0,open_issue_ratio=high | project_age_days=high | ci_type=GitHubActions | mainLanguage=Java,JGAI
stefanfoulis/django-phonenumber-field,main,558.0,13.0,620.0,21.0,1510.0,112.0,2011-08-31 05:52:05+00:00,229.0,6.0,Python,2025-04-10T08:12:54,401.0,TravisCI,2014-04-29 15:20:05+00:00,5.535714285714286,0.0262008733624454,0.0445092322643343,0.1205053449951409,5145,379.62,49.97222222222222,low,high,TravisCI,Python,11,open_issue_ratio=low | project_age_days=high | ci_type=TravisCI | mainLanguage=Python,PTAi
minicraftplus/minicraft-plus-revived,main,11809.0,81.0,3317.0,28.0,511.0,39.0,2017-02-25 11:03:33+00:00,278.0,75.0,Java,2025-04-06T08:23:09,435.0,GitHubActions,2022-02-04 16:21:43+00:00,85.05128205128206,0.2697841726618705,0.0885350318471337,1.0563694267515924,3140,157.36,0.0,low,low,GitHubActions,Java,12,open_issue_ratio=low | project_age_days=low | ci_type=GitHubActions | mainLanguage=Java,JGai
halestudio/hale,master,368925.0,18.0,9691.0,14.0,146.0,58.0,2013-09-02 01:38:58+00:00,454.0,99.0,Java,2025-04-24T09:47:04,895.0,TravisCI,2018-05-16 11:05:02+00:00,167.08620689655172,0.2180616740088105,0.1029011786038077,2.196509519492294,4412,764.68,6.310322024392489,low,high,TravisCI,Java,10,open_issue_ratio=low | project_age_days=high | ci_type=TravisCI | mainLanguage=Java,JTAi
vertigo-io/vertigo-libs,master,94747.0,26.0,8238.0,10.0,12.0,35.0,2015-08-04 02:28:55+00:00,13.0,2.0,Java,2025-03-31T02:28:23,129.0,GitHubActions,2022-02-23 09:02:43+00:00,235.37142857142857,0.1538461538461538,0.0035030988951765,2.219886822958771,3711,68.41,15.623625922887612,low,high,GitHubActions,Java,8,open_issue_ratio=low | project_age_days=high | ci_type=GitHubActions | mainLanguage=Java,JGAi
atlauncher/atlauncher,master,17227.0,212.0,3798.0,27.0,711.0,47.0,2013-09-02 11:28:26+00:00,763.0,142.0,Java,2025-03-21T11:32:57,229.0,GitHubActions,2019-08-14 10:56:40+00:00,80.80851063829788,0.1861074705111402,0.1729374433363553,0.8608340888485947,4412,200.46,2.450240923270698,low,high,GitHubActions,Java,8,open_issue_ratio=low | project_age_days=high | ci_type=GitHubActions | mainLanguage=Java,JGAi
lagolunatic/wwrando,master,5910.0,14.0,2775.0,38.0,393.0,16.0,2018-07-05 02:18:12+00:00,304.0,50.0,Python,2025-04-17T05:41:15,100.0,GitHubActions,2021-07-04 01:22:09+00:00,173.4375,0.1644736842105263,0.1149338374291115,1.0491493383742911,2645,41.41,5.684278497360125,low,low,GitHubActions,Python,13,open_issue_ratio=low | project_age_days=low | ci_type=GitHubActions | mainLanguage=Python,PGai
eracknaphobia/plugin.video.mlbtv,master,1739.0,27.0,149.0,8.0,21.0,13.0,2016-03-04 04:32:04+00:00,36.0,17.0,Python,2025-04-17T12:55:37,48.0,GitHubActions,2020-10-08 16:18:46+00:00,11.461538461538462,0.4722222222222222,0.0102915951972555,0.0425957690108633,3498,201.96,0.0,high,low,GitHubActions,Python,5,open_issue_ratio=high | project_age_days=low | ci_type=GitHubActions | mainLanguage=Python,PGaI
netflix/zuul,master,5823.0,22.0,1777.0,896.0,13715.0,89.0,2013-03-13 18:53:57+00:00,558.0,7.0,Java,2025-04-07T11:04:50,1365.0,TravisCI,2015-01-02 19:23:30+00:00,19.96629213483146,0.0125448028673835,0.1217011995637949,0.3875681570338058,4585,899.69,41.61246995617135,low,high,TravisCI,Java,10,open_issue_ratio=low | project_age_days=high | ci_type=TravisCI | mainLanguage=Java,JTAi
apache/hop,main,206497.0,16.0,8115.0,48.0,1121.0,112.0,2019-09-24 10:48:12+00:00,1924.0,765.0,Java,2025-04-23T04:44:20,3138.0,GitHubActions,2020-11-11 14:56:33+00:00,72.45535714285714,0.3976091476091476,0.874943155979991,3.69031377899045,2199,89.33,11.14586095432908,high,low,GitHubActions,Java,4,open_issue_ratio=high | project_age_days=low | ci_type=GitHubActions | mainLanguage=Java,JGaI
apragacz/django-rest-registration,master,2840.0,43.0,698.0,15.0,549.0,26.0,2015-12-27 01:51:11+00:00,123.0,13.0,Python,2025-03-13T11:32:48,194.0,TravisCI,2018-02-02 12:55:48+00:00,26.846153846153847,0.1056910569105691,0.0344924284913067,0.1957375210319686,3566,105.99,20.832052464391843,low,high,TravisCI,Python,11,open_issue_ratio=low | project_age_days=high | ci_type=TravisCI | mainLanguage=Python,PTAi
pyinstaller/pyinstaller,develop,67587.0,71.0,9696.0,229.0,12321.0,483.0,2011-11-23 11:05:56+00:00,5496.0,261.0,Python,2025-04-20T05:06:29,2558.0,TravisCI,2014-01-16 03:04:41+00:00,20.07453416149068,0.0474890829694323,1.0859513930053348,1.9158269116775344,5061,142.33,29.11037871379764,low,high,TravisCI,Python,11,open_issue_ratio=low | project_age_days=high | ci_type=TravisCI | mainLanguage=Python,PTAi
dice-group/iguana,main,722370.0,28.0,572.0,6.0,25.0,20.0,2014-06-11 10:39:25+00:00,179.0,16.0,Java,2024-10-29T07:58:09,110.0,TravisCI,2017-10-10 15:03:36+00:00,28.6,0.0893854748603352,0.0433414043583535,0.138498789346247,4130,221.89,31.665891112145182,low,high,TravisCI,Java,10,open_issue_ratio=low | project_age_days=high | ci_type=TravisCI | mainLanguage=Java,JTAi
serokell/tezos-packaging,master,138186.0,122.0,1907.0,13.0,60.0,30.0,2019-11-06 12:19:24+00:00,256.0,11.0,Python,2025-04-14T12:02:22,592.0,GitHubActions,2021-07-26 13:07:35+00:00,63.56666666666667,0.04296875,0.1187384044526901,0.884508348794063,2156,53.69,4.260904684975767,low,low,GitHubActions,Python,13,open_issue_ratio=low | project_age_days=low | ci_type=GitHubActions | mainLanguage=Python,PGai
powerapi-ng/smartwatts-formula,master,677.0,27.0,639.0,6.0,32.0,11.0,2019-05-05 10:00:42+00:00,26.0,1.0,Python,2025-04-25T09:25:51,189.0,GitHubActions,2021-09-28 12:45:12+00:00,58.09090909090909,0.0384615384615384,0.0111063648013669,0.2729602733874413,2341,155.48,14.02439024390244,low,low,GitHubActions,Python,13,open_issue_ratio=low | project_age_days=low | ci_type=GitHubActions | mainLanguage=Python,PGai
docusign/docusign-esign-java-client,master,52802.0,99.0,520.0,37.0,110.0,,2013-09-19 02:11:36+00:00,132.0,20.0,Java,2025-04-15T07:32:43,160.0,TravisCI,2017-01-31 01:05:39+00:00,,0.1515151515151515,0.0300341296928327,0.1183162684869169,4395,0.0,0.93522126257255,low,high,TravisCI,Java,10,open_issue_ratio=low | project_age_days=high | ci_type=TravisCI | mainLanguage=Java,JTAi
exomiser/exomiser,master,293013.0,31.0,3314.0,24.0,203.0,14.0,2014-11-04 10:09:50+00:00,509.0,128.0,Java,2024-12-10T03:45:18,55.0,GitHubActions,2023-04-28 09:26:16+00:00,236.7142857142857,0.2514734774066797,0.1277610441767068,0.8318273092369478,3984,237.25,40.2607629056438,low,high,GitHubActions,Java,8,open_issue_ratio=low | project_age_days=high | ci_type=GitHubActions | mainLanguage=Java,JGAi
jpmml/jpmml-sparkml,master,17405.0,92.0,991.0,23.0,268.0,1.0,2016-05-05 09:16:59+00:00,131.0,17.0,Java,2025-02-14T08:44:39,7.0,GitHubActions,2020-12-26 12:49:30+00:00,991.0,0.1297709923664122,0.0381257275902211,0.2884167636786962,3436,78.61,4.495225459560428,low,low,GitHubActions,Java,12,open_issue_ratio=low | project_age_days=low | ci_type=GitHubActions | mainLanguage=Java,JGai
googleapis/python-pubsub,main,6140.0,129.0,1193.0,52.0,401.0,82.0,2019-12-10 12:09:52+00:00,509.0,34.0,Python,2025-04-14T03:29:17,863.0,GitHubActions,2022-01-20 18:14:19+00:00,14.548780487804878,0.0667976424361493,0.2398680490103675,0.562205466540999,2122,68.38,110.28730573312744,low,low,GitHubActions,Python,13,open_issue_ratio=low | project_age_days=low | ci_type=GitHubActions | mainLanguage=Python,PGai
jenkinsci/remote-file-plugin,master,506.0,15.0,216.0,8.0,55.0,11.0,2019-07-09 04:10:53+00:00,46.0,13.0,Java,2024-08-08T02:44:05,114.0,GitHubActions,2022-05-31 07:13:09+00:00,19.63636363636364,0.2826086956521739,0.0202108963093145,0.0949033391915641,2276,98.12,53.63247863247863,low,low,GitHubActions,Java,12,open_issue_ratio=low | project_age_days=low | ci_type=GitHubActions | mainLanguage=Java,JGai
neurostuff/pymare,master,392.0,20.0,343.0,6.0,55.0,6.0,2019-12-18 07:01:22+00:00,57.0,15.0,Python,2025-04-24T10:36:12,70.0,GitHubActions,2021-12-17 19:37:04+00:00,57.16666666666666,0.2631578947368421,0.0269631031220435,0.162251655629139,2114,107.49,26.026504453617207,low,low,GitHubActions,Python,13,open_issue_ratio=low | project_age_days=low | ci_type=GitHubActions | mainLanguage=Python,PGai
tartaricacid/touhoulittlemaid,1.20,172692.0,854.0,567.0,11.0,476.0,18.0,2019-06-30 10:31:31+00:00,411.0,70.0,Java,2025-04-24T03:13:20,259.0,GitHubActions,2023-09-04 16:01:04+00:00,31.5,0.170316301703163,0.1798687089715536,0.2481400437636761,2285,70.38,0.0154249575813666,low,low,GitHubActions,Java,12,open_issue_ratio=low | project_age_days=low | ci_type=GitHubActions | mainLanguage=Java,JGai
edunext/eox-core,master,2023.0,65.0,736.0,6.0,15.0,49.0,2018-07-18 08:54:39+00:00,17.0,4.0,Python,2025-03-07T08:13:23,301.0,GitHubActions,2022-02-17 18:59:54+00:00,15.020408163265309,0.2352941176470588,0.0064589665653495,0.2796352583586626,2632,104.07,52.354857819905206,low,low,GitHubActions,Python,13,open_issue_ratio=low | project_age_days=low | ci_type=GitHubActions | mainLanguage=Python,PGai
genome-nexus/genome-nexus,master,17841.0,76.0,728.0,11.0,41.0,37.0,2015-09-16 02:16:27+00:00,460.0,204.0,Java,2025-04-16T02:35:17,332.0,TravisCI,2017-06-22 14:52:13+00:00,19.67567567567568,0.4434782608695652,0.1254089422028353,0.1984732824427481,3668,132.33,25.917739227756016,high,high,TravisCI,Java,2,open_issue_ratio=high | project_age_days=high | ci_type=TravisCI | mainLanguage=Java,JTAI
cogeotiff/rio-tiler,main,61026.0,13.0,778.0,63.0,539.0,33.0,2017-10-06 09:49:03+00:00,308.0,13.0,Python,2025-04-22T08:26:08,432.0,GitHubActions,2020-08-24 18:38:18+00:00,23.57575757575757,0.0422077922077922,0.1055879328076791,0.2667123757284881,2917,42.37,39.16037543358498,low,low,GitHubActions,Python,13,open_issue_ratio=low | project_age_days=low | ci_type=GitHubActions | mainLanguage=Python,PGai
ioos/compliance-checker,main,10908.0,38.0,2256.0,20.0,118.0,49.0,2013-10-02 06:49:48+00:00,435.0,27.0,Python,2025-04-23T02:57:39,725.0,TravisCI,2015-05-06 19:06:17+00:00,46.04081632653061,0.0620689655172413,0.0992697398448197,0.5148334094020995,4382,182.0,18.503224707860625,low,high,TravisCI,Python,11,open_issue_ratio=low | project_age_days=high | ci_type=TravisCI | mainLanguage=Python,PTAi
pinecone-io/pinecone-java-client,main,1374.0,27.0,165.0,26.0,44.0,18.0,2021-04-09 08:45:27+00:00,19.0,0.0,Java,2025-04-09T07:51:21,163.0,GitHubActions,2023-10-03 21:24:31+00:00,9.166666666666666,0.0,0.0116136919315403,0.1008557457212714,1636,21.91,9.831207576637366,low,low,GitHubActions,Java,12,open_issue_ratio=low | project_age_days=low | ci_type=GitHubActions | mainLanguage=Java,JGai
pymzml/pymzml,dev,34526.0,23.0,798.0,8.0,169.0,52.0,2012-01-11 07:45:43+00:00,113.0,17.0,Python,2025-03-28T01:18:43,263.0,TravisCI,2018-01-05 15:21:25+00:00,15.346153846153848,0.1504424778761062,0.0225458898643256,0.159217877094972,5012,117.02,25.21709518133833,low,high,TravisCI,Python,11,open_issue_ratio=low | project_age_days=high | ci_type=TravisCI | mainLanguage=Python,PTAi
cast-genomics/haptools,main,9131.0,14.0,838.0,4.0,22.0,9.0,2021-07-15 05:44:31+00:00,56.0,11.0,Python,2025-03-27T08:22:19,214.0,GitHubActions,2022-11-08 00:43:03+00:00,93.11111111111111,0.1964285714285714,0.0363872644574398,0.5445094217024041,1539,56.32,50.29535864978904,low,low,GitHubActions,Python,13,open_issue_ratio=low | project_age_days=low | ci_type=GitHubActions | mainLanguage=Python,PGai
azure/azure-iot-sdk-java,main,75783.0,113.0,1835.0,81.0,200.0,112.0,2016-10-14 18:08:25+00:00,636.0,16.0,Java,2025-01-22T05:56:05,1129.0,GitHubActions,2020-06-08 22:55:54+00:00,16.383928571428573,0.0251572327044025,0.1942577886377519,0.5604764813683567,3274,67.86,81.14644060795524,low,low,GitHubActions,Java,12,open_issue_ratio=low | project_age_days=low | ci_type=GitHubActions | mainLanguage=Java,JGai
py-pdf/pypdf,main,21370.0,105.0,1977.0,147.0,8977.0,258.0,2012-01-06 05:13:38+00:00,1242.0,80.0,Python,2025-04-25T07:03:35,1678.0,TravisCI,2016-01-13 09:52:27+00:00,7.662790697674419,0.0644122383252818,0.2475583017739685,0.394060195335858,5017,464.18,30.267476030115187,low,high,TravisCI,Python,11,open_issue_ratio=low | project_age_days=high | ci_type=TravisCI | mainLanguage=Python,PTAi
iheanyi/bandcamp-dl,master,238.0,28.0,252.0,37.0,1017.0,39.0,2013-04-29 11:28:43+00:00,180.0,14.0,Python,2025-04-26T06:35:57,78.0,TravisCI,2016-12-19 18:00:13+00:00,6.461538461538462,0.0777777777777777,0.0396650506831203,0.0555310709563684,4538,139.05,0.0,low,high,TravisCI,Python,11,open_issue_ratio=low | project_age_days=high | ci_type=TravisCI | mainLanguage=Python,PTAi
glyph/pomodouroboros,trunk,9423.0,19.0,604.0,14.0,212.0,5.0,2021-08-17 12:45:47+00:00,62.0,29.0,Python,2025-04-23T05:40:24,15.0,GitHubActions,2024-05-20 15:06:23+00:00,120.8,0.4677419354838709,0.0411686586985391,0.4010624169986719,1506,231.93,15.882753919563736,high,low,GitHubActions,Python,5,open_issue_ratio=high | project_age_days=low | ci_type=GitHubActions | mainLanguage=Python,PGaI
spiral-project/ihatemoney,main,17704.0,13.0,1411.0,24.0,1232.0,193.0,2011-03-10 02:38:21+00:00,500.0,45.0,Python,2025-01-28T03:09:09,853.0,TravisCI,2016-09-24 18:20:21+00:00,7.310880829015544,0.09,0.094002632073698,0.2652754277119759,5319,218.4,13.815307694250144,low,high,TravisCI,Python,11,open_issue_ratio=low | project_age_days=high | ci_type=TravisCI | mainLanguage=Python,PTAi
mediamath/t1-python,master,730.0,44.0,302.0,26.0,18.0,,2013-04-05 08:14:21+00:00,59.0,10.0,Python,2024-03-13T02:19:12,152.0,TravisCI,2015-08-26 19:43:24+00:00,,0.1694915254237288,0.0129329241560718,0.0661990355107409,4562,0.0,18.458915059149525,low,high,TravisCI,Python,11,open_issue_ratio=low | project_age_days=high | ci_type=TravisCI | mainLanguage=Python,PTAi
teamspen210/hammeraddons,master,34106.0,14.0,1778.0,13.0,126.0,22.0,2014-08-23 04:14:16+00:00,242.0,77.0,Python,2025-02-12T01:46:08,50.0,GitHubActions,2021-04-21 10:45:15+00:00,80.81818181818181,0.3181818181818182,0.0596499876756223,0.4382548681291595,4057,161.63,1.2972396635469732,low,high,GitHubActions,Python,9,open_issue_ratio=low | project_age_days=high | ci_type=GitHubActions | mainLanguage=Python,PGAi
avioconsulting/mule-custom-logger,main,626.0,14.0,194.0,7.0,15.0,13.0,2019-01-15 03:43:29+00:00,23.0,3.0,Java,2025-04-17T12:40:02,62.0,GitHubActions,2021-02-23 22:57:12+00:00,14.923076923076923,0.1304347826086956,0.0093839249286005,0.0791513667890656,2451,134.5,10.905982905982906,low,low,GitHubActions,Java,12,open_issue_ratio=low | project_age_days=low | ci_type=GitHubActions | mainLanguage=Java,JGai
advancedxray/xray-mod,main,1273.0,46.0,495.0,9.0,161.0,14.0,2015-03-27 02:24:22+00:00,259.0,31.0,Java,2025-03-29T11:47:43,26.0,GitHubActions,2020-12-26 12:23:37+00:00,35.357142857142854,0.1196911196911196,0.0674303566779484,0.1288726894038011,3841,128.52,0.0,low,high,GitHubActions,Java,8,open_issue_ratio=low | project_age_days=high | ci_type=GitHubActions | mainLanguage=Java,JGAi
chaoss/grimoirelab-sigils,main,34139.0,20.0,1108.0,18.0,35.0,30.0,2016-06-23 11:05:30+00:00,85.0,17.0,Python,2025-01-15T11:52:02,428.0,GitHubActions,2022-03-16 10:44:49+00:00,36.93333333333333,0.2,0.0250959551225273,0.3271331561854148,3387,100.14,0.3677629505096144,low,low,GitHubActions,Python,13,open_issue_ratio=low | project_age_days=low | ci_type=GitHubActions | mainLanguage=Python,PGai
sladkoff/minecraft-prometheus-exporter,master,2929.0,22.0,513.0,8.0,466.0,30.0,2017-02-08 08:42:08+00:00,83.0,7.0,Java,2025-03-06T08:46:27,206.0,GitHubActions,2020-05-07 21:48:31+00:00,17.1,0.0843373493975903,0.0262907823883433,0.162496040544821,3157,112.65,4.979279166143414,low,low,GitHubActions,Java,12,open_issue_ratio=low | project_age_days=low | ci_type=GitHubActions | mainLanguage=Java,JGai
netfishers-onl/netshot,master,15008.0,56.0,842.0,20.0,256.0,21.0,2015-09-03 08:56:56+00:00,276.0,58.0,Java,2025-04-24T10:01:57,72.0,GitHubActions,2021-10-16 13:51:55+00:00,40.095238095238095,0.2101449275362318,0.0749796251018744,0.2287421896223852,3681,120.1,5.486007864802808,low,high,GitHubActions,Java,8,open_issue_ratio=low | project_age_days=high | ci_type=GitHubActions | mainLanguage=Java,JGAi
traccar/traccar,master,23880.0,55.0,9017.0,318.0,5801.0,223.0,2012-04-16 08:33:49+00:00,4483.0,366.0,Java,2025-04-24T04:13:24,1046.0,TravisCI,2015-03-02 22:13:57+00:00,40.43497757847533,0.0816417577515056,0.911920260374288,1.834214808787632,4916,656.8,20.66681796612268,low,high,TravisCI,Java,10,open_issue_ratio=low | project_age_days=high | ci_type=TravisCI | mainLanguage=Java,JTAi
jenkinsci/hashicorp-vault-plugin,master,2069.0,34.0,376.0,16.0,217.0,51.0,2016-07-26 07:07:44+00:00,143.0,89.0,Java,2025-04-05T04:10:23,201.0,TravisCI,2019-08-15 23:57:47+00:00,7.372549019607843,0.6223776223776224,0.0426356589147286,0.1121049493142516,3354,96.32,46.86088527551942,high,low,TravisCI,Java,6,open_issue_ratio=high | project_age_days=low | ci_type=TravisCI | mainLanguage=Java,JTaI
the-aether-team/the-aether,1.21.1-develop,127447.0,107.0,2862.0,16.0,387.0,56.0,2020-12-04 04:02:37+00:00,1349.0,18.0,Java,2025-04-06T03:50:08,1270.0,GitHubActions,2022-08-06 17:00:55+00:00,51.10714285714285,0.0133432171979243,0.7656072644721907,1.6242905788876276,1762,36.69,0.1400513521624595,low,low,GitHubActions,Java,12,open_issue_ratio=low | project_age_days=low | ci_type=GitHubActions | mainLanguage=Java,JGai
way2muchnoise/justenoughresources,master,1435.0,16.0,454.0,4.0,128.0,42.0,2016-01-01 12:33:43+00:00,441.0,167.0,Java,2025-04-21T08:53:47,95.0,TravisCI,2017-02-06 17:14:03+00:00,10.80952380952381,0.3786848072562358,0.1238416175231676,0.1274922774501544,3561,177.32,0.0,high,high,TravisCI,Java,2,open_issue_ratio=high | project_age_days=high | ci_type=TravisCI | mainLanguage=Java,JTAI
python-caldav/caldav,master,1565.0,14.0,931.0,11.0,349.0,81.0,2017-01-23 04:41:54+00:00,273.0,64.0,Python,2025-04-25T11:20:53,200.0,TravisCI,2019-05-28 16:17:01+00:00,11.493827160493828,0.2344322344322344,0.0860384494169555,0.2934131736526946,3173,187.44,78.39895013123359,low,low,TravisCI,Python,15,open_issue_ratio=low | project_age_days=low | ci_type=TravisCI | mainLanguage=Python,PTai
yamcs/yamcs,master,65946.0,157.0,7006.0,25.0,216.0,44.0,2011-09-29 04:29:56+00:00,404.0,82.0,Java,2025-04-01T08:32:44,555.0,TravisCI,2015-03-19 16:56:51+00:00,159.22727272727272,0.2029702970297029,0.0789679437060203,1.369429241594996,5116,173.19,11.254007921539042,low,high,TravisCI,Java,10,open_issue_ratio=low | project_age_days=high | ci_type=TravisCI | mainLanguage=Java,JTAi
pig-mesh/pig,jdk17,39006.0,19.0,1897.0,94.0,6250.0,150.0,2019-08-26 03:24:53+00:00,870.0,286.0,Java,2025-04-25T03:27:58,301.0,GitHubActions,2021-04-16 03:47:36+00:00,12.646666666666668,0.328735632183908,0.3904847396768402,0.8514362657091562,2228,0.49,0.1727341725771415,low,low,GitHubActions,Java,12,open_issue_ratio=low | project_age_days=low | ci_type=GitHubActions | mainLanguage=Java,JGai
cpicpgx/cpic-data,main,8983.0,68.0,892.0,15.0,29.0,3.0,2018-10-05 08:52:46+00:00,33.0,6.0,Java,2025-03-08T12:16:42,12.0,GitHubActions,2021-04-19 02:30:03+00:00,297.3333333333333,0.1818181818181818,0.0129259694477085,0.3493928711320015,2553,18.52,5.617260308949317,low,low,GitHubActions,Java,12,open_issue_ratio=low | project_age_days=low | ci_type=GitHubActions | mainLanguage=Java,JGai
cirrus-geo/cirrus-geo,main,6002.0,44.0,781.0,8.0,62.0,21.0,2020-08-07 06:48:59+00:00,164.0,14.0,Python,2025-04-25T05:16:14,148.0,GitHubActions,2021-10-03 03:20:49+00:00,37.19047619047619,0.0853658536585365,0.0871876661350345,0.4152046783625731,1881,357.67,16.5296343001261,low,low,GitHubActions,Python,13,open_issue_ratio=low | project_age_days=low | ci_type=GitHubActions | mainLanguage=Python,PGai
grapheneos/auditor,main,2387.0,88.0,959.0,27.0,523.0,27.0,2018-01-30 03:08:48+00:00,111.0,21.0,Java,2025-04-21T03:42:48,170.0,GitHubActions,2020-12-21 23:05:17+00:00,35.51851851851852,0.1891891891891892,0.0396287040342734,0.3423777222420564,2801,189.05,56.38860887096774,low,low,GitHubActions,Java,12,open_issue_ratio=low | project_age_days=low | ci_type=GitHubActions | mainLanguage=Java,JGai
praw-dev/praw,main,51438.0,15.0,4275.0,69.0,3660.0,247.0,2010-08-19 04:00:07+00:00,757.0,5.0,Python,2025-04-21T03:16:36,1302.0,TravisCI,2013-01-04 03:20:22+00:00,17.307692307692307,0.0066050198150594,0.1370880115900036,0.7741760231800072,5522,70.61,4.462788424460367,low,high,TravisCI,Python,11,open_issue_ratio=low | project_age_days=high | ci_type=TravisCI | mainLanguage=Python,PTAi
xdev-software/vaadin-date-range-picker,develop,3674.0,19.0,1215.0,2.0,29.0,7.0,2020-09-25 08:06:47+00:00,18.0,0.0,Java,2025-04-24T11:43:14,417.0,GitHubActions,2022-08-08 07:58:24+00:00,173.57142857142858,0.0,0.009825327510917,0.6632096069868996,1832,166.84,0.0,low,low,GitHubActions,Java,12,open_issue_ratio=low | project_age_days=low | ci_type=GitHubActions | mainLanguage=Java,JGai
milvus-io/milvus-sdk-java,master,11720.0,69.0,673.0,11.0,416.0,57.0,2019-10-08 12:15:26+00:00,312.0,33.0,Java,2025-04-25T09:08:33,1062.0,GitHubActions,2021-11-02 07:37:10+00:00,11.807017543859647,0.1057692307692307,0.1427917620137299,0.3080091533180778,2185,54.5,21.341149369317066,low,low,GitHubActions,Java,12,open_issue_ratio=low | project_age_days=low | ci_type=GitHubActions | mainLanguage=Java,JGai
jenkinsci/build-monitor-plugin,master,20015.0,60.0,983.0,41.0,726.0,48.0,2013-07-06 11:39:57+00:00,349.0,131.0,Java,2025-04-21T11:38:10,748.0,TravisCI,2018-06-12 20:08:15+00:00,20.479166666666668,0.3753581661891118,0.078076062639821,0.219910514541387,4470,201.68,8.905293304365001,high,high,TravisCI,Java,2,open_issue_ratio=high | project_age_days=high | ci_type=TravisCI | mainLanguage=Java,JTAI
testartool/testar_dev,master,507522.0,43.0,1777.0,9.0,41.0,35.0,2017-05-07 11:26:13+00:00,193.0,42.0,Java,2025-04-11T12:02:43,233.0,GitHubActions,2020-11-28 12:19:11+00:00,50.77142857142857,0.2176165803108808,0.0628869338546758,0.5790159661127403,3069,403.83,117.59673975313784,low,low,GitHubActions,Java,12,open_issue_ratio=low | project_age_days=low | ci_type=GitHubActions | mainLanguage=Java,JGai
otsaloma/gaupol,master,18004.0,51.0,2568.0,13.0,258.0,27.0,2011-04-09 01:46:24+00:00,201.0,16.0,Python,2025-04-19T11:16:39,26.0,TravisCI,2016-07-07 00:07:41+00:00,95.11111111111111,0.0796019900497512,0.0380034032898468,0.4855360181508791,5289,87.79,12.63803680981595,low,high,TravisCI,Python,11,open_issue_ratio=low | project_age_days=high | ci_type=TravisCI | mainLanguage=Python,PTAi
gallopsled/pwntools,dev,28124.0,79.0,4503.0,286.0,12499.0,289.0,2013-04-29 02:43:03+00:00,1085.0,101.0,Python,2025-04-11T03:04:37,1474.0,TravisCI,2014-12-14 20:21:19+00:00,15.581314878892734,0.0930875576036866,0.2390921110621419,0.99228735125606,4538,183.75,0.6751604410528719,low,high,TravisCI,Python,11,open_issue_ratio=low | project_age_days=high | ci_type=TravisCI | mainLanguage=Python,PTAi
astropy/specutils,main,17191.0,34.0,3083.0,25.0,183.0,101.0,2011-10-14 04:11:38+00:00,599.0,188.0,Python,2025-04-24T03:29:37,624.0,TravisCI,2013-04-13 10:02:07+00:00,30.524752475247524,0.3138564273789649,0.1174279553028817,0.6043912958243481,5101,294.25,68.80649810035374,low,high,TravisCI,Python,11,open_issue_ratio=low | project_age_days=high | ci_type=TravisCI | mainLanguage=Python,PTAi
googleapis/google-cloudevents-python,main,1511.0,19.0,171.0,46.0,26.0,17.0,2020-06-17 06:33:15+00:00,51.0,2.0,Python,2025-03-31T06:56:25,271.0,GitHubActions,2023-01-31 19:11:37+00:00,10.058823529411764,0.0392156862745098,0.0263975155279503,0.0885093167701863,1932,34.68,2.0705250512331284,low,low,GitHubActions,Python,13,open_issue_ratio=low | project_age_days=low | ci_type=GitHubActions | mainLanguage=Python,PGai
ebourg/jsign,master,3388.0,15.0,956.0,13.0,307.0,39.0,2012-05-21 09:53:40+00:00,175.0,34.0,Java,2025-04-25T04:41:07,77.0,TravisCI,2016-03-12 21:47:55+00:00,24.512820512820515,0.1942857142857142,0.0358533087482073,0.1958615037902069,4881,183.88,52.83378636050144,low,high,TravisCI,Java,10,open_issue_ratio=low | project_age_days=high | ci_type=TravisCI | mainLanguage=Java,JTAi
jenkinsci/stapler,master,46560.0,73.0,1971.0,18.0,166.0,67.0,2011-03-30 10:39:45+00:00,69.0,32.0,Java,2025-04-23T10:39:45,591.0,GitHubActions,2021-05-04 21:21:01+00:00,29.417910447761194,0.463768115942029,0.01302132477826,0.3719569730137761,5299,468.8,18.6923027949322,high,high,GitHubActions,Java,0,open_issue_ratio=high | project_age_days=high | ci_type=GitHubActions | mainLanguage=Java,JGAI
auth0/auth0-java-mvc-common,master,558.0,29.0,264.0,15.0,43.0,19.0,2016-08-08 05:48:45+00:00,19.0,5.0,Java,2025-01-30T09:56:13,134.0,GitHubActions,2022-07-05 21:41:31+00:00,13.894736842105264,0.2631578947368421,0.0056869200838072,0.0790182580065848,3341,224.82,60.88470202744215,low,low,GitHubActions,Java,12,open_issue_ratio=low | project_age_days=low | ci_type=GitHubActions | mainLanguage=Java,JGai
baidu/starlight,main,4818.0,22.0,128.0,54.0,963.0,6.0,2018-12-20 08:24:32+00:00,104.0,5.0,Java,2025-04-17T02:06:19,306.0,GitHubActions,2022-10-03 14:38:54+00:00,21.33333333333333,0.048076923076923,0.0419862737182075,0.0516754138070246,2477,363.25,51.98402872353597,low,low,GitHubActions,Java,12,open_issue_ratio=low | project_age_days=low | ci_type=GitHubActions | mainLanguage=Java,JGai
selenide/selenide,main,15694.0,159.0,5567.0,137.0,1873.0,172.0,2012-02-07 11:44:33+00:00,1377.0,31.0,Java,2025-04-25T07:31:56,1549.0,TravisCI,2013-06-13 19:30:37+00:00,32.366279069767444,0.0225127087872185,0.2762286860581745,1.1167502507522569,4985,121.47,48.8111485344385,low,high,TravisCI,Java,10,open_issue_ratio=low | project_age_days=high | ci_type=TravisCI | mainLanguage=Java,JTAi
target/strelka,master,30529.0,30.0,1559.0,40.0,920.0,45.0,2018-09-20 06:38:12+00:00,97.0,10.0,Python,2025-04-08T02:27:02,388.0,GitHubActions,2021-02-23 01:07:27+00:00,34.644444444444446,0.1030927835051546,0.0377725856697819,0.6070872274143302,2568,55.9,36.90207581227437,low,low,GitHubActions,Python,13,open_issue_ratio=low | project_age_days=low | ci_type=GitHubActions | mainLanguage=Python,PGai
huggingface/pytorch-image-models,main,27800.0,65.0,2711.0,316.0,33949.0,177.0,2019-02-02 05:51:12+00:00,967.0,50.0,Python,2025-04-22T03:50:11,603.0,GitHubActions,2020-05-07 03:21:50+00:00,15.31638418079096,0.0517063081695966,0.3974517057131114,1.114262227702425,2433,54.5,4.927989569253221,low,low,GitHubActions,Python,13,open_issue_ratio=low | project_age_days=low | ci_type=GitHubActions | mainLanguage=Python,PGai
vinitkumar/json2xml,master,1126.0,45.0,395.0,2.0,101.0,12.0,2013-07-06 09:35:57+00:00,72.0,2.0,Python,2025-04-12T10:52:25,163.0,TravisCI,2015-02-13 15:44:08+00:00,32.916666666666664,0.0277777777777777,0.0161073825503355,0.0883668903803132,4470,123.71,25.23058613507885,low,high,TravisCI,Python,11,open_issue_ratio=low | project_age_days=high | ci_type=TravisCI | mainLanguage=Python,PTAi
tofpu/speedbridge2,dev-v2,1785.0,13.0,149.0,2.0,17.0,3.0,2022-01-04 02:25:50+00:00,13.0,9.0,Java,2024-06-24T01:41:14,34.0,GitHubActions,2023-10-07 18:26:25+00:00,49.66666666666666,0.6923076923076923,0.0095168374816983,0.1090775988286969,1366,96.63,22.325052768306545,high,low,GitHubActions,Java,4,open_issue_ratio=high | project_age_days=low | ci_type=GitHubActions | mainLanguage=Java,JGaI
tautulli/tautulli,master,104671.0,229.0,5378.0,216.0,5908.0,89.0,2015-02-22 04:36:06+00:00,1500.0,103.0,Python,2025-04-12T11:02:46,1031.0,GitHubActions,2020-02-07 02:52:41+00:00,60.42696629213483,0.0686666666666666,0.3871966959215281,1.3882292204439854,3874,105.0,12.26692894434226,low,high,GitHubActions,Python,9,open_issue_ratio=low | project_age_days=high | ci_type=GitHubActions | mainLanguage=Python,PGAi
pivotal-cf/java-cfenv,main,855.0,24.0,272.0,32.0,94.0,38.0,2019-01-29 12:53:03+00:00,99.0,19.0,Java,2025-03-14T03:03:05,196.0,GitHubActions,2020-12-01 19:45:16+00:00,7.157894736842105,0.1919191919191919,0.0406237176856791,0.1116126384899466,2437,113.04,54.07279029462738,low,low,GitHubActions,Java,12,open_issue_ratio=low | project_age_days=low | ci_type=GitHubActions | mainLanguage=Java,JGai
chinmayamission/cff,master,19905.0,62.0,2724.0,10.0,12.0,78.0,2017-08-25 06:50:14+00:00,164.0,68.0,Python,2025-02-09T08:03:32,183.0,GitHubActions,2020-11-08 21:14:58+00:00,34.92307692307692,0.4146341463414634,0.0554241297735721,0.9205812774586009,2959,45.28,11.534538175799218,high,low,GitHubActions,Python,5,open_issue_ratio=high | project_age_days=low | ci_type=GitHubActions | mainLanguage=Python,PGaI
enioka-haute-couture/pyoupyou,master,1163.0,44.0,542.0,5.0,12.0,16.0,2017-03-15 12:30:11+00:00,143.0,17.0,Python,2025-02-27T08:14:25,203.0,GitHubActions,2020-11-12 14:42:47+00:00,33.875,0.1188811188811188,0.0458039718129404,0.1736066623959,3122,224.78,19.175980714442257,low,low,GitHubActions,Python,13,open_issue_ratio=low | project_age_days=low | ci_type=GitHubActions | mainLanguage=Python,PGai
bluesabre/mugshot,master,1561.0,14.0,504.0,3.0,76.0,6.0,2019-05-27 10:31:01+00:00,19.0,10.0,Python,2025-03-26T12:29:05,43.0,GitHubActions,2022-09-27 02:59:17+00:00,84.0,0.5263157894736842,0.0081931867184131,0.2173350582147477,2319,259.24,0.0,high,low,GitHubActions,Python,5,open_issue_ratio=high | project_age_days=low | ci_type=GitHubActions | mainLanguage=Python,PGaI
guardsquare/proguard,master,7051.0,32.0,537.0,70.0,3066.0,56.0,2019-03-27 04:35:35+00:00,362.0,166.0,Java,2025-03-24T12:28:56,101.0,GitHubActions,2020-05-28 13:37:40+00:00,9.589285714285714,0.4585635359116022,0.1521008403361344,0.2256302521008403,2380,67.79,1.2386122128517862,high,low,GitHubActions,Java,4,open_issue_ratio=high | project_age_days=low | ci_type=GitHubActions | mainLanguage=Java,JGaI
terraformersmc/terrestria,1.21.5,65548.0,113.0,1025.0,5.0,202.0,32.0,2019-06-26 00:44:51+00:00,231.0,48.0,Java,2025-04-02T02:41:58,104.0,GitHubActions,2021-01-24 01:56:46+00:00,32.03125,0.2077922077922078,0.1009174311926605,0.4477937964176496,2289,49.47,0.0,low,low,GitHubActions,Java,12,open_issue_ratio=low | project_age_days=low | ci_type=GitHubActions | mainLanguage=Java,JGai
wisdem/wisdem,master,84800.0,52.0,4209.0,31.0,160.0,42.0,2014-09-04 08:30:24+00:00,193.0,1.0,Python,2025-04-25T04:47:20,440.0,TravisCI,2020-01-08 16:53:01+00:00,100.21428571428572,0.005181347150259,0.0477132262051916,1.0405438813349814,4045,207.78,13.010454001185298,low,high,TravisCI,Python,11,open_issue_ratio=low | project_age_days=high | ci_type=TravisCI | mainLanguage=Python,PTAi
nuxeo/nuxeo-drive,master,39476.0,87.0,7129.0,47.0,68.0,66.0,2012-06-01 04:37:04+00:00,33.0,1.0,Python,2025-03-11T10:08:05,5684.0,GitHubActions,2020-02-28 11:11:22+00:00,108.01515151515152,0.0303030303030303,0.0067761806981519,1.4638603696098562,4870,59.39,39.71232282528089,low,high,GitHubActions,Python,9,open_issue_ratio=low | project_age_days=high | ci_type=GitHubActions | mainLanguage=Python,PGAi
git-commit-id/git-commit-id-maven-plugin,master,3773.0,33.0,1673.0,39.0,1658.0,98.0,2011-02-13 01:55:14+00:00,383.0,23.0,Java,2025-04-14T06:03:15,450.0,TravisCI,2012-02-25 15:23:34+00:00,17.071428571428573,0.0600522193211488,0.0716691616766467,0.313061377245509,5344,147.25,80.7581166071732,low,high,TravisCI,Java,10,open_issue_ratio=low | project_age_days=high | ci_type=TravisCI | mainLanguage=Java,JTAi
bazelbuild/intellij,master,168506.0,302.0,5108.0,44.0,788.0,135.0,2016-07-08 02:19:29+00:00,1586.0,202.0,Java,2025-04-25T10:37:31,6042.0,GitHubActions,2023-02-03 21:04:58+00:00,37.83703703703704,0.1273644388398487,0.4703440094899169,1.5148279952550414,3372,320.31,46.280928986154535,low,low,GitHubActions,Java,12,open_issue_ratio=low | project_age_days=low | ci_type=GitHubActions | mainLanguage=Java,JGai
structurizr/java,master,35034.0,102.0,1570.0,56.0,1056.0,35.0,2014-06-09 05:44:57+00:00,197.0,14.0,Java,2025-04-23T08:30:34,92.0,TravisCI,2016-06-29 14:29:31+00:00,44.85714285714285,0.0710659898477157,0.047676669893514,0.3799612778315586,4132,46.46,52.07268597387847,low,high,TravisCI,Java,10,open_issue_ratio=low | project_age_days=high | ci_type=TravisCI | mainLanguage=Java,JTAi
chakki-works/seqeval,master,184.0,15.0,178.0,9.0,1080.0,11.0,2018-02-15 12:02:36+00:00,66.0,20.0,Python,2024-08-28T11:35:48,42.0,TravisCI,2019-06-03 04:42:24+00:00,16.181818181818183,0.303030303030303,0.0236983842010772,0.0639138240574506,2785,91.12,28.231597845601435,low,low,TravisCI,Python,15,open_issue_ratio=low | project_age_days=low | ci_type=TravisCI | mainLanguage=Python,PTai
goshippo/shippo-java-client,master,306.0,16.0,227.0,40.0,53.0,23.0,2015-03-23 06:43:28+00:00,14.0,6.0,Java,2024-02-26T04:38:12,63.0,TravisCI,2016-10-28 05:15:01+00:00,9.869565217391305,0.4285714285714285,0.0036410923276983,0.059037711313394,3845,385.52,29.90168799851605,high,high,TravisCI,Java,2,open_issue_ratio=high | project_age_days=high | ci_type=TravisCI | mainLanguage=Java,JTAI
helidon-io/helidon-build-tools,master,8297.0,35.0,690.0,12.0,37.0,26.0,2018-08-27 12:00:31+00:00,450.0,93.0,Java,2025-04-10T07:44:41,652.0,GitHubActions,2022-11-30 10:02:44+00:00,26.53846153846154,0.2066666666666666,0.1736111111111111,0.2662037037037037,2592,79.2,25.83788124621007,low,low,GitHubActions,Java,12,open_issue_ratio=low | project_age_days=low | ci_type=GitHubActions | mainLanguage=Java,JGai
bitcraze/crazyflie-clients-python,master,17486.0,42.0,1734.0,35.0,315.0,70.0,2014-02-05 09:37:58+00:00,510.0,43.0,Python,2025-04-11T12:03:02,226.0,TravisCI,2015-08-21 14:59:56+00:00,24.77142857142857,0.084313725490196,0.1198308270676691,0.4074248120300752,4256,244.42,1.493303467263988,low,high,TravisCI,Python,11,open_issue_ratio=low | project_age_days=high | ci_type=TravisCI | mainLanguage=Python,PTAi
astronomer/astronomer-providers,main,2504.0,41.0,965.0,32.0,145.0,28.0,2021-07-23 08:02:30+00:00,520.0,28.0,Python,2025-02-25T10:22:59,1071.0,GitHubActions,2023-04-26 00:50:52+00:00,34.464285714285715,0.0538461538461538,0.3396472893533638,0.6303069888961463,1531,74.9,53.4758070066763,low,low,GitHubActions,Python,13,open_issue_ratio=low | project_age_days=low | ci_type=GitHubActions | mainLanguage=Python,PGai
magico13/pyemvue,master,144.0,21.0,91.0,20.0,205.0,7.0,2020-03-08 10:57:28+00:00,76.0,22.0,Python,2025-03-02T05:23:27,17.0,GitHubActions,2024-02-25 20:35:29+00:00,13.0,0.2894736842105263,0.0373831775700934,0.0447614363010329,2033,108.72,2.7087198515769946,low,low,GitHubActions,Python,13,open_issue_ratio=low | project_age_days=low | ci_type=GitHubActions | mainLanguage=Python,PGai
ashwanthkumar/gocd-build-github-pull-requests,master,1861.0,24.0,213.0,9.0,95.0,,2015-02-04 05:13:44+00:00,127.0,44.0,Java,2024-05-12T04:29:31,51.0,TravisCI,2017-02-25 03:33:12+00:00,,0.3464566929133858,0.0326310380267214,0.0547276464542651,3892,0.0,36.69144981412639,low,high,TravisCI,Java,10,open_issue_ratio=low | project_age_days=high | ci_type=TravisCI | mainLanguage=Java,JTAi
activeloopai/deeplake,main,68484.0,239.0,9214.0,93.0,8549.0,148.0,2019-08-09 06:17:59+00:00,469.0,51.0,Python,2025-04-23T08:05:29,2534.0,GitHubActions,2021-05-01 20:30:46+00:00,62.25675675675676,0.1087420042643923,0.2089086859688196,4.104231625835189,2245,73.2,17.22941411984519,low,low,GitHubActions,Python,13,open_issue_ratio=low | project_age_days=low | ci_type=GitHubActions | mainLanguage=Python,PGai
marklogic/ml-gradle,master,5838.0,82.0,2435.0,31.0,73.0,,2015-02-15 08:09:50+00:00,564.0,15.0,Java,2024-09-20T12:50:36,128.0,TravisCI,2017-09-22 16:51:05+00:00,,0.026595744680851,0.1453233702653955,0.6274156145323371,3881,0.0,19.40393353032758,low,high,TravisCI,Java,10,open_issue_ratio=low | project_age_days=high | ci_type=TravisCI | mainLanguage=Java,JTAi
konsoletyper/teavm,master,128101.0,15.0,3431.0,98.0,2800.0,81.0,2013-09-23 08:04:15+00:00,622.0,164.0,Java,2025-04-26T06:40:40,347.0,TravisCI,2015-10-10 05:21:08+00:00,42.358024691358025,0.2636655948553054,0.1416533819175586,0.7813709861079481,4391,165.59,26.531789453707333,low,high,TravisCI,Java,10,open_issue_ratio=low | project_age_days=high | ci_type=TravisCI | mainLanguage=Java,JTAi
patzly/grocy-android,master,58511.0,51.0,5018.0,22.0,976.0,30.0,2020-04-06 08:01:15+00:00,684.0,116.0,Java,2025-04-17T07:56:25,237.0,GitHubActions,2022-10-11 23:37:57+00:00,167.26666666666668,0.1695906432748538,0.3413173652694611,2.503992015968064,2004,69.08,0.0,low,low,GitHubActions,Java,12,open_issue_ratio=low | project_age_days=low | ci_type=GitHubActions | mainLanguage=Java,JGai
uf-mil/mil,master,662566.0,18.0,7863.0,9.0,47.0,135.0,2019-07-09 02:45:40+00:00,728.0,183.0,Python,2025-01-08T02:54:02,592.0,GitHubActions,2022-03-25 01:42:51+00:00,58.24444444444445,0.2513736263736263,0.3198594024604569,3.454745166959578,2276,223.23,1.8977912251072755,low,low,GitHubActions,Python,13,open_issue_ratio=low | project_age_days=low | ci_type=GitHubActions | mainLanguage=Python,PGai
fescobar/allure-docker-service,master,25498.0,16.0,189.0,21.0,631.0,11.0,2018-07-24 09:40:35+00:00,157.0,15.0,Python,2024-03-15T08:43:43,105.0,TravisCI,2019-08-17 17:34:16+00:00,17.181818181818183,0.0955414012738853,0.0597867479055597,0.0719725818735719,2626,68.06,0.0,low,low,TravisCI,Python,15,open_issue_ratio=low | project_age_days=low | ci_type=TravisCI | mainLanguage=Python,PTai
gocd/kubernetes-elastic-agents,master,4146.0,322.0,661.0,11.0,34.0,21.0,2017-10-25 10:50:05+00:00,69.0,9.0,Java,2025-04-05T08:44:01,395.0,GitHubActions,2020-11-04 08:11:33+00:00,31.476190476190474,0.1304347826086956,0.0238095238095238,0.2280883367839889,2898,378.59,54.42988714489557,low,low,GitHubActions,Java,12,open_issue_ratio=low | project_age_days=low | ci_type=GitHubActions | mainLanguage=Java,JGai
alessandroz/lazagne,master,3690.0,22.0,883.0,409.0,9956.0,48.0,2015-02-16 14:10:02+00:00,485.0,11.0,Python,2025-04-10T02:11:08,133.0,TravisCI,2019-02-15 17:00:39+00:00,18.39583333333333,0.022680412371134,0.125,0.2275773195876288,3880,262.64,0.9900416859657248,low,high,TravisCI,Python,11,open_issue_ratio=low | project_age_days=high | ci_type=TravisCI | mainLanguage=Python,PTAi
alibaba/easyexcel,master,26334.0,14.0,1196.0,592.0,32221.0,79.0,2018-02-06 03:14:08+00:00,3530.0,432.0,Java,2024-10-29T06:07:06,458.0,TravisCI,2019-07-04 11:12:38+00:00,15.139240506329116,0.1223796033994334,1.2634216177523263,0.4280601288475304,2794,73.73,52.588964414234304,low,low,TravisCI,Java,14,open_issue_ratio=low | project_age_days=low | ci_type=TravisCI | mainLanguage=Java,JTai
ceskaexpedice/kramerius,master,114749.0,68.0,6473.0,41.0,45.0,49.0,2013-11-14 03:10:28+00:00,1037.0,89.0,Java,2025-04-23T07:34:14,105.0,TravisCI,2015-03-16 17:18:16+00:00,132.10204081632654,0.085824493731919,0.2389951601751555,1.4918183913344087,4339,416.95,9.046974491935792,low,high,TravisCI,Java,10,open_issue_ratio=low | project_age_days=high | ci_type=TravisCI | mainLanguage=Java,JTAi
systemrdl/peakrdl-regblock,main,942.0,23.0,206.0,16.0,60.0,9.0,2020-11-11 04:39:32+00:00,116.0,14.0,Python,2025-04-12T05:30:22,21.0,GitHubActions,2022-02-26 07:05:16+00:00,22.88888888888889,0.1206896551724138,0.0649859943977591,0.115406162464986,1785,71.31,11.323098766527645,low,low,GitHubActions,Python,13,open_issue_ratio=low | project_age_days=low | ci_type=GitHubActions | mainLanguage=Python,PGai
digitalmethodsinitiative/4cat,master,67635.0,27.0,4119.0,13.0,299.0,20.0,2018-09-25 11:52:37+00:00,352.0,65.0,Python,2025-04-25T11:14:50,119.0,GitHubActions,2020-06-05 13:34:25+00:00,205.95,0.1846590909090909,0.1373390557939914,1.6071010534529848,2563,160.18,0.0020963688425331,low,low,GitHubActions,Python,13,open_issue_ratio=low | project_age_days=low | ci_type=GitHubActions | mainLanguage=Python,PGai
mollie/mollie-api-python,master,1609.0,69.0,1175.0,38.0,118.0,46.0,2014-05-20 11:42:28+00:00,125.0,10.0,Python,2025-03-28T12:43:23,251.0,TravisCI,2018-01-30 10:50:06+00:00,25.543478260869566,0.08,0.0301059730250481,0.2829961464354528,4152,75.0,31.026006977481764,low,high,TravisCI,Python,11,open_issue_ratio=low | project_age_days=high | ci_type=TravisCI | mainLanguage=Python,PTAi
codenameone/codenameone,master,223859.0,126.0,7912.0,103.0,1758.0,74.0,2015-03-27 07:37:42+00:00,3514.0,612.0,Java,2025-04-12T02:38:34,381.0,TravisCI,2016-06-12 19:28:06+00:00,106.91891891891892,0.1741605008537279,0.9148659203332464,2.059880239520958,3841,86.33,4.034219723125575,low,high,TravisCI,Java,10,open_issue_ratio=low | project_age_days=high | ci_type=TravisCI | mainLanguage=Java,JTAi
lorenzo0111/qualityarmory,master,14528.0,105.0,444.0,5.0,101.0,14.0,2017-11-02 01:35:46+00:00,412.0,46.0,Java,2025-04-26T11:10:12,205.0,GitHubActions,2021-09-11 08:56:56+00:00,31.714285714285715,0.1116504854368932,0.1425605536332179,0.1536332179930795,2890,198.52,0.0,low,low,GitHubActions,Java,12,open_issue_ratio=low | project_age_days=low | ci_type=GitHubActions | mainLanguage=Java,JGai
internetarchive/heritrix3,master,11513.0,18.0,2688.0,187.0,2954.0,63.0,2011-10-21 10:00:17+00:00,163.0,34.0,Java,2025-04-24T02:02:17,432.0,TravisCI,2016-04-14 11:07:11+00:00,42.66666666666666,0.2085889570552147,0.0319984295249312,0.5276796230859835,5094,280.12,20.226356659759062,low,high,TravisCI,Java,10,open_issue_ratio=low | project_age_days=high | ci_type=TravisCI | mainLanguage=Java,JTAi
unleash/unleash-client-python,main,7029.0,53.0,300.0,6.0,87.0,46.0,2018-10-26 11:47:02+00:00,81.0,5.0,Python,2025-03-05T09:36:12,262.0,GitHubActions,2020-01-07 14:06:10+00:00,6.521739130434782,0.0617283950617283,0.0319905213270142,0.1184834123222748,2532,103.49,67.06266014442114,low,low,GitHubActions,Python,13,open_issue_ratio=low | project_age_days=low | ci_type=GitHubActions | mainLanguage=Python,PGai
jenkinsci/idea-stapler-plugin,master,1540.0,18.0,374.0,8.0,10.0,17.0,2011-03-30 10:35:09+00:00,70.0,27.0,Java,2025-02-05T07:16:07,135.0,GitHubActions,2020-10-21 05:42:03+00:00,22.0,0.3857142857142857,0.0132100396301188,0.0705793545952066,5299,306.08,1.4263300527742118,high,high,GitHubActions,Java,0,open_issue_ratio=high | project_age_days=high | ci_type=GitHubActions | mainLanguage=Java,JGAI
beaufour/flickr-download,master,510.0,23.0,376.0,5.0,237.0,14.0,2012-12-24 11:59:28+00:00,53.0,9.0,Python,2025-04-21T10:36:45,80.0,TravisCI,2014-11-22 18:16:31+00:00,26.857142857142858,0.1698113207547169,0.0113636363636363,0.0806174957118353,4664,242.76,15.107212475633528,low,high,TravisCI,Python,11,open_issue_ratio=low | project_age_days=high | ci_type=TravisCI | mainLanguage=Python,PTAi
deltachat/deltachat-android,main,175553.0,19.0,6524.0,51.0,1221.0,74.0,2016-07-03 07:32:36+00:00,1693.0,19.0,Java,2025-04-24T12:46:41,1942.0,GitHubActions,2021-01-22 21:02:04+00:00,88.16216216216216,0.0112226816302421,0.5013325436778205,1.9318922120225053,3377,84.31,0.6451149812028388,low,low,GitHubActions,Java,12,open_issue_ratio=low | project_age_days=low | ci_type=GitHubActions | mainLanguage=Java,JGai
keras-team/keras-cv,master,26347.0,46.0,1217.0,30.0,1017.0,106.0,2020-05-18 10:39:21+00:00,1002.0,162.0,Python,2024-11-02T12:11:23,1441.0,GitHubActions,2021-11-09 20:11:25+00:00,11.4811320754717,0.1616766467065868,0.5107033639143731,0.6202854230377166,1962,164.19,51.31010184746566,low,low,GitHubActions,Python,13,open_issue_ratio=low | project_age_days=low | ci_type=GitHubActions | mainLanguage=Python,PGai
digitalocean/pydo,main,7758.0,15.0,341.0,13.0,107.0,21.0,2021-04-27 11:04:08+00:00,41.0,8.0,Python,2025-04-25T03:53:59,404.0,GitHubActions,2022-05-20 01:02:43+00:00,16.238095238095237,0.1951219512195122,0.0253399258343634,0.2107540173053152,1618,93.73,15.933232169954476,low,low,GitHubActions,Python,13,open_issue_ratio=low | project_age_days=low | ci_type=GitHubActions | mainLanguage=Python,PGai
batfish/batfish,master,333899.0,81.0,12717.0,54.0,1232.0,72.0,2014-12-03 09:10:18+00:00,883.0,274.0,Java,2025-04-25T03:54:49,8519.0,TravisCI,2016-11-08 19:57:05+00:00,176.625,0.3103057757644394,0.2232616940581542,3.215423514538559,3955,110.17,34.73217347888674,low,high,TravisCI,Java,10,open_issue_ratio=low | project_age_days=high | ci_type=TravisCI | mainLanguage=Java,JTAi
dcache/dcache,master,418708.0,54.0,13320.0,30.0,297.0,116.0,2013-03-30 08:58:49+00:00,973.0,364.0,Java,2025-04-16T02:07:56,6805.0,GitHubActions,2023-08-04 09:49:46+00:00,114.82758620689656,0.3741007194244604,0.2130035026269702,2.915936952714536,4568,179.78,19.72376176651711,high,high,GitHubActions,Java,0,open_issue_ratio=high | project_age_days=high | ci_type=GitHubActions | mainLanguage=Java,JGAI
dotcms/core,main,1081691.0,331.0,26795.0,86.0,899.0,134.0,2012-03-15 03:24:14+00:00,18024.0,1031.0,Java,2025-04-25T12:21:49,13923.0,TravisCI,2017-07-06 20:28:15+00:00,199.96268656716416,0.0572015090989791,3.642683912691997,5.415319320937753,4948,77.94,9.98910483475096,low,high,TravisCI,Java,10,open_issue_ratio=low | project_age_days=high | ci_type=TravisCI | mainLanguage=Java,JTAi
facebookresearch/pytorch3d,main,52174.0,19.0,1209.0,150.0,9152.0,159.0,2019-10-25 02:23:45+00:00,1646.0,264.0,Python,2025-03-28T03:16:54,186.0,GitHubActions,2021-06-22 23:30:00+00:00,7.60377358490566,0.1603888213851761,0.7592250922509225,0.5576568265682657,2168,42.57,48.858346930399705,low,low,GitHubActions,Python,13,open_issue_ratio=low | project_age_days=low | ci_type=GitHubActions | mainLanguage=Python,PGai
supermihi/pytaglib,main,968.0,13.0,326.0,9.0,191.0,8.0,2011-08-26 09:57:43+00:00,93.0,9.0,Python,2025-04-01T07:44:52,64.0,TravisCI,2012-12-27 17:51:22+00:00,40.75,0.0967741935483871,0.0180582524271844,0.0633009708737864,5150,134.26,25.01667778519013,low,high,TravisCI,Python,11,open_issue_ratio=low | project_age_days=high | ci_type=TravisCI | mainLanguage=Python,PTAi
siddhi-io/siddhi,master,35228.0,35.0,6119.0,121.0,1537.0,,2014-04-21 09:51:36+00:00,484.0,115.0,Java,2025-03-05T05:41:39,1364.0,TravisCI,2019-02-12 09:06:57+00:00,,0.2376033057851239,0.1157617794785936,1.46352547237503,4181,0.0,40.07961404495597,low,high,TravisCI,Java,10,open_issue_ratio=low | project_age_days=high | ci_type=TravisCI | mainLanguage=Java,JTAi
home-assistant-libs/pychromecast,master,1269.0,104.0,966.0,89.0,2589.0,87.0,2013-10-02 07:58:34+00:00,356.0,144.0,Python,2025-04-24T11:26:32,701.0,TravisCI,2014-11-17 04:26:10+00:00,11.10344827586207,0.4044943820224719,0.0812414422638064,0.2204472843450479,4382,93.85,0.0,high,high,TravisCI,Python,3,open_issue_ratio=high | project_age_days=high | ci_type=TravisCI | mainLanguage=Python,PTAI
telefonicaid/perseo-core,master,636.0,18.0,589.0,18.0,11.0,27.0,2015-01-20 10:07:16+00:00,43.0,11.0,Java,2025-04-10T01:37:15,193.0,TravisCI,2018-05-22 18:31:34+00:00,21.814814814814813,0.2558139534883721,0.011005886869721,0.1507550550294343,3907,71.8,53.536977491961416,low,high,TravisCI,Java,10,open_issue_ratio=low | project_age_days=high | ci_type=TravisCI | mainLanguage=Java,JTAi
cekit/cekit,develop,3299.0,74.0,1235.0,12.0,107.0,24.0,2017-08-31 01:47:13+00:00,445.0,29.0,Python,2025-02-20T10:17:30,482.0,TravisCI,2019-06-10 08:17:08+00:00,51.458333333333336,0.0651685393258427,0.1506942092786996,0.4182187605824585,2953,156.04,74.53377794244783,low,low,TravisCI,Python,15,open_issue_ratio=low | project_age_days=low | ci_type=TravisCI | mainLanguage=Python,PTai
jldbc/pybaseball,master,7452.0,16.0,273.0,71.0,1249.0,47.0,2017-06-20 12:50:19+00:00,218.0,77.0,Python,2024-09-24T06:57:45,236.0,GitHubActions,2020-08-28 10:45:32+00:00,5.808510638297872,0.3532110091743119,0.0720661157024793,0.0902479338842975,3025,81.93,7.427443655394808,high,low,GitHubActions,Python,5,open_issue_ratio=high | project_age_days=low | ci_type=GitHubActions | mainLanguage=Python,PGaI
jenkinsci/docker-plugin,master,2664.0,21.0,1278.0,44.0,493.0,122.0,2014-01-10 02:05:42+00:00,627.0,62.0,Java,2025-04-04T05:48:50,518.0,GitHubActions,2023-01-14 01:12:10+00:00,10.475409836065571,0.098883572567783,0.1464269033162074,0.2984586641756189,4282,209.42,32.85923847184132,low,high,GitHubActions,Java,8,open_issue_ratio=low | project_age_days=high | ci_type=GitHubActions | mainLanguage=Java,JGAi
amitdev/pmd-intellij,master,491.0,22.0,281.0,7.0,71.0,22.0,2011-12-08 12:45:36+00:00,161.0,32.0,Java,2025-04-15T04:26:19,59.0,GitHubActions,2021-09-04 07:29:31+00:00,12.772727272727272,0.1987577639751552,0.031906460562822,0.0556876734046769,5046,161.85,0.0,low,high,GitHubActions,Java,8,open_issue_ratio=low | project_age_days=high | ci_type=GitHubActions | mainLanguage=Java,JGAi
phax/jcodemodel,master,12771.0,18.0,860.0,14.0,93.0,,2013-09-11 05:35:08+00:00,63.0,9.0,Java,2025-01-21T10:13:37,35.0,TravisCI,2015-10-11 10:46:36+00:00,,0.1428571428571428,0.0143084260731319,0.19532137179196,4403,0.0,29.091709302965285,low,high,TravisCI,Java,10,open_issue_ratio=low | project_age_days=high | ci_type=TravisCI | mainLanguage=Java,JTAi
dagere/peass,main,15263.0,16.0,2965.0,6.0,11.0,14.0,2014-12-17 01:55:47+00:00,34.0,6.0,Java,2024-12-22T12:13:46,161.0,TravisCI,2018-01-31 15:57:12+00:00,211.78571428571428,0.1764705882352941,0.0086272519665059,0.7523471200202995,3941,31.87,4.027602199801921,low,high,TravisCI,Java,10,open_issue_ratio=low | project_age_days=high | ci_type=TravisCI | mainLanguage=Java,JTAi
hazelcast/hazelcast-python-client,master,4683.0,23.0,674.0,53.0,110.0,42.0,2015-12-03 09:14:23+00:00,227.0,56.0,Python,2025-02-20T10:36:39,495.0,GitHubActions,2021-04-28 20:12:57+00:00,16.047619047619047,0.2466960352422907,0.0632311977715877,0.1877437325905292,3590,138.31,52.05674010687592,low,high,GitHubActions,Python,9,open_issue_ratio=low | project_age_days=high | ci_type=GitHubActions | mainLanguage=Python,PGAi
aeron-io/simple-binary-encoding,master,27419.0,93.0,3840.0,209.0,3222.0,121.0,2013-09-03 09:13:34+00:00,687.0,36.0,Java,2025-04-14T08:19:50,380.0,TravisCI,2018-09-13 20:49:57+00:00,31.73553719008265,0.0524017467248908,0.1557469961459986,0.8705508954885514,4411,87.74,16.48401323042999,low,high,TravisCI,Java,10,open_issue_ratio=low | project_age_days=high | ci_type=TravisCI | mainLanguage=Java,JTAi
ihabunek/twitch-dl,master,806.0,62.0,460.0,15.0,693.0,16.0,2018-01-25 10:09:08+00:00,151.0,24.0,Python,2025-04-12T09:24:02,28.0,GitHubActions,2024-04-24 06:10:08+00:00,28.75,0.1589403973509933,0.0538132573057733,0.1639344262295081,2806,137.74,8.483470351582998,low,low,GitHubActions,Python,13,open_issue_ratio=low | project_age_days=low | ci_type=GitHubActions | mainLanguage=Python,PGai
biosystemsum/deepmol,master,173691.0,23.0,1663.0,7.0,145.0,8.0,2020-09-08 02:47:20+00:00,59.0,16.0,Python,2025-04-24T03:54:22,56.0,GitHubActions,2022-10-10 09:25:13+00:00,207.875,0.2711864406779661,0.0319091400757166,0.8994050838290968,1849,82.95,6.715621845057814,low,low,GitHubActions,Python,13,open_issue_ratio=low | project_age_days=low | ci_type=GitHubActions | mainLanguage=Python,PGai
siku2/hass-dingz,main,133.0,16.0,81.0,10.0,13.0,4.0,2020-11-15 07:57:10+00:00,22.0,1.0,Python,2024-07-20T10:48:20,46.0,GitHubActions,2023-08-14 21:07:27+00:00,20.25,0.0454545454545454,0.0123526108927568,0.0454800673778775,1781,184.49,0.0,low,low,GitHubActions,Python,13,open_issue_ratio=low | project_age_days=low | ci_type=GitHubActions | mainLanguage=Python,PGai
xuexiangjys/xupdate,master,41645.0,33.0,251.0,37.0,2243.0,2.0,2018-06-29 01:39:08+00:00,153.0,2.0,Java,2024-03-24T03:26:07,2.0,GitHubActions,2020-09-04 12:01:02+00:00,125.5,0.0130718954248366,0.0577140701622029,0.0946812523576009,2651,9.04,1.4712199312714775,low,low,GitHubActions,Java,12,open_issue_ratio=low | project_age_days=low | ci_type=GitHubActions | mainLanguage=Java,JGai
awslabs/amazon-kinesis-client,master,4700.0,120.0,613.0,78.0,648.0,107.0,2013-11-07 07:02:44+00:00,511.0,214.0,Java,2025-04-17T05:16:12,950.0,TravisCI,2016-07-20 20:14:25+00:00,5.728971962616822,0.4187866927592955,0.1175793833410032,0.141049240681086,4346,490.57,72.98255771875226,high,high,TravisCI,Java,2,open_issue_ratio=high | project_age_days=high | ci_type=TravisCI | mainLanguage=Java,JTAI
piccolo-orm/piccolo_admin,master,9679.0,60.0,733.0,6.0,344.0,18.0,2019-06-25 07:24:31+00:00,173.0,43.0,Python,2025-04-09T05:31:59,241.0,GitHubActions,2021-03-23 23:08:53+00:00,40.72222222222222,0.2485549132947976,0.0755458515283842,0.3200873362445415,2290,47.6,10.180549233803672,low,low,GitHubActions,Python,13,open_issue_ratio=low | project_age_days=low | ci_type=GitHubActions | mainLanguage=Python,PGai
xlwings/xlwings,main,55688.0,187.0,2841.0,120.0,3125.0,64.0,2014-03-17 01:03:20+00:00,1946.0,367.0,Python,2025-04-17T12:27:19,645.0,GitHubActions,2020-01-31 14:25:54+00:00,44.390625,0.1885919835560123,0.4615749525616698,0.6738614800759013,4216,225.33,5.830576406464598,low,high,GitHubActions,Python,9,open_issue_ratio=low | project_age_days=high | ci_type=GitHubActions | mainLanguage=Python,PGAi
ehrbase/ehrbase,develop,87050.0,56.0,4253.0,23.0,300.0,61.0,2019-10-08 08:54:57+00:00,381.0,47.0,Java,2025-04-14T05:56:20,1086.0,GitHubActions,2021-09-06 09:28:18+00:00,69.72131147540983,0.1233595800524934,0.174370709382151,1.9464530892448515,2185,126.83,4.450895798080525,low,low,GitHubActions,Java,12,open_issue_ratio=low | project_age_days=low | ci_type=GitHubActions | mainLanguage=Java,JGai
google/grr,master,170363.0,30.0,1449.0,312.0,4878.0,54.0,2013-12-04 12:17:53+00:00,678.0,134.0,Python,2025-04-17T01:15:04,451.0,TravisCI,2014-12-30 09:00:27+00:00,26.83333333333333,0.1976401179941003,0.1569807825885621,0.3354943273905997,4319,137.2,33.50396945902564,low,high,TravisCI,Python,11,open_issue_ratio=low | project_age_days=high | ci_type=TravisCI | mainLanguage=Python,PTAi
ftsrg/theta,master,507018.0,139.0,6118.0,18.0,52.0,42.0,2015-07-20 03:34:13+00:00,150.0,34.0,Java,2025-04-25T03:46:39,212.0,TravisCI,2016-09-05 14:36:45+00:00,145.66666666666666,0.2266666666666666,0.0402576489533011,1.6419753086419753,3726,346.52,9.08441952171875,low,high,TravisCI,Java,10,open_issue_ratio=low | project_age_days=high | ci_type=TravisCI | mainLanguage=Java,JTAi
drivendataorg/zamba,master,87396.0,19.0,266.0,15.0,128.0,19.0,2018-03-06 11:18:46+00:00,196.0,51.0,Python,2025-04-26T02:55:36,186.0,GitHubActions,2020-08-08 19:13:58+00:00,14.0,0.2602040816326531,0.0708604483007953,0.0961677512653651,2766,283.3,29.619866814650383,low,low,GitHubActions,Python,13,open_issue_ratio=low | project_age_days=low | ci_type=GitHubActions | mainLanguage=Python,PGai
mozilla/pontoon,main,47378.0,29.0,6208.0,44.0,1543.0,129.0,2011-02-19 11:25:51+00:00,916.0,339.0,Python,2025-04-25T04:34:23,2688.0,TravisCI,2015-08-25 21:41:28+00:00,48.12403100775194,0.3700873362445415,0.1715998501311352,1.162982390408393,5338,372.72,13.357583894713011,high,high,TravisCI,Python,3,open_issue_ratio=high | project_age_days=high | ci_type=TravisCI | mainLanguage=Python,PTAI
alerta/python-alerta-client,master,958.0,27.0,625.0,11.0,30.0,12.0,2014-03-14 21:45:39+00:00,58.0,7.0,Python,2024-08-25T07:35:55,338.0,TravisCI,2015-06-12 12:16:02+00:00,52.083333333333336,0.1206896551724138,0.0137473334913486,0.1481393695188433,4219,42.68,27.81937295273748,low,high,TravisCI,Python,11,open_issue_ratio=low | project_age_days=high | ci_type=TravisCI | mainLanguage=Python,PTAi
gocd-contrib/gocd-groovy-dsl-config-plugin,master,3279.0,356.0,841.0,8.0,10.0,13.0,2018-02-13 04:24:13+00:00,19.0,1.0,Java,2025-04-24T02:17:38,528.0,GitHubActions,2024-02-03 06:43:59+00:00,64.6923076923077,0.0526315789473684,0.0068173663437387,0.3017581628991747,2787,171.91,8.669683257918551,low,low,GitHubActions,Java,12,open_issue_ratio=low | project_age_days=low | ci_type=GitHubActions | mainLanguage=Java,JGai
making/yavi,develop,2858.0,65.0,906.0,23.0,803.0,16.0,2018-08-21 10:39:38+00:00,124.0,15.0,Java,2025-04-25T09:23:00,331.0,GitHubActions,2020-01-10 04:22:09+00:00,56.625,0.1209677419354838,0.0477290223248652,0.348729792147806,2598,89.66,37.327527818093856,low,low,GitHubActions,Java,12,open_issue_ratio=low | project_age_days=low | ci_type=GitHubActions | mainLanguage=Java,JGai
paxapos/fiscalberry,main,9902.0,22.0,792.0,13.0,57.0,23.0,2015-03-10 01:23:43+00:00,85.0,16.0,Python,2025-01-15T09:52:09,42.0,GitHubActions,2024-08-18 23:42:02+00:00,34.43478260869565,0.188235294117647,0.0220321410057024,0.2052877138413686,3858,216.54,1.871502990546016,low,high,GitHubActions,Python,9,open_issue_ratio=low | project_age_days=high | ci_type=GitHubActions | mainLanguage=Python,PGAi
wisdem/landbosse,master,19740.0,13.0,658.0,18.0,16.0,16.0,2014-10-06 08:54:57+00:00,98.0,21.0,Python,2025-02-20T06:39:25,101.0,TravisCI,2020-04-23 03:45:46+00:00,41.125,0.2142857142857142,0.0244206329429354,0.1639671069025666,4013,65.76,17.99163179916318,low,high,TravisCI,Python,11,open_issue_ratio=low | project_age_days=high | ci_type=TravisCI | mainLanguage=Python,PTAi
xx-net/xx-net,master,60574.0,388.0,2587.0,1633.0,33208.0,97.0,2015-01-15 09:35:51+00:00,13323.0,7907.0,Python,2025-04-08T10:17:05,486.0,GitHubActions,2020-05-25 08:30:09+00:00,26.670103092783503,0.5934849508368986,3.4056748466257667,0.6612985685071575,3912,106.01,8.269129577708142,high,high,GitHubActions,Python,1,open_issue_ratio=high | project_age_days=high | ci_type=GitHubActions | mainLanguage=Python,PGAI
ipa320/rostooling,main,49321.0,15.0,750.0,7.0,33.0,12.0,2017-09-28 09:44:22+00:00,41.0,3.0,Java,2024-08-01T07:51:21,180.0,TravisCI,2019-07-18 12:23:00+00:00,62.5,0.073170731707317,0.014017094017094,0.2564102564102564,2925,372.99,2.030011542901116,low,low,TravisCI,Java,14,open_issue_ratio=low | project_age_days=low | ci_type=TravisCI | mainLanguage=Java,JTai
cherrypy/cheroot,main,33168.0,68.0,8017.0,15.0,190.0,170.0,2014-02-07 04:38:27+00:00,214.0,68.0,Python,2025-04-25T11:51:08,509.0,TravisCI,2015-12-20 03:29:56+00:00,47.15882352941176,0.3177570093457944,0.0503055947343676,1.884579219558063,4254,143.1,26.8699276157052,low,high,TravisCI,Python,11,open_issue_ratio=low | project_age_days=high | ci_type=TravisCI | mainLanguage=Python,PTAi
lsposed/corepatch,main,650.0,16.0,202.0,43.0,2069.0,25.0,2017-11-17 03:59:44+00:00,64.0,4.0,Java,2024-11-24T04:31:58,55.0,GitHubActions,2020-12-15 04:40:39+00:00,8.08,0.0625,0.0222608695652173,0.0702608695652173,2875,55.29,0.0,low,low,GitHubActions,Java,12,open_issue_ratio=low | project_age_days=low | ci_type=GitHubActions | mainLanguage=Java,JGai
sec-edgar/sec-edgar,master,14927.0,21.0,762.0,37.0,1172.0,27.0,2013-11-27 09:27:22+00:00,146.0,17.0,Python,2025-04-12T01:40:26,144.0,TravisCI,2019-04-16 18:03:30+00:00,28.22222222222222,0.1164383561643835,0.0337494220989366,0.1761442441054091,4326,188.54,33.47025711242964,low,high,TravisCI,Python,11,open_issue_ratio=low | project_age_days=high | ci_type=TravisCI | mainLanguage=Python,PTAi
glotzerlab/signac,main,7537.0,15.0,2591.0,12.0,132.0,42.0,2019-01-30 11:37:23+00:00,262.0,9.0,Python,2025-04-25T10:52:40,760.0,GitHubActions,2021-02-01 19:13:40+00:00,61.69047619047619,0.0343511450381679,0.1075533661740558,1.0636288998357963,2436,119.26,59.83755606740211,low,low,GitHubActions,Python,13,open_issue_ratio=low | project_age_days=low | ci_type=GitHubActions | mainLanguage=Python,PGai
venafi/vcert-java,master,863.0,26.0,282.0,13.0,10.0,23.0,2019-03-27 01:19:32+00:00,37.0,7.0,Java,2025-04-24T08:46:12,88.0,GitHubActions,2022-01-14 00:22:39+00:00,12.26086956521739,0.1891891891891892,0.0155462184873949,0.1184873949579831,2380,55.39,47.96429797459664,low,low,GitHubActions,Java,12,open_issue_ratio=low | project_age_days=low | ci_type=GitHubActions | mainLanguage=Java,JGai
reservoirpy/reservoirpy,master,107500.0,27.0,751.0,18.0,514.0,26.0,2018-05-17 08:20:01+00:00,111.0,11.0,Python,2025-04-03T01:32:40,70.0,TravisCI,2020-11-23 14:22:25+00:00,28.884615384615383,0.0990990990990991,0.0412026726057906,0.2787676317743133,2694,100.53,33.90884394808331,low,low,TravisCI,Python,15,open_issue_ratio=low | project_age_days=low | ci_type=TravisCI | mainLanguage=Python,PTai
bndtools/bnd,master,761903.0,29.0,17454.0,41.0,537.0,146.0,2010-04-12 05:30:15+00:00,2276.0,13.0,Java,2025-04-25T10:59:14,4292.0,TravisCI,2014-05-23 16:18:02+00:00,119.54794520547944,0.0057117750439367,0.4027605733498496,3.0886568748894003,5651,123.83,6.388741422363791,low,high,TravisCI,Java,10,open_issue_ratio=low | project_age_days=high | ci_type=TravisCI | mainLanguage=Java,JTAi
dajudge/kindcontainer,master,671.0,24.0,302.0,6.0,112.0,12.0,2020-01-09 08:51:24+00:00,29.0,6.0,Java,2025-02-25T08:37:15,335.0,GitHubActions,2021-07-09 06:39:27+00:00,25.166666666666668,0.2068965517241379,0.0138623326959847,0.144359464627151,2092,76.37,30.908616868726373,low,low,GitHubActions,Java,12,open_issue_ratio=low | project_age_days=low | ci_type=GitHubActions | mainLanguage=Java,JGai
noorts/toggler,master,7364.0,25.0,247.0,0.0,17.0,2.0,2021-01-20 01:54:07+00:00,23.0,9.0,Java,2025-02-09T08:04:46,76.0,GitHubActions,2022-07-17 14:07:45+00:00,123.5,0.391304347826087,0.0134110787172011,0.1440233236151603,1715,18.93,41.47143444307439,high,low,GitHubActions,Java,4,open_issue_ratio=high | project_age_days=low | ci_type=GitHubActions | mainLanguage=Java,JGaI
gbif/ipt,master,186488.0,36.0,9112.0,35.0,127.0,99.0,2015-05-07 07:44:39+00:00,2342.0,211.0,Java,2025-04-25T10:35:18,376.0,GitHubActions,2023-10-26 11:00:39+00:00,92.04040404040404,0.0900939368061485,0.6163157894736843,2.397894736842105,3800,84.06,10.010170246312532,low,high,GitHubActions,Java,8,open_issue_ratio=low | project_age_days=high | ci_type=GitHubActions | mainLanguage=Java,JGAi
econ-ark/hark,master,176415.0,24.0,4537.0,31.0,345.0,75.0,2016-01-26 06:04:38+00:00,617.0,134.0,Python,2025-04-19T02:42:02,901.0,TravisCI,2018-11-05 12:22:19+00:00,60.49333333333333,0.2171799027552674,0.1744909502262443,1.2830882352941178,3536,378.75,8.549865831842576,low,high,TravisCI,Python,11,open_issue_ratio=low | project_age_days=high | ci_type=TravisCI | mainLanguage=Python,PTAi
catch-up-tv-and-more/plugin.video.catchuptvandmore,dev,53857.0,59.0,3380.0,22.0,301.0,69.0,2017-02-14 06:29:55+00:00,916.0,78.0,Python,2025-04-26T04:06:45,553.0,TravisCI,2019-04-08 20:55:23+00:00,48.98550724637681,0.0851528384279476,0.2907013646461441,1.072675341161536,3151,49.24,0.0,low,low,TravisCI,Python,15,open_issue_ratio=low | project_age_days=low | ci_type=TravisCI | mainLanguage=Python,PTai
pdreker/fritz_exporter,main,1446.0,32.0,605.0,5.0,167.0,20.0,2019-05-07 01:46:58+00:00,50.0,6.0,Python,2025-04-21T06:17:52,410.0,GitHubActions,2021-01-30 09:09:28+00:00,30.25,0.12,0.0213766566908935,0.2586575459598119,2339,69.83,45.039719194531685,low,low,GitHubActions,Python,13,open_issue_ratio=low | project_age_days=low | ci_type=GitHubActions | mainLanguage=Python,PGai
sekwah41/advanced-portals,main,9588.0,86.0,1044.0,10.0,162.0,34.0,2013-10-07 04:19:26+00:00,329.0,27.0,Java,2025-04-13T12:54:04,219.0,TravisCI,2017-07-14 11:05:47+00:00,30.705882352941178,0.0820668693009118,0.0751656385652273,0.2385195339273475,4377,182.0,0.0,low,high,TravisCI,Java,10,open_issue_ratio=low | project_age_days=high | ci_type=TravisCI | mainLanguage=Java,JTAi
angryip/ipscan,master,117513.0,30.0,1787.0,213.0,4185.0,40.0,2011-06-28 08:58:48+00:00,387.0,156.0,Java,2024-11-23T07:03:42,69.0,TravisCI,2015-08-26 15:09:17+00:00,44.675,0.4031007751937984,0.0742944903052409,0.3430600883086965,5209,222.33,8.35842718142417,high,high,TravisCI,Java,2,open_issue_ratio=high | project_age_days=high | ci_type=TravisCI | mainLanguage=Java,JTAI
ibm/ibm-block-csi-driver,release-1.12.3,8180.0,23.0,1244.0,14.0,34.0,41.0,2019-02-10 07:06:29+00:00,32.0,6.0,Python,2025-04-21T11:28:13,751.0,GitHubActions,2022-03-10 09:05:44+00:00,30.341463414634145,0.1875,0.0131958762886597,0.5129896907216495,2425,142.95,37.54499640028798,low,low,GitHubActions,Python,13,open_issue_ratio=low | project_age_days=low | ci_type=GitHubActions | mainLanguage=Python,PGai
oddlama/vane,main,64841.0,53.0,1188.0,5.0,308.0,25.0,2020-08-08 18:39:04+00:00,228.0,49.0,Java,2025-04-23T07:56:54,76.0,GitHubActions,2022-08-26 22:51:18+00:00,47.52,0.2149122807017544,0.1212765957446808,0.6319148936170212,1880,77.63,0.0,low,low,GitHubActions,Java,12,open_issue_ratio=low | project_age_days=low | ci_type=GitHubActions | mainLanguage=Java,JGai
oracle/microservices-datadriven,main,452151.0,49.0,593.0,11.0,73.0,21.0,2021-03-12 03:46:56+00:00,305.0,2.0,Java,2025-04-23T05:40:00,749.0,GitHubActions,2023-11-30 14:25:24+00:00,28.23809523809524,0.0065573770491803,0.1832932692307692,0.3563701923076923,1664,443.71,0.8036805821801373,low,low,GitHubActions,Java,12,open_issue_ratio=low | project_age_days=low | ci_type=GitHubActions | mainLanguage=Java,JGai
freedomofpress/securedrop,develop,109570.0,56.0,13643.0,141.0,3677.0,249.0,2012-01-11 07:57:55+00:00,3258.0,455.0,Python,2025-04-25T07:53:39,4174.0,TravisCI,2014-01-12 08:10:33+00:00,54.791164658634536,0.1396562308164518,0.6500399042298484,2.722067039106145,5012,192.02,18.322185141154733,low,high,TravisCI,Python,11,open_issue_ratio=low | project_age_days=high | ci_type=TravisCI | mainLanguage=Python,PTAi
viur-framework/viur-core,main,64204.0,88.0,3465.0,8.0,16.0,31.0,2019-12-11 01:14:58+00:00,289.0,111.0,Python,2025-04-22T02:49:47,1173.0,GitHubActions,2021-11-09 10:55:35+00:00,111.7741935483871,0.3840830449826989,0.1362564827911362,1.6336633663366336,2121,126.48,6.815180371168415,high,low,GitHubActions,Python,5,open_issue_ratio=high | project_age_days=low | ci_type=GitHubActions | mainLanguage=Python,PGaI
discopop-project/discopop,master,10483.0,20.0,1809.0,5.0,41.0,15.0,2019-05-07 07:24:04+00:00,232.0,26.0,Python,2025-03-04T10:32:51,450.0,GitHubActions,2020-08-27 15:28:31+00:00,120.6,0.1120689655172413,0.099187687045746,0.7734074390765284,2339,28.37,8.291769344504681,low,low,GitHubActions,Python,13,open_issue_ratio=low | project_age_days=low | ci_type=GitHubActions | mainLanguage=Python,PGai
taiko2k/tauonmusicbox,master,114545.0,148.0,3440.0,27.0,1578.0,48.0,2016-02-17 02:11:56+00:00,873.0,208.0,Python,2024-04-25T03:21:32,181.0,GitHubActions,2022-07-31 12:09:28+00:00,71.66666666666667,0.2382588774341351,0.2484348321001707,0.978941377347752,3514,104.15,43.89969546489616,low,low,GitHubActions,Python,13,open_issue_ratio=low | project_age_days=low | ci_type=GitHubActions | mainLanguage=Python,PGai
into-cps-association/maestro,development,131304.0,35.0,2035.0,15.0,20.0,14.0,2017-12-12 10:31:26+00:00,231.0,92.0,Java,2025-03-27T11:54:19,206.0,GitHubActions,2020-04-29 09:28:18+00:00,145.35714285714286,0.3982683982683982,0.0810526315789473,0.7140350877192982,2850,59.31,13.41754548615135,high,low,GitHubActions,Java,4,open_issue_ratio=high | project_age_days=low | ci_type=GitHubActions | mainLanguage=Java,JGaI
cryptomator/jfuse,develop,1908.0,22.0,630.0,7.0,47.0,3.0,2019-12-09 03:23:12+00:00,15.0,2.0,Java,2025-04-09T08:04:04,105.0,GitHubActions,2022-01-18 07:44:34+00:00,210.0,0.1333333333333333,0.0070654733867169,0.2967498822421102,2123,40.68,15.87519988100108,low,low,GitHubActions,Java,12,open_issue_ratio=low | project_age_days=low | ci_type=GitHubActions | mainLanguage=Java,JGai
decathlon/ara,main,24671.0,149.0,717.0,5.0,78.0,28.0,2019-04-04 01:27:58+00:00,259.0,143.0,Java,2025-03-11T10:39:11,568.0,GitHubActions,2020-08-19 14:54:59+00:00,25.607142857142858,0.5521235521235521,0.1091905564924114,0.3022765598650928,2372,146.09,34.65758541903761,high,low,GitHubActions,Java,4,open_issue_ratio=high | project_age_days=low | ci_type=GitHubActions | mainLanguage=Java,JGaI
nginx-proxy/nginx-proxy,main,1693.0,28.0,1474.0,264.0,19268.0,155.0,2014-05-05 05:01:40+00:00,1365.0,302.0,Python,2025-04-11T04:06:51,782.0,TravisCI,2016-04-04 23:01:47+00:00,9.50967741935484,0.2212454212454212,0.3275737940964723,0.3537317014638829,4167,534.18,51.24508519003932,low,high,TravisCI,Python,11,open_issue_ratio=low | project_age_days=high | ci_type=TravisCI | mainLanguage=Python,PTAi
torchbox/wagtailmedia,main,623.0,29.0,476.0,18.0,233.0,47.0,2016-04-20 01:20:38+00:00,105.0,16.0,Python,2025-01-29T04:52:42,147.0,TravisCI,2017-06-21 11:09:41+00:00,10.127659574468083,0.1523809523809524,0.0304259634888438,0.1379310344827586,3451,195.58,45.773967640666505,low,low,TravisCI,Python,15,open_issue_ratio=low | project_age_days=low | ci_type=TravisCI | mainLanguage=Python,PTai
sap/sapmachine,sapmachine,763348.0,999.0,144497.0,35.0,531.0,1999.0,2017-11-13 09:40:03+00:00,361.0,3.0,Java,2025-04-26T10:15:03,1592.0,GitHubActions,2020-09-28 09:31:51+00:00,72.28464232116058,0.0083102493074792,0.1253907606807919,50.189996526571726,2879,38.31,56.170333501666825,low,low,GitHubActions,Java,12,open_issue_ratio=low | project_age_days=low | ci_type=GitHubActions | mainLanguage=Java,JGai
wkentaro/labelme,main,48093.0,73.0,1574.0,151.0,14250.0,70.0,2016-05-09 12:30:26+00:00,768.0,109.0,Python,2025-04-01T11:58:16,549.0,TravisCI,2017-05-17 16:48:30+00:00,22.485714285714284,0.1419270833333333,0.2237762237762237,0.4586247086247086,3432,131.07,2.4828487422410976,low,low,TravisCI,Python,15,open_issue_ratio=low | project_age_days=low | ci_type=TravisCI | mainLanguage=Python,PTai
netflix/eureka,master,12500.0,150.0,1705.0,990.0,12527.0,149.0,2012-07-26 10:23:07+00:00,658.0,95.0,Java,2024-05-29T06:06:52,884.0,TravisCI,2016-05-09 20:55:22+00:00,11.442953020134228,0.1443768996960486,0.136656282450675,0.3541017653167186,4815,152.5,30.64743627947633,low,high,TravisCI,Java,10,open_issue_ratio=low | project_age_days=high | ci_type=TravisCI | mainLanguage=Java,JTAi
mik3y/usb-serial-for-android,master,945.0,33.0,301.0,236.0,5134.0,42.0,2013-06-30 11:17:45+00:00,544.0,33.0,Java,2025-04-18T06:37:24,78.0,GitHubActions,2019-11-15 22:57:39+00:00,7.166666666666667,0.0606617647058823,0.1215370866845397,0.0672475424486148,4476,257.88,43.67816091954023,low,high,GitHubActions,Java,8,open_issue_ratio=low | project_age_days=high | ci_type=GitHubActions | mainLanguage=Java,JGAi
anaconda-platform/anaconda-client,master,2173.0,52.0,1388.0,48.0,142.0,75.0,2013-03-27 09:52:37+00:00,368.0,87.0,Python,2024-02-26T12:22:51,329.0,TravisCI,2016-07-29 15:37:54+00:00,18.506666666666668,0.2364130434782608,0.0805075475825858,0.3036534675125793,4571,227.39,29.13047075370233,low,high,TravisCI,Python,11,open_issue_ratio=low | project_age_days=high | ci_type=TravisCI | mainLanguage=Python,PTAi
consensys/mythril,develop,49706.0,134.0,4903.0,80.0,3976.0,106.0,2017-09-18 04:14:20+00:00,851.0,109.0,Python,2025-01-31T03:33:53,1034.0,GitHubActions,2024-08-07 13:12:46+00:00,46.25471698113208,0.1280846063454759,0.2899488926746167,1.6705281090289608,2935,50.9,9.23944005859852,low,low,GitHubActions,Python,13,open_issue_ratio=low | project_age_days=low | ci_type=GitHubActions | mainLanguage=Python,PGai
jnikula/hawkmoth,master,640.0,14.0,746.0,5.0,78.0,7.0,2017-08-15 07:38:48+00:00,70.0,6.0,Python,2025-04-13T07:44:36,199.0,GitHubActions,2022-10-22 16:03:06+00:00,106.57142857142856,0.0857142857142857,0.0235769619400471,0.2512630515325025,2969,142.36,15.141821283855831,low,low,GitHubActions,Python,13,open_issue_ratio=low | project_age_days=low | ci_type=GitHubActions | mainLanguage=Python,PGai
vazkiimods/patchouli,1.21.x,8248.0,13.0,1039.0,13.0,318.0,55.0,2018-10-15 09:15:51+00:00,606.0,162.0,Java,2025-02-06T04:01:35,175.0,GitHubActions,2020-01-28 03:54:26+00:00,18.89090909090909,0.2673267326732673,0.2383012190326386,0.4085725521038144,2543,77.17,0.8290481687480323,low,low,GitHubActions,Java,12,open_issue_ratio=low | project_age_days=low | ci_type=GitHubActions | mainLanguage=Java,JGai
redhat-developer/rsp-server-community,master,1066.0,15.0,355.0,8.0,32.0,14.0,2019-10-29 03:40:42+00:00,111.0,19.0,Java,2024-11-26T04:43:57,117.0,GitHubActions,2020-11-13 09:07:40+00:00,25.357142857142858,0.1711711711711711,0.0512939001848428,0.1640480591497227,2164,73.3,0.0,low,low,GitHubActions,Java,12,open_issue_ratio=low | project_age_days=low | ci_type=GitHubActions | mainLanguage=Java,JGai
oxaliscommunity/oxalis,master,8913.0,47.0,1529.0,61.0,140.0,39.0,2011-12-21 10:49:54+00:00,522.0,14.0,Java,2025-04-25T03:39:50,67.0,TravisCI,2015-12-16 07:15:51+00:00,39.20512820512821,0.0268199233716475,0.1037154778462149,0.3037949533081661,5033,117.88,36.606746938636284,low,high,TravisCI,Java,10,open_issue_ratio=low | project_age_days=high | ci_type=TravisCI | mainLanguage=Java,JTAi
mastodon/mastodon-android,master,46516.0,52.0,5550.0,29.0,1819.0,36.0,2022-01-14 10:44:03+00:00,795.0,384.0,Java,2025-04-20T04:24:47,177.0,GitHubActions,2024-03-01 06:38:31+00:00,154.16666666666666,0.4830188679245283,0.5862831858407079,4.092920353982301,1356,74.47,0.3335979341043599,high,low,GitHubActions,Java,4,open_issue_ratio=high | project_age_days=low | ci_type=GitHubActions | mainLanguage=Java,JGaI
countly/countly-sdk-android,master,12857.0,87.0,2413.0,64.0,685.0,31.0,2012-05-29 09:07:15+00:00,113.0,5.0,Java,2024-12-23T02:17:38,358.0,TravisCI,2014-12-12 17:31:46+00:00,77.83870967741936,0.0442477876106194,0.0231890006156371,0.4951775087215267,4873,101.09,55.27051471797402,low,high,TravisCI,Java,10,open_issue_ratio=low | project_age_days=high | ci_type=TravisCI | mainLanguage=Java,JTAi
libgdx/gdx-jnigen,master,1684.0,13.0,663.0,21.0,75.0,15.0,2019-06-02 09:24:20+00:00,37.0,7.0,Java,2025-04-26T11:01:02,77.0,GitHubActions,2021-01-18 07:18:06+00:00,44.2,0.1891891891891892,0.01599654128837,0.2866407263294422,2313,227.44,35.05824476725298,low,low,GitHubActions,Java,12,open_issue_ratio=low | project_age_days=low | ci_type=GitHubActions | mainLanguage=Java,JGai
cmkobel/comparem2,master,100281.0,26.0,1967.0,2.0,56.0,9.0,2019-12-10 19:46:41+00:00,100.0,15.0,Python,2025-03-05T10:01:03,5.0,GitHubActions,2024-05-03 13:14:05+00:00,218.5555555555556,0.15,0.0471253534401508,0.9269557021677662,2122,82.3,0.0,low,low,GitHubActions,Python,13,open_issue_ratio=low | project_age_days=low | ci_type=GitHubActions | mainLanguage=Python,PGai
jsqlparser/jsqlparser,master,13068.0,35.0,2439.0,217.0,5652.0,174.0,2011-06-23 10:51:52+00:00,1561.0,85.0,Java,2025-04-18T08:04:52,528.0,TravisCI,2015-04-06 20:04:47+00:00,14.017241379310343,0.0544522741832158,0.2993862677406981,0.4677790563866513,5214,222.64,44.13947225166891,low,high,TravisCI,Java,10,open_issue_ratio=low | project_age_days=high | ci_type=TravisCI | mainLanguage=Java,JTAi
biolab/orange3,master,102969.0,44.0,15587.0,186.0,5154.0,167.0,2013-02-22 12:52:56+00:00,2496.0,172.0,Python,2025-04-26T08:17:40,4360.0,TravisCI,2014-09-05 08:48:16+00:00,93.33532934131736,0.0689102564102564,0.5421372719374457,3.3855343179843613,4604,44.48,50.17169916556393,low,high,TravisCI,Python,11,open_issue_ratio=low | project_age_days=high | ci_type=TravisCI | mainLanguage=Python,PTAi
dependency-check/dependencycheck,main,293950.0,83.0,10574.0,179.0,6875.0,344.0,2012-09-03 08:43:30+00:00,4935.0,380.0,Java,2025-04-26T08:55:48,2673.0,TravisCI,2016-06-05 11:49:59+00:00,30.73837209302325,0.0770010131712259,1.0332914572864322,2.213986599664992,4776,103.52,11.044430512861997,low,high,TravisCI,Java,10,open_issue_ratio=low | project_age_days=high | ci_type=TravisCI | mainLanguage=Java,JTAi
ihmcrobotics/simulation-construction-set-2,develop,75896.0,26.0,2218.0,3.0,14.0,34.0,2019-11-17 09:09:38+00:00,155.0,72.0,Java,2025-04-23T02:59:44,56.0,GitHubActions,2023-12-12 15:47:24+00:00,65.23529411764706,0.4645161290322581,0.0722610722610722,1.034032634032634,2145,336.7,12.697648503470177,high,low,GitHubActions,Java,4,open_issue_ratio=high | project_age_days=low | ci_type=GitHubActions | mainLanguage=Java,JGaI
infinispan/infinispan,main,171153.0,86.0,17575.0,84.0,1246.0,269.0,2010-11-04 12:33:19+00:00,660.0,398.0,Java,2025-04-25T07:48:10,13838.0,GitHubActions,2022-03-02 13:49:03+00:00,65.33457249070632,0.603030303030303,0.1212121212121212,3.2277318640955004,5445,38.94,52.86712075375984,high,high,GitHubActions,Java,0,open_issue_ratio=high | project_age_days=high | ci_type=GitHubActions | mainLanguage=Java,JGAI
javacord/javacord,master,7295.0,20.0,2512.0,25.0,770.0,90.0,2015-12-31 10:26:18+00:00,401.0,78.0,Java,2025-02-07T05:36:44,911.0,GitHubActions,2021-06-06 17:54:25+00:00,27.91111111111111,0.1945137157107231,0.1125772038180797,0.7052217855137564,3562,120.51,0.0,low,high,GitHubActions,Java,8,open_issue_ratio=low | project_age_days=high | ci_type=GitHubActions | mainLanguage=Java,JGAi
matsengrp/gctree,main,17018.0,26.0,680.0,12.0,16.0,9.0,2016-08-24 12:25:18+00:00,76.0,12.0,Python,2024-08-27T07:19:15,56.0,GitHubActions,2021-06-29 20:40:13+00:00,75.55555555555556,0.1578947368421052,0.0228571428571428,0.2045112781954887,3325,106.88,38.86386386386386,low,low,GitHubActions,Python,13,open_issue_ratio=low | project_age_days=low | ci_type=GitHubActions | mainLanguage=Python,PGai
pgjdbc/pgjdbc,master,45705.0,59.0,3750.0,89.0,1577.0,326.0,2012-02-06 07:30:35+00:00,1329.0,399.0,Java,2025-04-25T12:06:09,2170.0,TravisCI,2014-03-23 17:48:32+00:00,11.503067484662576,0.3002257336343115,0.266546329723225,0.7521058965102286,4986,252.18,46.15781112688433,low,high,TravisCI,Java,10,open_issue_ratio=low | project_age_days=high | ci_type=TravisCI | mainLanguage=Java,JTAi
diennea/majordodo,master,7651.0,21.0,543.0,11.0,28.0,17.0,2015-02-18 08:25:50+00:00,130.0,19.0,Java,2025-03-20T11:10:03,94.0,TravisCI,2019-01-02 20:45:44+00:00,31.94117647058824,0.1461538461538461,0.0335224342444559,0.1400206291903042,3878,9.65,14.155580119221508,low,high,TravisCI,Java,10,open_issue_ratio=low | project_age_days=high | ci_type=TravisCI | mainLanguage=Java,JTAi
plivo/plivo-java,master,2035.0,113.0,1015.0,43.0,35.0,98.0,2011-09-19 04:45:05+00:00,30.0,4.0,Java,2025-04-16T10:25:12,269.0,TravisCI,2017-10-30 15:11:41+00:00,10.357142857142858,0.1333333333333333,0.0058525165821303,0.1980101443620757,5126,326.54,16.039649306464277,low,high,TravisCI,Java,10,open_issue_ratio=low | project_age_days=high | ci_type=TravisCI | mainLanguage=Java,JTAi
wechatpay-apiv3/wechatpay-apache-httpclient,master,319.0,19.0,112.0,21.0,693.0,12.0,2019-05-30 08:32:36+00:00,167.0,16.0,Java,2025-02-11T02:12:27,52.0,GitHubActions,2021-12-24 07:29:12+00:00,9.333333333333334,0.0958083832335329,0.0721070811744386,0.0483592400690846,2316,25.09,24.051069703243616,low,low,GitHubActions,Java,12,open_issue_ratio=low | project_age_days=low | ci_type=GitHubActions | mainLanguage=Java,JGai
bananafructa/apec,master,833.0,27.0,104.0,3.0,75.0,8.0,2020-07-02 06:44:04+00:00,37.0,13.0,Java,2024-09-07T09:11:42,10.0,GitHubActions,2023-05-06 18:11:13+00:00,13.0,0.3513513513513513,0.019300991131977,0.0542514345331246,1917,44.16,0.0,high,low,GitHubActions,Java,4,open_issue_ratio=high | project_age_days=low | ci_type=GitHubActions | mainLanguage=Java,JGaI
johnmaguire/cardinal,master,800.0,32.0,671.0,18.0,100.0,19.0,2013-02-06 09:55:21+00:00,163.0,16.0,Python,2025-02-10T10:02:45,47.0,TravisCI,2015-12-05 02:17:15+00:00,35.31578947368421,0.0981595092024539,0.0352813852813852,0.1452380952380952,4620,359.13,48.80968038932,low,high,TravisCI,Python,11,open_issue_ratio=low | project_age_days=high | ci_type=TravisCI | mainLanguage=Python,PTAi
archlinux/archinstall,master,14747.0,79.0,4009.0,73.0,6781.0,262.0,2018-04-06 04:07:40+00:00,1438.0,166.0,Python,2025-04-27T03:03:22,1873.0,GitHubActions,2021-03-22 12:58:35+00:00,15.301526717557252,0.1154381084840055,0.5257769652650822,1.4658135283363802,2735,98.81,0.8346833838134816,low,low,GitHubActions,Python,13,open_issue_ratio=low | project_age_days=low | ci_type=GitHubActions | mainLanguage=Python,PGai
kiwigrid/k8s-sidecar,master,539.0,84.0,640.0,15.0,650.0,85.0,2018-05-02 09:24:28+00:00,120.0,12.0,Python,2025-03-28T05:42:21,272.0,GitHubActions,2020-10-13 10:32:00+00:00,7.529411764705882,0.1,0.044296788482835,0.2362495385751199,2709,169.24,2.275960170697013,low,low,GitHubActions,Python,13,open_issue_ratio=low | project_age_days=low | ci_type=GitHubActions | mainLanguage=Python,PGai
shuzijun/leetcode-editor,master,30927.0,55.0,404.0,34.0,3691.0,13.0,2019-03-19 04:32:17+00:00,581.0,102.0,Java,2024-08-12T12:55:40,126.0,GitHubActions,2020-08-02 08:19:19+00:00,31.07692307692308,0.1755593803786574,0.2432998324958123,0.169179229480737,2388,53.02,0.536636742063293,low,low,GitHubActions,Java,12,open_issue_ratio=low | project_age_days=low | ci_type=GitHubActions | mainLanguage=Java,JGai
radeklat/todoist-habitica-sync,main,718.0,21.0,112.0,3.0,60.0,1.0,2018-12-17 07:43:13+00:00,17.0,2.0,Python,2025-03-19T03:27:30,47.0,GitHubActions,2023-10-31 15:16:17+00:00,112.0,0.1176470588235294,0.0068548387096774,0.0451612903225806,2480,71.49,15.337837837837837,low,low,GitHubActions,Python,13,open_issue_ratio=low | project_age_days=low | ci_type=GitHubActions | mainLanguage=Python,PGai
purestorage-openconnect/py-pure-client,master,138650.0,76.0,153.0,17.0,23.0,50.0,2018-12-04 05:02:51+00:00,20.0,12.0,Python,2025-04-16T02:40:34,122.0,GitHubActions,2023-11-23 15:31:05+00:00,3.06,0.6,0.0080224628961091,0.0613718411552346,2493,523.28,1.168099217797341,high,low,GitHubActions,Python,5,open_issue_ratio=high | project_age_days=low | ci_type=GitHubActions | mainLanguage=Python,PGaI
jfrog/bamboo-artifactory-plugin,master,3146.0,25.0,619.0,51.0,41.0,50.0,2011-11-09 09:50:58+00:00,109.0,66.0,Java,2024-12-29T09:26:07,113.0,GitHubActions,2020-10-05 15:01:23+00:00,12.38,0.6055045871559633,0.0214778325123152,0.1219704433497537,5075,1256.3,4.727484698338677,high,high,GitHubActions,Java,0,open_issue_ratio=high | project_age_days=high | ci_type=GitHubActions | mainLanguage=Java,JGAI
esmvalgroup/esmvalcore,main,142546.0,54.0,9569.0,22.0,47.0,109.0,2019-06-04 11:58:08+00:00,1131.0,256.0,Python,2025-04-15T11:28:46,1526.0,GitHubActions,2020-08-12 08:59:02+00:00,87.78899082568807,0.2263483642793987,0.4893985287754219,4.140631761142362,2311,205.51,39.79702050870006,low,low,GitHubActions,Python,13,open_issue_ratio=low | project_age_days=low | ci_type=GitHubActions | mainLanguage=Python,PGai
felixbaensch/mortar,main,47862.0,16.0,901.0,3.0,20.0,11.0,2019-11-07 10:10:49+00:00,80.0,29.0,Java,2025-02-24T01:45:47,67.0,GitHubActions,2023-07-06 14:49:16+00:00,81.9090909090909,0.3625,0.037122969837587,0.4180974477958236,2155,47.14,7.210791322185616,high,low,GitHubActions,Java,4,open_issue_ratio=high | project_age_days=low | ci_type=GitHubActions | mainLanguage=Java,JGaI
microsoft/msticpy,main,80157.0,93.0,1362.0,53.0,1845.0,69.0,2019-02-21 05:30:03+00:00,202.0,23.0,Python,2025-04-25T05:30:56,614.0,GitHubActions,2020-12-08 18:52:55+00:00,19.73913043478261,0.1138613861386138,0.0836785418392709,0.5642087821043911,2414,122.02,13.889387257910691,low,low,GitHubActions,Python,13,open_issue_ratio=low | project_age_days=low | ci_type=GitHubActions | mainLanguage=Python,PGai
ungarj/mapchete,main,11750.0,89.0,2216.0,6.0,200.0,8.0,2015-07-22 03:59:22+00:00,274.0,50.0,Python,2025-04-18T08:32:25,403.0,TravisCI,2017-03-24 08:52:05+00:00,277.0,0.1824817518248175,0.0735767991407089,0.5950590762620838,3724,115.22,44.88408996826273,low,high,TravisCI,Python,11,open_issue_ratio=low | project_age_days=high | ci_type=TravisCI | mainLanguage=Python,PTAi
thelimeglass/skellett,master,4123.0,33.0,126.0,8.0,52.0,4.0,2016-06-21 07:58:11+00:00,176.0,13.0,Java,2025-03-26T03:58:34,83.0,GitHubActions,2021-09-20 15:50:50+00:00,31.5,0.0738636363636363,0.0519327235172617,0.037179108881676,3389,143.37,0.0,low,low,GitHubActions,Java,12,open_issue_ratio=low | project_age_days=low | ci_type=GitHubActions | mainLanguage=Java,JGai
ansible-collections/cisco.nxos,main,5498.0,19.0,645.0,10.0,124.0,52.0,2020-02-13 06:22:54+00:00,349.0,79.0,Python,2025-04-17T06:47:54,600.0,GitHubActions,2022-05-24 11:59:42+00:00,12.403846153846152,0.2263610315186246,0.1696645600388915,0.3135634419056879,2057,91.64,37.02692198611359,low,low,GitHubActions,Python,13,open_issue_ratio=low | project_age_days=low | ci_type=GitHubActions | mainLanguage=Python,PGai
openslide/openslide-python,main,1995.0,15.0,565.0,13.0,390.0,9.0,2011-08-25 09:58:38+00:00,171.0,7.0,Python,2025-04-26T09:12:43,145.0,GitHubActions,2021-03-21 03:43:09+00:00,62.77777777777778,0.0409356725146198,0.0331974373907979,0.1096874393321685,5151,166.84,2.7324253447254887,low,high,GitHubActions,Python,9,open_issue_ratio=low | project_age_days=high | ci_type=GitHubActions | mainLanguage=Python,PGAi
azure/azure-sdk-for-android,main,27057.0,155.0,1556.0,347.0,107.0,37.0,2018-02-28 04:25:35+00:00,270.0,17.0,Java,2025-04-25T05:47:45,1566.0,GitHubActions,2022-09-07 00:09:38+00:00,42.054054054054056,0.0629629629629629,0.0974025974025974,0.5613275613275613,2772,267.17,33.18087664910403,low,low,GitHubActions,Java,12,open_issue_ratio=low | project_age_days=low | ci_type=GitHubActions | mainLanguage=Java,JGai
stac-utils/pystac,main,8319.0,34.0,2123.0,23.0,383.0,75.0,2017-11-08 01:30:15+00:00,462.0,44.0,Python,2025-04-26T04:53:37,1087.0,TravisCI,2019-09-13 01:35:32+00:00,28.30666666666667,0.0952380952380952,0.1601941747572815,0.736130374479889,2884,169.44,3.622378348836842,low,low,TravisCI,Python,15,open_issue_ratio=low | project_age_days=low | ci_type=TravisCI | mainLanguage=Python,PTai
netflix/servo,master,5402.0,45.0,1279.0,554.0,1418.0,46.0,2011-12-16 09:09:27+00:00,116.0,0.0,Java,2024-12-10T09:14:02,359.0,TravisCI,2015-08-07 18:08:53+00:00,27.80434782608696,0.0,0.0230250099245732,0.2538705835649067,5038,258.63,46.70991080895653,low,high,TravisCI,Java,10,open_issue_ratio=low | project_age_days=high | ci_type=TravisCI | mainLanguage=Java,JTAi
ojacques/mkdocs-git-committers-plugin-2,master,100.0,20.0,121.0,3.0,63.0,17.0,2019-11-25 08:50:44+00:00,43.0,8.0,Python,2025-01-30T07:29:09,36.0,GitHubActions,2023-11-01 14:59:49+00:00,7.117647058823529,0.1860465116279069,0.0201216658867571,0.0566214319138979,2137,70.35,0.0,low,low,GitHubActions,Python,13,open_issue_ratio=low | project_age_days=low | ci_type=GitHubActions | mainLanguage=Python,PGai
codehaus-plexus/plexus-compiler,master,6937.0,13.0,886.0,11.0,35.0,83.0,2015-01-27 04:56:42+00:00,74.0,17.0,Java,2025-04-17T06:14:43,357.0,TravisCI,2016-08-13 04:24:11+00:00,10.674698795180722,0.2297297297297297,0.0189743589743589,0.2271794871794872,3900,340.05,56.95443645083933,low,high,TravisCI,Java,10,open_issue_ratio=low | project_age_days=high | ci_type=TravisCI | mainLanguage=Java,JTAi
threeten/threetenbp,main,32676.0,35.0,3276.0,30.0,556.0,46.0,2013-01-15 07:17:23+00:00,114.0,8.0,Java,2025-03-11T12:15:09,89.0,TravisCI,2014-06-29 21:44:09+00:00,71.21739130434783,0.0701754385964912,0.0245583800086169,0.7057302886686773,4642,78.31,76.73012485726586,low,high,TravisCI,Java,10,open_issue_ratio=low | project_age_days=high | ci_type=TravisCI | mainLanguage=Java,JTAi
anysoftkeyboard/anysoftkeyboard,main,284807.0,44.0,8094.0,101.0,2970.0,171.0,2012-04-18 12:38:01+00:00,2327.0,890.0,Java,2025-04-26T04:48:38,1659.0,TravisCI,2014-02-06 17:27:24+00:00,47.333333333333336,0.3824666953158573,0.4735449735449735,1.647130647130647,4914,262.02,2.091443613229899,high,high,TravisCI,Java,2,open_issue_ratio=high | project_age_days=high | ci_type=TravisCI | mainLanguage=Java,JTAI
spf-ost/pytrnsys,master,108795.0,20.0,1390.0,3.0,12.0,31.0,2019-05-01 10:19:16+00:00,123.0,79.0,Python,2025-04-16T09:26:44,110.0,GitHubActions,2021-03-23 10:25:02+00:00,44.83870967741935,0.6422764227642277,0.0524520255863539,0.5927505330490405,2345,154.38,0.2868206530736579,high,low,GitHubActions,Python,5,open_issue_ratio=high | project_age_days=low | ci_type=GitHubActions | mainLanguage=Python,PGaI
gtnewhorizons/hodgepodge,master,30633.0,346.0,577.0,14.0,40.0,84.0,2020-02-19 05:59:59+00:00,72.0,25.0,Java,2025-04-19T04:58:39,435.0,GitHubActions,2021-12-04 01:42:15+00:00,6.869047619047619,0.3472222222222222,0.0351048269137006,0.2813261823500731,2051,49.19,0.0,low,low,GitHubActions,Java,12,open_issue_ratio=low | project_age_days=low | ci_type=GitHubActions | mainLanguage=Java,JGai
jenkinsci/azure-container-agents-plugin,master,561.0,19.0,386.0,5.0,21.0,19.0,2017-09-22 08:14:14+00:00,50.0,19.0,Java,2025-04-21T02:41:00,289.0,GitHubActions,2021-03-27 15:38:27+00:00,20.31578947368421,0.38,0.0170590242238143,0.1316956670078471,2931,219.58,18.816021126760564,high,low,GitHubActions,Java,4,open_issue_ratio=high | project_age_days=low | ci_type=GitHubActions | mainLanguage=Java,JGaI
rabbitmq/rabbitmq-java-client,main,71972.0,190.0,5831.0,108.0,1267.0,104.0,2010-09-20 10:43:18+00:00,372.0,21.0,Java,2025-04-25T04:20:24,1164.0,TravisCI,2015-08-22 01:36:22+00:00,56.06730769230769,0.0564516129032258,0.06775956284153,1.0621129326047358,5490,46.02,62.32101732251928,low,high,TravisCI,Java,10,open_issue_ratio=low | project_age_days=high | ci_type=TravisCI | mainLanguage=Java,JTAi
pusher/pusher-http-python,master,675.0,22.0,446.0,23.0,377.0,69.0,2010-04-28 11:07:18+00:00,76.0,4.0,Python,2025-01-21T10:44:04,162.0,TravisCI,2014-09-01 12:11:47+00:00,6.463768115942029,0.0526315789473684,0.0134871339840283,0.079148181011535,5635,254.64,45.525291828793776,low,high,TravisCI,Python,11,open_issue_ratio=low | project_age_days=high | ci_type=TravisCI | mainLanguage=Python,PTAi
veops/cmdb,master,32445.0,37.0,1037.0,39.0,1865.0,32.0,2015-12-29 02:32:49+00:00,202.0,82.0,Python,2025-04-25T08:33:21,492.0,GitHubActions,2020-11-22 02:45:45+00:00,32.40625,0.4059405940594059,0.0566778900112233,0.2909652076318743,3564,170.11,0.5145169498889041,high,high,GitHubActions,Python,1,open_issue_ratio=high | project_age_days=high | ci_type=GitHubActions | mainLanguage=Python,PGAI
jdholtz/auto-southwest-check-in,master,793.0,22.0,434.0,15.0,498.0,21.0,2021-09-10 10:56:24+00:00,173.0,10.0,Python,2025-03-10T05:57:59,71.0,GitHubActions,2022-10-10 12:29:12+00:00,20.666666666666668,0.0578034682080924,0.1167341430499325,0.2928475033738191,1482,19.55,25.567518484887792,low,low,GitHubActions,Python,13,open_issue_ratio=low | project_age_days=low | ci_type=GitHubActions | mainLanguage=Python,PGai
identitypython/pysaml2,master,16413.0,53.0,3612.0,30.0,572.0,,2012-05-23 09:12:14+00:00,442.0,84.0,Python,2025-02-10T09:50:06,534.0,TravisCI,2014-10-29 16:46:33+00:00,,0.1900452488687782,0.0905923344947735,0.7403156384505022,4879,0.0,4.757296987206513,low,high,TravisCI,Python,11,open_issue_ratio=low | project_age_days=high | ci_type=TravisCI | mainLanguage=Python,PTAi
rundeck-plugins/py-winrm-plugin,master,400.0,35.0,131.0,12.0,15.0,18.0,2017-12-20 05:40:27+00:00,66.0,25.0,Python,2024-10-23T04:17:48,41.0,GitHubActions,2020-03-25 16:16:44+00:00,7.277777777777778,0.3787878787878788,0.0232230823363828,0.046094299788881,2842,103.98,0.0,high,low,GitHubActions,Python,5,open_issue_ratio=high | project_age_days=low | ci_type=GitHubActions | mainLanguage=Python,PGaI
ibm-messaging/kafka-connect-mq-source,main,294.0,14.0,149.0,27.0,95.0,22.0,2017-08-09 10:48:49+00:00,78.0,3.0,Java,2024-12-12T09:44:58,63.0,GitHubActions,2020-09-24 10:03:29+00:00,6.7727272727272725,0.0384615384615384,0.0262184873949579,0.0500840336134453,2975,160.14,64.37252892077903,low,low,GitHubActions,Java,12,open_issue_ratio=low | project_age_days=low | ci_type=GitHubActions | mainLanguage=Java,JGai
plotly/kaleido,master,11981.0,34.0,724.0,15.0,379.0,11.0,2020-06-01 11:22:37+00:00,176.0,71.0,Python,2024-11-18T01:56:51,56.0,GitHubActions,2024-10-01 13:20:57+00:00,65.81818181818181,0.4034090909090909,0.0903490759753593,0.3716632443531827,1948,429.02,0.0160896586085419,high,low,GitHubActions,Python,5,open_issue_ratio=high | project_age_days=low | ci_type=GitHubActions | mainLanguage=Python,PGaI
opentsdb/opentsdb,master,41493.0,27.0,1712.0,334.0,5007.0,,2010-08-27 02:05:20+00:00,1109.0,522.0,Java,2024-12-12T08:01:51,1190.0,TravisCI,2014-07-02 19:44:59+00:00,,0.4706943192064923,0.2011244105912223,0.3104824084149438,5514,0.0,69.13663714420932,high,high,TravisCI,Java,2,open_issue_ratio=high | project_age_days=high | ci_type=TravisCI | mainLanguage=Java,JTAI
climada-project/climada_petals,main,166729.0,13.0,4309.0,6.0,28.0,69.0,2021-07-20 08:26:42+00:00,57.0,29.0,Python,2025-03-03T06:23:06,102.0,GitHubActions,2023-05-08 12:00:31+00:00,62.44927536231884,0.5087719298245614,0.0371577574967405,2.8089960886571057,1534,72.54,19.79310799235685,high,low,GitHubActions,Python,5,open_issue_ratio=high | project_age_days=low | ci_type=GitHubActions | mainLanguage=Python,PGaI
3rd-party-integrations/github-team-sync,main,797.0,16.0,422.0,229.0,201.0,28.0,2018-11-12 05:51:40+00:00,78.0,14.0,Python,2025-03-19T11:04:21,130.0,GitHubActions,2020-08-12 22:16:49+00:00,15.071428571428571,0.1794871794871795,0.031013916500994,0.16779324055666,2515,135.17,0.0,low,low,GitHubActions,Python,13,open_issue_ratio=low | project_age_days=low | ci_type=GitHubActions | mainLanguage=Python,PGai
zowe/api-layer,v3.x.x,53662.0,45.0,2419.0,19.0,57.0,77.0,2018-10-30 12:42:00+00:00,1575.0,129.0,Java,2025-04-25T12:37:39,2460.0,GitHubActions,2021-03-08 09:30:33+00:00,31.415584415584416,0.0819047619047619,0.6230221518987342,0.9568829113924052,2528,152.86,36.04023808695047,low,low,GitHubActions,Java,12,open_issue_ratio=low | project_age_days=low | ci_type=GitHubActions | mainLanguage=Java,JGai
steveplays28/stevesrealisticsleep,1.20.3-1.20.4,18567.0,45.0,178.0,1.0,13.0,7.0,2022-04-23 12:38:52+00:00,54.0,12.0,Java,2024-01-05T07:00:42,13.0,GitHubActions,2023-05-07 17:40:17+00:00,25.428571428571427,0.2222222222222222,0.0429594272076372,0.1416070007955449,1257,60.74,0.0,low,low,GitHubActions,Java,12,open_issue_ratio=low | project_age_days=low | ci_type=GitHubActions | mainLanguage=Java,JGai
ldtteam/structurize,version/main,12298.0,34.0,782.0,21.0,48.0,23.0,2017-12-21 17:33:36+00:00,360.0,51.0,Java,2025-04-20T12:24:54,363.0,TravisCI,2019-06-24 07:49:07+00:00,34.0,0.1416666666666666,0.1267159450897571,0.2752551918338613,2841,45.59,0.0724401463290956,low,low,TravisCI,Java,14,open_issue_ratio=low | project_age_days=low | ci_type=TravisCI | mainLanguage=Java,JTai
