repo,defaultBranch,size,releases,commits,watchers,stargazers,contributors,createdAt,totalIssues,openIssues,mainLanguage,lastCommit,totalPullRequests,ci_type,ci_adoption_time,avg_contribution,open_issue_ratio,issues_per_day,commits_per_day,project_age_days,avg_issues_close_time,test_percentage,open_issue_ratio_bucket,project_age_days_bucket,ci_type_bucket,mainLanguage_bucket,bucket_id,bucket_desc,bucket_name
open-edge-platform/training_extensions,develop,436113.0,70.0,1165.0,47.0,1162.0,32.0,2018-10-26 02:02:29+00:00,409.0,10.0,Python,2025-04-25T10:51:10,3952.0,GitHubActions,2023-11-23 04:24:48+00:00,36.40625,0.0244498777506112,0.1615323854660347,0.4601105845181674,2532,113.51,17.73759731527063,low,low,GitHubActions,Python,13,open_issue_ratio=low | project_age_days=low | ci_type=GitHubActions | mainLanguage=Python,PGai
vwxyzjn/cleanrl,master,141007.0,18.0,837.0,38.0,6725.0,48.0,2019-06-07 04:31:50+00:00,196.0,52.0,Python,2025-04-08T07:23:33,307.0,GitHubActions,2021-04-11 22:27:15+00:00,17.4375,0.2653061224489796,0.0849220103986135,0.3626516464471404,2308,113.08,0.2747595853628075,low,low,GitHubActions,Python,13,open_issue_ratio=low | project_age_days=low | ci_type=GitHubActions | mainLanguage=Python,PGai
custom-components/grocy,master,419.0,64.0,306.0,10.0,178.0,24.0,2019-04-23 02:59:07+00:00,194.0,44.0,Python,2025-02-04T07:16:45,141.0,GitHubActions,2020-05-25 13:02:47+00:00,12.75,0.2268041237113402,0.0824479388015299,0.1300467488312792,2353,63.1,0.0,low,low,GitHubActions,Python,13,open_issue_ratio=low | project_age_days=low | ci_type=GitHubActions | mainLanguage=Python,PGai
gerapy/gerapy,master,38367.0,16.0,631.0,125.0,3347.0,13.0,2017-06-30 03:58:27+00:00,214.0,64.0,Python,2024-09-07T12:49:42,100.0,GitHubActions,2019-11-20 19:41:37+00:00,48.53846153846154,0.2990654205607476,0.0709784411276948,0.2092868988391376,3015,146.99,0.0110913930789707,low,low,GitHubActions,Python,13,open_issue_ratio=low | project_age_days=low | ci_type=GitHubActions | mainLanguage=Python,PGai
electronstudio/raylib-python-cffi,master,95667.0,39.0,453.0,6.0,185.0,28.0,2019-05-21 09:53:58+00:00,88.0,11.0,Python,2025-04-07T10:02:38,52.0,GitHubActions,2021-06-28 10:17:56+00:00,16.178571428571427,0.125,0.0378494623655914,0.1948387096774193,2325,130.85,1.2878464818763324,low,low,GitHubActions,Python,13,open_issue_ratio=low | project_age_days=low | ci_type=GitHubActions | mainLanguage=Python,PGai
cohesity/cohesity-ansible-role,master,661.0,20.0,237.0,5.0,14.0,11.0,2018-10-03 03:59:12+00:00,20.0,6.0,Python,2024-12-18T09:41:07,59.0,GitHubActions,2022-07-08 04:27:38+00:00,21.545454545454547,0.3,0.0078277886497064,0.0927592954990215,2555,137.62,13.958567328091853,low,low,GitHubActions,Python,13,open_issue_ratio=low | project_age_days=low | ci_type=GitHubActions | mainLanguage=Python,PGai
mltony/nvda-tonys-enhancements,master,11953.0,24.0,174.0,3.0,14.0,6.0,2019-10-01 07:25:27+00:00,23.0,6.0,Python,2025-04-22T05:11:33,12.0,GitHubActions,2023-04-30 09:53:11+00:00,29.0,0.2608695652173913,0.010492700729927,0.0793795620437956,2192,427.6,0.0,low,low,GitHubActions,Python,13,open_issue_ratio=low | project_age_days=low | ci_type=GitHubActions | mainLanguage=Python,PGai
lgrcia/prose,main,91611.0,26.0,1498.0,4.0,57.0,12.0,2020-04-27 07:56:37+00:00,105.0,31.0,Python,2025-03-19T02:44:48,85.0,GitHubActions,2023-04-12 22:45:32+00:00,124.83333333333331,0.2952380952380952,0.0529500756429652,0.7554210791729703,1983,206.61,10.73932833066798,low,low,GitHubActions,Python,13,open_issue_ratio=low | project_age_days=low | ci_type=GitHubActions | mainLanguage=Python,PGai
alryaz/hass-pandora-cas,master,1844.0,75.0,433.0,8.0,45.0,7.0,2020-09-04 01:40:48+00:00,35.0,5.0,Python,2025-02-14T09:46:08,5.0,GitHubActions,2021-09-14 04:08:29+00:00,61.85714285714285,0.1428571428571428,0.0188882892606583,0.2336751214247166,1853,87.9,0.0,low,low,GitHubActions,Python,13,open_issue_ratio=low | project_age_days=low | ci_type=GitHubActions | mainLanguage=Python,PGai
phac-nml/mob-suite,master,45240.0,24.0,331.0,12.0,119.0,9.0,2018-02-09 10:08:53+00:00,144.0,12.0,Python,2024-10-09T03:25:58,28.0,GitHubActions,2024-06-03 22:00:57+00:00,36.77777777777778,0.0833333333333333,0.0515944106055177,0.118595485489072,2791,91.29,0.7642907723487901,low,low,GitHubActions,Python,13,open_issue_ratio=low | project_age_days=low | ci_type=GitHubActions | mainLanguage=Python,PGai
bittytax/bittytax,master,4310.0,16.0,833.0,19.0,454.0,14.0,2019-04-25 21:15:44+00:00,330.0,72.0,Python,2025-04-26T05:11:09,89.0,GitHubActions,2023-02-13 23:00:15+00:00,59.5,0.2181818181818181,0.1403658017864738,0.3543173117822203,2351,81.86,0.0,low,low,GitHubActions,Python,13,open_issue_ratio=low | project_age_days=low | ci_type=GitHubActions | mainLanguage=Python,PGai
pyzo/pyzo,main,10796.0,35.0,2282.0,21.0,301.0,55.0,2016-02-12 11:22:36+00:00,719.0,87.0,Python,2025-04-27T11:17:08,444.0,GitHubActions,2021-12-20 14:35:51+00:00,41.49090909090909,0.1210013908205841,0.2043194089229895,0.6484796817277636,3519,690.43,2.2458758550056697,low,low,GitHubActions,Python,13,open_issue_ratio=low | project_age_days=low | ci_type=GitHubActions | mainLanguage=Python,PGai
target/strelka,master,30529.0,30.0,1559.0,40.0,920.0,45.0,2018-09-20 06:38:12+00:00,97.0,10.0,Python,2025-04-08T02:27:02,388.0,GitHubActions,2021-02-23 01:07:27+00:00,34.644444444444446,0.1030927835051546,0.0377725856697819,0.6070872274143302,2568,55.9,36.90207581227437,low,low,GitHubActions,Python,13,open_issue_ratio=low | project_age_days=low | ci_type=GitHubActions | mainLanguage=Python,PGai
sap/infrabox,master,19523.0,13.0,2321.0,15.0,268.0,50.0,2018-03-22 02:06:46+00:00,194.0,46.0,Python,2024-11-05T03:50:50,385.0,GitHubActions,2020-08-03 09:34:48+00:00,46.42,0.2371134020618556,0.0705454545454545,0.844,2750,113.06,10.239227681807732,low,low,GitHubActions,Python,13,open_issue_ratio=low | project_age_days=low | ci_type=GitHubActions | mainLanguage=Python,PGai
cpjku/partitura,main,6736.0,23.0,2363.0,14.0,274.0,25.0,2019-09-20 04:58:54+00:00,207.0,26.0,Python,2025-02-27T10:20:17,223.0,GitHubActions,2021-11-23 15:11:29+00:00,94.52,0.1256038647342995,0.0939627780299591,1.0726282342260554,2203,100.97,9.512125805229251,low,low,GitHubActions,Python,13,open_issue_ratio=low | project_age_days=low | ci_type=GitHubActions | mainLanguage=Python,PGai
klauer/blark,master,6884.0,13.0,457.0,6.0,48.0,3.0,2020-02-09 12:35:54+00:00,47.0,6.0,Python,2025-01-31T04:43:33,56.0,GitHubActions,2022-04-18 23:50:49+00:00,152.33333333333334,0.1276595744680851,0.0228044638524987,0.2217370208636584,2061,132.99,25.413459963975765,low,low,GitHubActions,Python,13,open_issue_ratio=low | project_age_days=low | ci_type=GitHubActions | mainLanguage=Python,PGai
wmo-im/grib2,master,2954.0,17.0,687.0,19.0,27.0,13.0,2018-11-23 10:07:34+00:00,158.0,19.0,Python,2025-03-04T02:39:14,152.0,GitHubActions,2024-06-04 10:51:28+00:00,52.84615384615385,0.120253164556962,0.0630990415335463,0.2743610223642173,2504,314.8,0.0,low,low,GitHubActions,Python,13,open_issue_ratio=low | project_age_days=low | ci_type=GitHubActions | mainLanguage=Python,PGai
neuro-inc/apolo-cli,master,6444.0,17.0,2797.0,15.0,19.0,30.0,2018-05-04 03:22:15+00:00,789.0,19.0,Python,2025-04-24T12:04:41,2437.0,GitHubActions,2020-06-04 13:58:22+00:00,93.23333333333332,0.0240811153358681,0.2914665681566309,1.0332471370520873,2707,75.35,53.725297070597954,low,low,GitHubActions,Python,13,open_issue_ratio=low | project_age_days=low | ci_type=GitHubActions | mainLanguage=Python,PGai
synthesio/infra-ovh-ansible-module,master,252.0,19.0,289.0,13.0,91.0,35.0,2017-03-28 08:49:10+00:00,19.0,3.0,Python,2025-01-30T08:36:07,94.0,GitHubActions,2021-12-03 14:51:18+00:00,8.257142857142858,0.1578947368421052,0.0061112898037954,0.0929559343840463,3109,196.47,0.0,low,low,GitHubActions,Python,13,open_issue_ratio=low | project_age_days=low | ci_type=GitHubActions | mainLanguage=Python,PGai
magico13/pyemvue,master,144.0,21.0,91.0,20.0,205.0,7.0,2020-03-08 10:57:28+00:00,76.0,22.0,Python,2025-03-02T05:23:27,17.0,GitHubActions,2024-02-25 20:35:29+00:00,13.0,0.2894736842105263,0.0373831775700934,0.0447614363010329,2033,108.72,2.7087198515769946,low,low,GitHubActions,Python,13,open_issue_ratio=low | project_age_days=low | ci_type=GitHubActions | mainLanguage=Python,PGai
aiolifx/aiolifx,master,310.0,29.0,232.0,6.0,22.0,7.0,2017-02-20 09:23:13+00:00,20.0,4.0,Python,2025-03-06T06:39:17,80.0,GitHubActions,2021-01-20 11:57:48+00:00,33.142857142857146,0.2,0.0063593004769475,0.0737678855325914,3145,87.78,0.0,low,low,GitHubActions,Python,13,open_issue_ratio=low | project_age_days=low | ci_type=GitHubActions | mainLanguage=Python,PGai
keras-team/keras-cv,master,26347.0,46.0,1217.0,30.0,1017.0,106.0,2020-05-18 10:39:21+00:00,1002.0,162.0,Python,2024-11-02T12:11:23,1441.0,GitHubActions,2021-11-09 20:11:25+00:00,11.4811320754717,0.1616766467065868,0.5107033639143731,0.6202854230377166,1962,164.19,51.31010184746566,low,low,GitHubActions,Python,13,open_issue_ratio=low | project_age_days=low | ci_type=GitHubActions | mainLanguage=Python,PGai
hibikier/zhenxun_bot,main,313729.0,71.0,1939.0,25.0,3535.0,71.0,2021-05-16 11:49:20+00:00,1408.0,12.0,Python,2025-04-05T03:19:24,448.0,GitHubActions,2022-05-21 15:50:51+00:00,27.309859154929576,0.0085227272727272,0.8805503439649781,1.2126328955597248,1599,25.2,8.584157339997827,low,low,GitHubActions,Python,13,open_issue_ratio=low | project_age_days=low | ci_type=GitHubActions | mainLanguage=Python,PGai
quark-framework/quark,main,8745.0,13.0,188.0,8.0,55.0,17.0,2022-03-01 12:39:28+00:00,22.0,7.0,Python,2025-02-07T03:30:22,125.0,GitHubActions,2023-03-09 13:30:50+00:00,11.058823529411764,0.3181818181818182,0.0167938931297709,0.1435114503816794,1310,66.37,23.348634124496197,low,low,GitHubActions,Python,13,open_issue_ratio=low | project_age_days=low | ci_type=GitHubActions | mainLanguage=Python,PGai
rte-france/grid2op,master,89533.0,31.0,3108.0,20.0,290.0,35.0,2019-10-10 05:04:46+00:00,355.0,45.0,Python,2024-07-12T07:00:22,274.0,GitHubActions,2023-07-26 12:30:43+00:00,88.8,0.1267605633802817,0.16262024736601,1.423728813559322,2183,86.55,36.201828613345214,low,low,GitHubActions,Python,13,open_issue_ratio=low | project_age_days=low | ci_type=GitHubActions | mainLanguage=Python,PGai
pyasi/pybuildkite,master,170.0,15.0,184.0,1.0,34.0,28.0,2019-02-09 04:38:07+00:00,27.0,4.0,Python,2025-04-25T05:33:04,72.0,GitHubActions,2020-09-10 15:04:48+00:00,6.571428571428571,0.1481481481481481,0.0111294311624072,0.0758450123660346,2426,127.89,64.98644986449864,low,low,GitHubActions,Python,13,open_issue_ratio=low | project_age_days=low | ci_type=GitHubActions | mainLanguage=Python,PGai
googleapis/google-cloudevents-python,main,1511.0,19.0,171.0,46.0,26.0,17.0,2020-06-17 06:33:15+00:00,51.0,2.0,Python,2025-03-31T06:56:25,271.0,GitHubActions,2023-01-31 19:11:37+00:00,10.058823529411764,0.0392156862745098,0.0263975155279503,0.0885093167701863,1932,34.68,2.0705250512331284,low,low,GitHubActions,Python,13,open_issue_ratio=low | project_age_days=low | ci_type=GitHubActions | mainLanguage=Python,PGai
elastic/eland,main,21905.0,35.0,598.0,206.0,670.0,44.0,2019-06-11 07:24:06+00:00,277.0,73.0,Python,2025-04-25T12:19:23,508.0,GitHubActions,2020-10-27 16:28:55+00:00,13.590909090909092,0.2635379061371841,0.1202256944444444,0.2595486111111111,2304,122.18,51.27378435517971,low,low,GitHubActions,Python,13,open_issue_ratio=low | project_age_days=low | ci_type=GitHubActions | mainLanguage=Python,PGai
katybrown/cialign,master,66783.0,17.0,592.0,4.0,110.0,7.0,2019-04-04 04:22:17+00:00,25.0,8.0,Python,2024-07-18T03:56:17,43.0,GitHubActions,2021-12-07 12:25:12+00:00,84.57142857142857,0.32,0.010539629005059,0.2495784148397976,2372,111.07,31.90517347820719,low,low,GitHubActions,Python,13,open_issue_ratio=low | project_age_days=low | ci_type=GitHubActions | mainLanguage=Python,PGai
openenergyplatform/ontology,dev,80939.0,29.0,6527.0,10.0,118.0,64.0,2018-06-06 12:04:47+00:00,994.0,135.0,Python,2025-04-23T05:54:05,1017.0,GitHubActions,2020-05-05 14:29:59+00:00,101.984375,0.1358148893360161,0.3717277486910995,2.4409124906507107,2674,95.63,1.0144067339340634,low,low,GitHubActions,Python,13,open_issue_ratio=low | project_age_days=low | ci_type=GitHubActions | mainLanguage=Python,PGai
mastercomfig/mastercomfig,develop,628394.0,207.0,3366.0,25.0,659.0,47.0,2016-09-28 03:36:31+00:00,229.0,18.0,Python,2025-03-08T05:50:25,530.0,GitHubActions,2020-08-01 15:13:21+00:00,71.61702127659575,0.0786026200873362,0.0696048632218845,1.0231003039513678,3290,40.42,0.0,low,low,GitHubActions,Python,13,open_issue_ratio=low | project_age_days=low | ci_type=GitHubActions | mainLanguage=Python,PGai
openego/edisgo,dev,33684.0,13.0,4365.0,5.0,40.0,27.0,2017-04-05 12:16:17+00:00,243.0,41.0,Python,2025-04-23T01:54:07,244.0,GitHubActions,2021-07-16 11:58:59+00:00,161.66666666666666,0.1687242798353909,0.0783618187681393,1.4076104482425025,3101,263.24,24.386824428421765,low,low,GitHubActions,Python,13,open_issue_ratio=low | project_age_days=low | ci_type=GitHubActions | mainLanguage=Python,PGai
knugihk/whatsapp-chat-exporter,main,741.0,17.0,534.0,12.0,721.0,11.0,2021-01-10 01:53:20+00:00,115.0,24.0,Python,2025-04-27T08:21:38,15.0,GitHubActions,2022-02-22 14:01:36+00:00,48.54545454545455,0.208695652173913,0.0666666666666666,0.3095652173913043,1725,135.11,6.40230394328755,low,low,GitHubActions,Python,13,open_issue_ratio=low | project_age_days=low | ci_type=GitHubActions | mainLanguage=Python,PGai
merginmaps/python-api-client,master,6438.0,43.0,480.0,11.0,17.0,28.0,2019-04-18 02:06:57+00:00,97.0,24.0,Python,2025-04-08T06:16:07,137.0,GitHubActions,2020-08-11 14:03:05+00:00,17.142857142857142,0.2474226804123711,0.0411365564037319,0.2035623409669211,2358,173.63,52.96523517382413,low,low,GitHubActions,Python,13,open_issue_ratio=low | project_age_days=low | ci_type=GitHubActions | mainLanguage=Python,PGai
nickhugi/pykotor,master,293696.0,29.0,4627.0,2.0,10.0,12.0,2021-10-14 04:33:11+00:00,36.0,7.0,Python,2024-06-21T01:35:49,70.0,GitHubActions,2023-09-10 05:37:44+00:00,385.5833333333333,0.1944444444444444,0.0248618784530386,3.195441988950276,1448,47.44,8.730819005361434,low,low,GitHubActions,Python,13,open_issue_ratio=low | project_age_days=low | ci_type=GitHubActions | mainLanguage=Python,PGai
hystax/optscale,integration,670111.0,56.0,1599.0,27.0,1447.0,26.0,2021-02-01 06:00:14+00:00,185.0,11.0,Python,2025-04-25T03:41:29,434.0,GitHubActions,2023-08-16 13:18:22+00:00,61.5,0.0594594594594594,0.1086318261890781,0.9389312977099236,1703,81.93,19.74489968535372,low,low,GitHubActions,Python,13,open_issue_ratio=low | project_age_days=low | ci_type=GitHubActions | mainLanguage=Python,PGai
nautechsystems/nautilus_trader,develop,139075.0,123.0,14337.0,92.0,5742.0,81.0,2018-06-25 06:26:16+00:00,664.0,64.0,Python,2025-04-26T10:24:53,1700.0,GitHubActions,2020-07-18 01:12:27+00:00,177.0,0.0963855421686747,0.2500941619585687,5.4,2655,38.0,13.511634281741053,low,low,GitHubActions,Python,13,open_issue_ratio=low | project_age_days=low | ci_type=GitHubActions | mainLanguage=Python,PGai
earthobservations/wetterdienst,main,24613.0,143.0,1805.0,9.0,380.0,27.0,2018-12-08 03:39:42+00:00,279.0,14.0,Python,2025-04-25T03:07:57,1111.0,GitHubActions,2020-06-20 11:04:18+00:00,66.85185185185185,0.050179211469534,0.112093210124548,0.7251908396946565,2489,73.83,36.29331097346569,low,low,GitHubActions,Python,13,open_issue_ratio=low | project_age_days=low | ci_type=GitHubActions | mainLanguage=Python,PGai
kyleaoman/martini,main,32647.0,24.0,923.0,3.0,15.0,3.0,2017-10-19 01:49:48+00:00,56.0,14.0,Python,2025-03-03T09:33:46,30.0,GitHubActions,2023-03-01 12:37:25+00:00,307.6666666666667,0.25,0.0192837465564738,0.3178374655647383,2904,57.5,34.03890736820885,low,low,GitHubActions,Python,13,open_issue_ratio=low | project_age_days=low | ci_type=GitHubActions | mainLanguage=Python,PGai
tl-its-umich-edu/my-learning-analytics,master,3159.0,29.0,812.0,9.0,36.0,30.0,2018-07-11 11:55:57+00:00,813.0,91.0,Python,2025-03-17T01:57:19,817.0,GitHubActions,2023-08-25 14:32:05+00:00,27.066666666666663,0.1119311193111931,0.3080712391057219,0.3076923076923077,2639,136.85,0.0,low,low,GitHubActions,Python,13,open_issue_ratio=low | project_age_days=low | ci_type=GitHubActions | mainLanguage=Python,PGai
jessebot/onboardme,main,87959.0,67.0,1624.0,2.0,18.0,6.0,2018-10-26 03:32:20+00:00,88.0,19.0,Python,2025-01-23T10:24:13,196.0,GitHubActions,2022-10-24 06:46:15+00:00,270.6666666666667,0.2159090909090909,0.0347551342812006,0.641390205371248,2532,37.79,0.0,low,low,GitHubActions,Python,13,open_issue_ratio=low | project_age_days=low | ci_type=GitHubActions | mainLanguage=Python,PGai
folio-fse/folioclient,master,154.0,56.0,166.0,3.0,10.0,6.0,2019-07-06 09:16:41+00:00,43.0,6.0,Python,2025-04-24T06:32:20,47.0,GitHubActions,2021-07-28 08:21:56+00:00,27.666666666666668,0.1395348837209302,0.0188679245283018,0.0728389644580956,2279,34.57,30.32440056417489,low,low,GitHubActions,Python,13,open_issue_ratio=low | project_age_days=low | ci_type=GitHubActions | mainLanguage=Python,PGai
esmvalgroup/esmvalcore,main,142546.0,54.0,9569.0,22.0,47.0,109.0,2019-06-04 11:58:08+00:00,1131.0,256.0,Python,2025-04-15T11:28:46,1526.0,GitHubActions,2020-08-12 08:59:02+00:00,87.78899082568807,0.2263483642793987,0.4893985287754219,4.140631761142362,2311,205.51,39.79702050870006,low,low,GitHubActions,Python,13,open_issue_ratio=low | project_age_days=low | ci_type=GitHubActions | mainLanguage=Python,PGai
ablab/isoquant,master,20573.0,33.0,1423.0,12.0,162.0,15.0,2020-04-15 08:13:34+00:00,242.0,45.0,Python,2025-04-17T08:58:55,56.0,GitHubActions,2023-01-17 10:43:51+00:00,94.86666666666666,0.1859504132231405,0.1213032581453634,0.7132832080200501,1995,87.02,18.95676429567643,low,low,GitHubActions,Python,13,open_issue_ratio=low | project_age_days=low | ci_type=GitHubActions | mainLanguage=Python,PGai
openviess/pyvicare,master,1393.0,23.0,512.0,23.0,150.0,56.0,2019-01-09 20:20:53+00:00,164.0,39.0,Python,2025-04-24T11:29:30,385.0,GitHubActions,2021-01-01 20:59:00+00:00,9.142857142857142,0.2378048780487804,0.0667480667480667,0.2083842083842083,2457,70.47,3.039167027466551,low,low,GitHubActions,Python,13,open_issue_ratio=low | project_age_days=low | ci_type=GitHubActions | mainLanguage=Python,PGai
serokell/tezos-packaging,master,138186.0,122.0,1907.0,13.0,60.0,30.0,2019-11-06 12:19:24+00:00,256.0,11.0,Python,2025-04-14T12:02:22,592.0,GitHubActions,2021-07-26 13:07:35+00:00,63.56666666666667,0.04296875,0.1187384044526901,0.884508348794063,2156,53.69,4.260904684975767,low,low,GitHubActions,Python,13,open_issue_ratio=low | project_age_days=low | ci_type=GitHubActions | mainLanguage=Python,PGai
billyeatcookies/biscuit,main,5018.0,17.0,1203.0,2.0,135.0,25.0,2021-10-04 06:45:57+00:00,114.0,21.0,Python,2024-04-15T07:20:24,162.0,GitHubActions,2023-04-18 09:40:53+00:00,48.12,0.1842105263157894,0.0781893004115226,0.8251028806584362,1458,65.99,1.510180700932146,low,low,GitHubActions,Python,13,open_issue_ratio=low | project_age_days=low | ci_type=GitHubActions | mainLanguage=Python,PGai
jacksund/simmate,main,129623.0,31.0,1402.0,2.0,30.0,10.0,2020-12-10 02:01:36+00:00,192.0,38.0,Python,2025-04-20T05:01:40,524.0,GitHubActions,2021-12-13 19:47:47+00:00,140.2,0.1979166666666666,0.1093394077448747,0.7984054669703873,1756,57.95,7.327218892178811,low,low,GitHubActions,Python,13,open_issue_ratio=low | project_age_days=low | ci_type=GitHubActions | mainLanguage=Python,PGai
iceloof/googlenews,master,223.0,28.0,131.0,7.0,320.0,22.0,2019-01-14 03:39:54+00:00,106.0,19.0,Python,2024-03-24T03:54:15,45.0,GitHubActions,2020-07-11 01:00:26+00:00,5.954545454545454,0.1792452830188679,0.0432300163132137,0.0534257748776509,2452,15.56,22.132471728594503,low,low,GitHubActions,Python,13,open_issue_ratio=low | project_age_days=low | ci_type=GitHubActions | mainLanguage=Python,PGai
rwth-iat/aas_manager,master,2026.0,38.0,1110.0,2.0,24.0,7.0,2020-09-05 10:55:32+00:00,21.0,6.0,Python,2025-04-09T03:26:03,15.0,GitHubActions,2022-02-22 17:31:07+00:00,158.57142857142858,0.2857142857142857,0.0113390928725701,0.5993520518358532,1852,68.4,2.292640186915888,low,low,GitHubActions,Python,13,open_issue_ratio=low | project_age_days=low | ci_type=GitHubActions | mainLanguage=Python,PGai
ihabunek/twitch-dl,master,806.0,62.0,460.0,15.0,693.0,16.0,2018-01-25 10:09:08+00:00,151.0,24.0,Python,2025-04-12T09:24:02,28.0,GitHubActions,2024-04-24 06:10:08+00:00,28.75,0.1589403973509933,0.0538132573057733,0.1639344262295081,2806,137.74,8.483470351582998,low,low,GitHubActions,Python,13,open_issue_ratio=low | project_age_days=low | ci_type=GitHubActions | mainLanguage=Python,PGai
dhi/mikeio,main,151037.0,74.0,4175.0,11.0,149.0,37.0,2019-01-31 12:02:57+00:00,222.0,16.0,Python,2025-04-22T08:32:34,497.0,GitHubActions,2020-05-28 07:32:37+00:00,112.83783783783784,0.072072072072072,0.0911704312114989,1.7145790554414784,2435,104.11,39.78118015944494,low,low,GitHubActions,Python,13,open_issue_ratio=low | project_age_days=low | ci_type=GitHubActions | mainLanguage=Python,PGai
manatools/dnfdragora,master,6631.0,19.0,1233.0,14.0,155.0,30.0,2016-03-28 08:05:49+00:00,175.0,39.0,Python,2025-04-27T03:57:42,69.0,GitHubActions,2024-09-08 19:31:30+00:00,41.1,0.2228571428571428,0.0503742084052964,0.3549222797927461,3474,153.11,0.0,low,low,GitHubActions,Python,13,open_issue_ratio=low | project_age_days=low | ci_type=GitHubActions | mainLanguage=Python,PGai
rhayes777/pyautofit,main,27432.0,19.0,8048.0,7.0,63.0,13.0,2018-11-18 03:51:34+00:00,425.0,43.0,Python,2025-04-09T05:44:54,702.0,GitHubActions,2021-02-03 15:53:51+00:00,619.0769230769231,0.1011764705882353,0.169390195296931,3.207652451175768,2509,103.45,45.91808622985445,low,low,GitHubActions,Python,13,open_issue_ratio=low | project_age_days=low | ci_type=GitHubActions | mainLanguage=Python,PGai
timsoethout/goodwe-sems-home-assistant,master,314.0,32.0,128.0,10.0,98.0,15.0,2019-01-04 09:12:46+00:00,97.0,20.0,Python,2025-04-06T06:02:46,24.0,GitHubActions,2024-03-30 21:18:07+00:00,8.533333333333333,0.2061855670103092,0.0393988627132412,0.0519902518277822,2462,62.85,19.851380042462846,low,low,GitHubActions,Python,13,open_issue_ratio=low | project_age_days=low | ci_type=GitHubActions | mainLanguage=Python,PGai
epispot/epispot,main,6286.0,15.0,113.0,3.0,15.0,3.0,2020-07-17 09:22:16+00:00,52.0,2.0,Python,2024-02-16T05:21:34,188.0,GitHubActions,2022-08-21 02:31:06+00:00,37.66666666666666,0.0384615384615384,0.0273396424815983,0.0594111461619348,1902,68.09,20.97976570820021,low,low,GitHubActions,Python,13,open_issue_ratio=low | project_age_days=low | ci_type=GitHubActions | mainLanguage=Python,PGai
kiwigrid/k8s-sidecar,master,539.0,84.0,640.0,15.0,650.0,85.0,2018-05-02 09:24:28+00:00,120.0,12.0,Python,2025-03-28T05:42:21,272.0,GitHubActions,2020-10-13 10:32:00+00:00,7.529411764705882,0.1,0.044296788482835,0.2362495385751199,2709,169.24,2.275960170697013,low,low,GitHubActions,Python,13,open_issue_ratio=low | project_age_days=low | ci_type=GitHubActions | mainLanguage=Python,PGai
blaylockbk/herbie,main,180397.0,24.0,1391.0,16.0,580.0,28.0,2020-06-26 05:43:11+00:00,208.0,72.0,Python,2025-04-27T04:21:16,109.0,GitHubActions,2022-04-06 04:07:06+00:00,49.67857142857143,0.3461538461538461,0.1081643265730629,0.7233489339573583,1923,63.24,8.231584054338157,low,low,GitHubActions,Python,13,open_issue_ratio=low | project_age_days=low | ci_type=GitHubActions | mainLanguage=Python,PGai
neurostuff/pymare,master,392.0,20.0,343.0,6.0,55.0,6.0,2019-12-18 07:01:22+00:00,57.0,15.0,Python,2025-04-24T10:36:12,70.0,GitHubActions,2021-12-17 19:37:04+00:00,57.16666666666666,0.2631578947368421,0.0269631031220435,0.162251655629139,2114,107.49,26.026504453617207,low,low,GitHubActions,Python,13,open_issue_ratio=low | project_age_days=low | ci_type=GitHubActions | mainLanguage=Python,PGai
unit8co/darts,master,217859.0,48.0,1336.0,62.0,8519.0,144.0,2018-09-13 03:17:28+00:00,1669.0,222.0,Python,2025-04-20T08:45:39,1114.0,GitHubActions,2020-04-09 15:35:37+00:00,9.27777777777778,0.1330137807070102,0.6481553398058253,0.5188349514563106,2575,83.89,9.86854317174402,low,low,GitHubActions,Python,13,open_issue_ratio=low | project_age_days=low | ci_type=GitHubActions | mainLanguage=Python,PGai
y-young/nazurin,master,1064.0,27.0,437.0,3.0,282.0,9.0,2020-02-15 02:38:11+00:00,51.0,3.0,Python,2025-04-26T03:45:19,52.0,GitHubActions,2022-09-10 09:22:23+00:00,48.55555555555556,0.0588235294117647,0.0248175182481751,0.2126520681265206,2055,40.46,1.5276580017247752,low,low,GitHubActions,Python,13,open_issue_ratio=low | project_age_days=low | ci_type=GitHubActions | mainLanguage=Python,PGai
traveltime-dev/traveltime-python-sdk,master,419.0,49.0,295.0,2.0,20.0,18.0,2021-09-20 11:46:42+00:00,59.0,10.0,Python,2025-04-01T10:15:27,102.0,GitHubActions,2022-11-23 15:31:56+00:00,16.38888888888889,0.1694915254237288,0.0400815217391304,0.2004076086956521,1472,90.39,15.825491873396064,low,low,GitHubActions,Python,13,open_issue_ratio=low | project_age_days=low | ci_type=GitHubActions | mainLanguage=Python,PGai
briis/securityspy,master,1356.0,30.0,293.0,10.0,37.0,4.0,2020-03-27 09:57:40+00:00,56.0,7.0,Python,2024-09-23T08:23:09,44.0,GitHubActions,2021-12-22 11:14:46+00:00,73.25,0.125,0.0278053624627606,0.1454816285998013,2014,66.39,0.0,low,low,GitHubActions,Python,13,open_issue_ratio=low | project_age_days=low | ci_type=GitHubActions | mainLanguage=Python,PGai
kwindrem/guimods,main,25189.0,103.0,430.0,35.0,236.0,2.0,2021-02-16 01:18:39+00:00,284.0,88.0,Python,2025-04-21T08:29:37,20.0,GitHubActions,2023-12-16 20:08:59+00:00,215.0,0.3098591549295774,0.1682464454976303,0.254739336492891,1688,13.19,0.0,low,low,GitHubActions,Python,13,open_issue_ratio=low | project_age_days=low | ci_type=GitHubActions | mainLanguage=Python,PGai
certcc/ssvc,main,8166.0,20.0,679.0,12.0,146.0,23.0,2020-01-23 02:16:42+00:00,339.0,79.0,Python,2025-04-03T05:43:06,403.0,GitHubActions,2023-05-03 15:07:51+00:00,29.52173913043478,0.2330383480825958,0.1631376323387873,0.3267564966313763,2078,121.62,6.262303984793973,low,low,GitHubActions,Python,13,open_issue_ratio=low | project_age_days=low | ci_type=GitHubActions | mainLanguage=Python,PGai
tomasmcguinness/homeassistant-mixergy,main,130.0,22.0,147.0,7.0,39.0,4.0,2021-06-23 01:59:11+00:00,31.0,5.0,Python,2025-02-27T02:20:16,20.0,GitHubActions,2022-07-22 09:12:56+00:00,36.75,0.1612903225806451,0.019859064702114,0.0941704035874439,1561,63.31,47.51001717229536,low,low,GitHubActions,Python,13,open_issue_ratio=low | project_age_days=low | ci_type=GitHubActions | mainLanguage=Python,PGai
archivebox/archivebox,dev,11466.0,31.0,4643.0,176.0,23463.0,141.0,2017-05-05 08:50:14+00:00,997.0,213.0,Python,2025-03-20T11:09:40,432.0,GitHubActions,2020-07-03 20:52:28+00:00,32.9290780141844,0.2136409227683049,0.3246499511559752,1.511885379355259,3071,116.49,7.772833498735474,low,low,GitHubActions,Python,13,open_issue_ratio=low | project_age_days=low | ci_type=GitHubActions | mainLanguage=Python,PGai
sublimelsp/lsp-rust-analyzer,main,337.0,38.0,105.0,7.0,75.0,11.0,2021-06-07 06:23:57+00:00,74.0,13.0,Python,2025-04-09T06:05:34,83.0,GitHubActions,2023-12-14 22:50:58+00:00,9.545454545454543,0.1756756756756756,0.0469245402663284,0.066582117945466,1577,109.9,0.0,low,low,GitHubActions,Python,13,open_issue_ratio=low | project_age_days=low | ci_type=GitHubActions | mainLanguage=Python,PGai
ci-group/revolve2,master,39452.0,35.0,267.0,4.0,19.0,8.0,2020-07-07 07:54:34+00:00,250.0,42.0,Python,2025-02-26T04:15:41,338.0,GitHubActions,2022-01-06 14:27:27+00:00,33.375,0.168,0.1307531380753138,0.1396443514644351,1912,83.67,2.8637951105937134,low,low,GitHubActions,Python,13,open_issue_ratio=low | project_age_days=low | ci_type=GitHubActions | mainLanguage=Python,PGai
mmuckley/torchkbnufft,main,14909.0,20.0,118.0,7.0,218.0,7.0,2019-11-11 03:01:08+00:00,42.0,9.0,Python,2024-12-04T02:54:05,48.0,GitHubActions,2021-01-14 00:28:14+00:00,16.857142857142858,0.2142857142857142,0.0195258019525801,0.0548582054858205,2151,31.05,30.342765125373823,low,low,GitHubActions,Python,13,open_issue_ratio=low | project_age_days=low | ci_type=GitHubActions | mainLanguage=Python,PGai
d2l-ai/d2l-en,master,317904.0,15.0,6491.0,411.0,22877.0,334.0,2018-10-09 01:04:37+00:00,291.0,95.0,Python,2024-03-16T10:46:02,2197.0,GitHubActions,2023-05-05 19:19:22+00:00,19.434131736526947,0.3264604810996563,0.1141624166339741,2.5464888191447628,2549,54.2,0.0,low,low,GitHubActions,Python,13,open_issue_ratio=low | project_age_days=low | ci_type=GitHubActions | mainLanguage=Python,PGai
cpmpy/cpmpy,master,57038.0,33.0,1674.0,6.0,254.0,31.0,2017-08-20 03:08:56+00:00,297.0,38.0,Python,2025-04-24T01:30:07,360.0,GitHubActions,2021-02-22 19:59:57+00:00,54.0,0.1279461279461279,0.1002024291497975,0.5647773279352226,2964,108.41,26.126242974492005,low,low,GitHubActions,Python,13,open_issue_ratio=low | project_age_days=low | ci_type=GitHubActions | mainLanguage=Python,PGai
mne-tools/mne-bids-pipeline,main,1102417.0,13.0,903.0,12.0,146.0,27.0,2019-01-28 12:18:07+00:00,346.0,76.0,Python,2025-04-21T08:13:11,733.0,GitHubActions,2020-11-02 14:07:53+00:00,33.44444444444444,0.2196531791907514,0.1419196062346185,0.3703855619360131,2438,126.95,11.392763978677554,low,low,GitHubActions,Python,13,open_issue_ratio=low | project_age_days=low | ci_type=GitHubActions | mainLanguage=Python,PGai
iver56/audiomentations,main,11111.0,42.0,1347.0,19.0,2019.0,32.0,2019-02-12 04:36:24+00:00,197.0,50.0,Python,2025-04-25T01:02:36,194.0,GitHubActions,2022-08-26 08:35:45+00:00,42.09375,0.2538071065989847,0.0813041683862979,0.5559224102352456,2423,151.84,46.30808950086058,low,low,GitHubActions,Python,13,open_issue_ratio=low | project_age_days=low | ci_type=GitHubActions | mainLanguage=Python,PGai
mjg59/python-broadlink,master,408.0,16.0,331.0,95.0,1359.0,82.0,2016-09-15 03:00:33+00:00,419.0,54.0,Python,2024-04-17T06:26:53,388.0,GitHubActions,2020-09-26 06:23:22+00:00,4.036585365853658,0.1288782816229117,0.126854374810778,0.1002119285498032,3303,349.16,0.0,low,low,GitHubActions,Python,13,open_issue_ratio=low | project_age_days=low | ci_type=GitHubActions | mainLanguage=Python,PGai
tensorflow/tfx,master,245867.0,96.0,5969.0,87.0,2141.0,214.0,2019-02-04 05:14:36+00:00,916.0,33.0,Python,2025-03-26T04:24:50,6060.0,GitHubActions,2020-05-12 03:09:13+00:00,27.89252336448598,0.0360262008733624,0.376799670917318,2.4553681612505143,2431,261.32,40.81292960843342,low,low,GitHubActions,Python,13,open_issue_ratio=low | project_age_days=low | ci_type=GitHubActions | mainLanguage=Python,PGai
geus-glaciology-and-climate/pypromice,main,101554.0,20.0,857.0,3.0,14.0,13.0,2020-09-15 11:37:27+00:00,156.0,44.0,Python,2025-03-17T08:35:03,158.0,GitHubActions,2022-10-11 17:32:21+00:00,65.92307692307692,0.282051282051282,0.0846905537459283,0.4652551574375678,1842,275.3,11.163373357284677,low,low,GitHubActions,Python,13,open_issue_ratio=low | project_age_days=low | ci_type=GitHubActions | mainLanguage=Python,PGai
codecov/codecov-circleci-orb,main,600.0,39.0,328.0,8.0,22.0,19.0,2018-11-12 02:50:24+00:00,73.0,2.0,Python,2025-03-11T05:52:32,158.0,GitHubActions,2024-01-17 21:21:40+00:00,17.263157894736842,0.0273972602739726,0.0290258449304174,0.130417495029821,2515,84.01,0.430737422467264,low,low,GitHubActions,Python,13,open_issue_ratio=low | project_age_days=low | ci_type=GitHubActions | mainLanguage=Python,PGai
qbraid/qbraid,main,42063.0,39.0,2599.0,5.0,83.0,39.0,2019-09-11 06:49:15+00:00,229.0,23.0,Python,2025-04-25T03:55:15,737.0,GitHubActions,2021-08-25 20:51:03+00:00,66.64102564102564,0.1004366812227074,0.1035262206148282,1.1749547920433996,2212,116.53,85.8051636043718,low,low,GitHubActions,Python,13,open_issue_ratio=low | project_age_days=low | ci_type=GitHubActions | mainLanguage=Python,PGai
discopop-project/discopop,master,10483.0,20.0,1809.0,5.0,41.0,15.0,2019-05-07 07:24:04+00:00,232.0,26.0,Python,2025-03-04T10:32:51,450.0,GitHubActions,2020-08-27 15:28:31+00:00,120.6,0.1120689655172413,0.099187687045746,0.7734074390765284,2339,28.37,8.291769344504681,low,low,GitHubActions,Python,13,open_issue_ratio=low | project_age_days=low | ci_type=GitHubActions | mainLanguage=Python,PGai
seismicsource/sourcespec,main,1901.0,19.0,1561.0,6.0,65.0,6.0,2020-02-26 03:43:22+00:00,25.0,4.0,Python,2025-04-18T10:41:44,30.0,GitHubActions,2021-10-07 08:39:10+00:00,260.1666666666667,0.16,0.0122309197651663,0.7636986301369864,2044,14.34,4.552977547387815,low,low,GitHubActions,Python,13,open_issue_ratio=low | project_age_days=low | ci_type=GitHubActions | mainLanguage=Python,PGai
freiheit/discord_feedbot,main,895.0,15.0,611.0,6.0,82.0,12.0,2016-02-03 05:53:37+00:00,80.0,1.0,Python,2025-03-25T02:58:53,253.0,GitHubActions,2021-03-02 00:15:54+00:00,50.91666666666666,0.0125,0.0226757369614512,0.1731859410430839,3528,308.34,0.0,low,low,GitHubActions,Python,13,open_issue_ratio=low | project_age_days=low | ci_type=GitHubActions | mainLanguage=Python,PGai
piccolo-orm/piccolo_admin,master,9679.0,60.0,733.0,6.0,344.0,18.0,2019-06-25 07:24:31+00:00,173.0,43.0,Python,2025-04-09T05:31:59,241.0,GitHubActions,2021-03-23 23:08:53+00:00,40.72222222222222,0.2485549132947976,0.0755458515283842,0.3200873362445415,2290,47.6,10.180549233803672,low,low,GitHubActions,Python,13,open_issue_ratio=low | project_age_days=low | ci_type=GitHubActions | mainLanguage=Python,PGai
parashardhapola/scarf,master,34365.0,75.0,1032.0,5.0,100.0,10.0,2020-05-07 05:03:52+00:00,64.0,14.0,Python,2025-04-15T03:20:32,59.0,GitHubActions,2021-07-03 23:50:04+00:00,103.2,0.21875,0.0324379118094272,0.5230613279270147,1973,59.56,2.448930832636483,low,low,GitHubActions,Python,13,open_issue_ratio=low | project_age_days=low | ci_type=GitHubActions | mainLanguage=Python,PGai
opsgenie/oec-scripts,master,21252.0,169.0,204.0,24.0,23.0,36.0,2019-03-05 01:15:13+00:00,27.0,7.0,Python,2025-04-18T12:15:33,89.0,GitHubActions,2020-09-15 21:49:10+00:00,5.666666666666667,0.2592592592592592,0.011240632805995,0.0849292256452955,2402,541.03,0.0,low,low,GitHubActions,Python,13,open_issue_ratio=low | project_age_days=low | ci_type=GitHubActions | mainLanguage=Python,PGai
mitre-attack/mitreattack-python,master,9228.0,21.0,608.0,27.0,540.0,23.0,2020-12-11 02:05:58+00:00,87.0,28.0,Python,2025-04-22T01:45:56,98.0,GitHubActions,2022-08-24 14:45:06+00:00,26.43478260869565,0.3218390804597701,0.0495726495726495,0.3464387464387464,1755,53.91,28.29071166363328,low,low,GitHubActions,Python,13,open_issue_ratio=low | project_age_days=low | ci_type=GitHubActions | mainLanguage=Python,PGai
paddlepaddle/paddlenlp,develop,115341.0,48.0,5820.0,101.0,12542.0,377.0,2021-02-05 01:07:42+00:00,3729.0,286.0,Python,2025-04-27T09:12:45,6688.0,GitHubActions,2022-10-31 08:44:34+00:00,15.437665782493369,0.0766961651917404,2.194820482636845,3.42554443790465,1699,149.8,15.61868610467064,low,low,GitHubActions,Python,13,open_issue_ratio=low | project_age_days=low | ci_type=GitHubActions | mainLanguage=Python,PGai
digitalmethodsinitiative/4cat,master,67635.0,27.0,4119.0,13.0,299.0,20.0,2018-09-25 11:52:37+00:00,352.0,65.0,Python,2025-04-25T11:14:50,119.0,GitHubActions,2020-06-05 13:34:25+00:00,205.95,0.1846590909090909,0.1373390557939914,1.6071010534529848,2563,160.18,0.0020963688425331,low,low,GitHubActions,Python,13,open_issue_ratio=low | project_age_days=low | ci_type=GitHubActions | mainLanguage=Python,PGai
linbreux/wikmd,main,11692.0,29.0,523.0,6.0,326.0,26.0,2020-11-24 01:54:03+00:00,74.0,18.0,Python,2024-09-16T12:04:43,95.0,GitHubActions,2021-12-04 11:05:12+00:00,20.115384615384617,0.2432432432432432,0.0417607223476298,0.2951467268623025,1772,62.86,10.952955367913148,low,low,GitHubActions,Python,13,open_issue_ratio=low | project_age_days=low | ci_type=GitHubActions | mainLanguage=Python,PGai
jdholtz/auto-southwest-check-in,master,793.0,22.0,434.0,15.0,498.0,21.0,2021-09-10 10:56:24+00:00,173.0,10.0,Python,2025-03-10T05:57:59,71.0,GitHubActions,2022-10-10 12:29:12+00:00,20.666666666666668,0.0578034682080924,0.1167341430499325,0.2928475033738191,1482,19.55,25.567518484887792,low,low,GitHubActions,Python,13,open_issue_ratio=low | project_age_days=low | ci_type=GitHubActions | mainLanguage=Python,PGai
cirrus-geo/cirrus-geo,main,6002.0,44.0,781.0,8.0,62.0,21.0,2020-08-07 06:48:59+00:00,164.0,14.0,Python,2025-04-25T05:16:14,148.0,GitHubActions,2021-10-03 03:20:49+00:00,37.19047619047619,0.0853658536585365,0.0871876661350345,0.4152046783625731,1881,357.67,16.5296343001261,low,low,GitHubActions,Python,13,open_issue_ratio=low | project_age_days=low | ci_type=GitHubActions | mainLanguage=Python,PGai
powerapi-ng/smartwatts-formula,master,677.0,27.0,639.0,6.0,32.0,11.0,2019-05-05 10:00:42+00:00,26.0,1.0,Python,2025-04-25T09:25:51,189.0,GitHubActions,2021-09-28 12:45:12+00:00,58.09090909090909,0.0384615384615384,0.0111063648013669,0.2729602733874413,2341,155.48,14.02439024390244,low,low,GitHubActions,Python,13,open_issue_ratio=low | project_age_days=low | ci_type=GitHubActions | mainLanguage=Python,PGai
farama-foundation/microrts-py,master,47170.0,17.0,576.0,11.0,214.0,10.0,2019-04-03 09:26:51+00:00,38.0,13.0,Python,2024-07-01T09:50:56,102.0,GitHubActions,2020-11-13 19:52:14+00:00,57.6,0.3421052631578947,0.0160134850400337,0.2427307206068268,2373,65.4,5.766035227650383,low,low,GitHubActions,Python,13,open_issue_ratio=low | project_age_days=low | ci_type=GitHubActions | mainLanguage=Python,PGai
itning/yunshu-nas,master,32244.0,27.0,1302.0,7.0,176.0,1.0,2019-07-15 07:34:36+00:00,14.0,1.0,Java,2025-04-18T01:02:15,1624.0,GitHubActions,2021-02-28 08:08:15+00:00,1302.0,0.0714285714285714,0.0061674008810572,0.573568281938326,2270,74.54,0.0756624029237094,low,low,GitHubActions,Java,12,open_issue_ratio=low | project_age_days=low | ci_type=GitHubActions | mainLanguage=Java,JGai
bilde2910/hauk,master,6622.0,14.0,539.0,14.0,577.0,36.0,2019-08-23 09:08:13+00:00,177.0,46.0,Java,2024-05-24T09:05:24,30.0,GitHubActions,2023-08-13 13:21:10+00:00,14.97222222222222,0.2598870056497175,0.079336620349619,0.2415956969968624,2231,19.03,1.159608182080092,low,low,GitHubActions,Java,12,open_issue_ratio=low | project_age_days=low | ci_type=GitHubActions | mainLanguage=Java,JGai
eprosima/fast-dds-gen,master,1103.0,30.0,240.0,12.0,89.0,33.0,2019-08-07 09:39:26+00:00,149.0,24.0,Java,2025-04-09T10:17:41,283.0,GitHubActions,2022-08-04 08:35:09+00:00,7.272727272727272,0.1610738255033557,0.0663106364040943,0.1068090787716956,2247,255.06,3.30654420206659,low,low,GitHubActions,Java,12,open_issue_ratio=low | project_age_days=low | ci_type=GitHubActions | mainLanguage=Java,JGai
delta-icons/android,master,311747.0,174.0,6418.0,16.0,673.0,138.0,2016-11-23 04:14:17+00:00,56.0,1.0,Java,2025-04-25T03:24:22,1107.0,GitHubActions,2022-05-07 14:14:50+00:00,46.5072463768116,0.0178571428571428,0.0173160173160173,1.984539270253556,3234,29.74,0.0,low,low,GitHubActions,Java,12,open_issue_ratio=low | project_age_days=low | ci_type=GitHubActions | mainLanguage=Java,JGai
maxmaeder/drivebackupv2,master,37317.0,36.0,858.0,6.0,166.0,27.0,2020-05-08 06:43:23+00:00,124.0,20.0,Java,2025-01-07T08:37:50,84.0,GitHubActions,2021-05-20 23:36:41+00:00,31.77777777777778,0.1612903225806451,0.0628803245436105,0.4350912778904665,1972,74.35,1.5382382818168627,low,low,GitHubActions,Java,12,open_issue_ratio=low | project_age_days=low | ci_type=GitHubActions | mainLanguage=Java,JGai
terraformersmc/terrestria,1.21.5,65548.0,113.0,1025.0,5.0,202.0,32.0,2019-06-26 00:44:51+00:00,231.0,48.0,Java,2025-04-02T02:41:58,104.0,GitHubActions,2021-01-24 01:56:46+00:00,32.03125,0.2077922077922078,0.1009174311926605,0.4477937964176496,2289,49.47,0.0,low,low,GitHubActions,Java,12,open_issue_ratio=low | project_age_days=low | ci_type=GitHubActions | mainLanguage=Java,JGai
innovativeonlineindustries/emojiful,1.20,2195.0,17.0,150.0,4.0,29.0,10.0,2020-03-11 10:20:29+00:00,84.0,28.0,Java,2024-06-12T07:12:54,18.0,GitHubActions,2022-06-11 12:22:23+00:00,15.0,0.3333333333333333,0.0413793103448275,0.0738916256157635,2030,174.55,0.0,low,low,GitHubActions,Java,12,open_issue_ratio=low | project_age_days=low | ci_type=GitHubActions | mainLanguage=Java,JGai
oliviermary/aw-watcher-jetbrains,master,247.0,16.0,91.0,5.0,62.0,3.0,2018-11-21 11:42:15+00:00,18.0,2.0,Java,2024-02-29T09:03:05,126.0,GitHubActions,2023-02-03 00:30:55+00:00,30.33333333333333,0.1111111111111111,0.0071827613727055,0.0363128491620111,2506,308.03,0.0,low,low,GitHubActions,Java,12,open_issue_ratio=low | project_age_days=low | ci_type=GitHubActions | mainLanguage=Java,JGai
radarlabs/react-native-radar,master,15271.0,156.0,257.0,11.0,181.0,17.0,2017-03-19 09:40:04+00:00,88.0,6.0,Java,2025-04-11T04:24:40,297.0,GitHubActions,2022-01-04 23:42:07+00:00,15.117647058823527,0.0681818181818181,0.0282232200128287,0.0824246311738293,3118,157.29,0.0,low,low,GitHubActions,Java,12,open_issue_ratio=low | project_age_days=low | ci_type=GitHubActions | mainLanguage=Java,JGai
terrafirmacraft/terrafirmacraft,1.21.x,179769.0,209.0,4853.0,33.0,561.0,80.0,2018-04-25 09:55:45+00:00,2177.0,29.0,Java,2025-04-16T11:11:45,729.0,GitHubActions,2021-05-06 00:40:00+00:00,60.6625,0.0133210840606339,0.8015463917525774,1.786818851251841,2716,43.29,0.4779925350612554,low,low,GitHubActions,Java,12,open_issue_ratio=low | project_age_days=low | ci_type=GitHubActions | mainLanguage=Java,JGai
azure/kafka-sink-azure-kusto,master,2603.0,39.0,342.0,19.0,49.0,24.0,2018-09-02 10:09:31+00:00,29.0,2.0,Java,2025-03-04T12:27:53,107.0,GitHubActions,2024-01-18 08:33:35+00:00,14.25,0.0689655172413793,0.011214230471771,0.1322505800464037,2586,101.66,41.287398005439705,low,low,GitHubActions,Java,12,open_issue_ratio=low | project_age_days=low | ci_type=GitHubActions | mainLanguage=Java,JGai
datadog/dd-trace-java,master,265244.0,259.0,15163.0,647.0,636.0,243.0,2017-04-24 09:24:40+00:00,768.0,217.0,Java,2025-04-25T08:44:04,7959.0,GitHubActions,2020-03-18 21:36:14+00:00,62.39917695473251,0.2825520833333333,0.2491888384166126,4.919857235561324,3082,123.23,12.864333122840112,low,low,GitHubActions,Java,12,open_issue_ratio=low | project_age_days=low | ci_type=GitHubActions | mainLanguage=Java,JGai
megaease/easeagent,master,20588.0,17.0,778.0,26.0,577.0,35.0,2016-12-10 03:49:26+00:00,66.0,9.0,Java,2024-10-14T10:42:41,277.0,GitHubActions,2021-09-14 16:40:31+00:00,22.228571428571428,0.1363636363636363,0.0205160087037612,0.241840223811004,3217,130.94,40.508229615390015,low,low,GitHubActions,Java,12,open_issue_ratio=low | project_age_days=low | ci_type=GitHubActions | mainLanguage=Java,JGai
pig-mesh/pig,jdk17,39006.0,19.0,1897.0,94.0,6250.0,150.0,2019-08-26 03:24:53+00:00,870.0,286.0,Java,2025-04-25T03:27:58,301.0,GitHubActions,2021-04-16 03:47:36+00:00,12.646666666666668,0.328735632183908,0.3904847396768402,0.8514362657091562,2228,0.49,0.1727341725771415,low,low,GitHubActions,Java,12,open_issue_ratio=low | project_age_days=low | ci_type=GitHubActions | mainLanguage=Java,JGai
smallrye/smallrye-config,main,9746.0,110.0,1563.0,9.0,170.0,68.0,2018-05-20 03:07:04+00:00,282.0,35.0,Java,2025-04-17T10:55:47,1062.0,GitHubActions,2020-02-10 16:14:57+00:00,22.985294117647054,0.1241134751773049,0.10479375696767,0.5808249721293199,2691,84.35,65.0333069888224,low,low,GitHubActions,Java,12,open_issue_ratio=low | project_age_days=low | ci_type=GitHubActions | mainLanguage=Java,JGai
libgdx/gdx-jnigen,master,1684.0,13.0,663.0,21.0,75.0,15.0,2019-06-02 09:24:20+00:00,37.0,7.0,Java,2025-04-26T11:01:02,77.0,GitHubActions,2021-01-18 07:18:06+00:00,44.2,0.1891891891891892,0.01599654128837,0.2866407263294422,2313,227.44,35.05824476725298,low,low,GitHubActions,Java,12,open_issue_ratio=low | project_age_days=low | ci_type=GitHubActions | mainLanguage=Java,JGai
ververica/flink-cdc-connectors,master,42912.0,21.0,1326.0,133.0,6043.0,198.0,2020-07-27 19:23:33+00:00,1630.0,77.0,Java,2024-02-28T09:39:29,1051.0,GitHubActions,2021-08-05 16:35:09+00:00,6.696969696969697,0.0472392638036809,0.861522198731501,0.7008456659619451,1892,264.11,46.78580548439443,low,low,GitHubActions,Java,12,open_issue_ratio=low | project_age_days=low | ci_type=GitHubActions | mainLanguage=Java,JGai
apache/incubator-streampark,dev,62044.0,28.0,1975.0,75.0,3959.0,180.0,2019-05-27 05:56:03+00:00,1501.0,242.0,Java,2025-01-22T03:12:27,2524.0,GitHubActions,2021-11-15 08:52:27+00:00,10.97222222222222,0.1612258494337108,0.6472617507546357,0.8516601983613626,2319,114.12,8.591917011870366,low,low,GitHubActions,Java,12,open_issue_ratio=low | project_age_days=low | ci_type=GitHubActions | mainLanguage=Java,JGai
miguelperezcolom/mateu,master,71535.0,94.0,1631.0,6.0,47.0,6.0,2017-02-07 07:09:48+00:00,45.0,10.0,Java,2025-01-22T09:35:54,135.0,GitHubActions,2020-03-17 10:26:49+00:00,271.8333333333333,0.2222222222222222,0.0142495250158328,0.5164661177960734,3158,112.16,0.9774409145478328,low,low,GitHubActions,Java,12,open_issue_ratio=low | project_age_days=low | ci_type=GitHubActions | mainLanguage=Java,JGai
steveplays28/stevesrealisticsleep,1.20.3-1.20.4,18567.0,45.0,178.0,1.0,13.0,7.0,2022-04-23 12:38:52+00:00,54.0,12.0,Java,2024-01-05T07:00:42,13.0,GitHubActions,2023-05-07 17:40:17+00:00,25.428571428571427,0.2222222222222222,0.0429594272076372,0.1416070007955449,1257,60.74,0.0,low,low,GitHubActions,Java,12,open_issue_ratio=low | project_age_days=low | ci_type=GitHubActions | mainLanguage=Java,JGai
airsquared/blobsaver,master,2570333.0,37.0,371.0,44.0,1695.0,14.0,2018-06-11 01:20:00+00:00,370.0,16.0,Java,2024-02-19T08:14:09,145.0,GitHubActions,2019-11-02 01:52:03+00:00,26.5,0.0432432432432432,0.1386286998875983,0.1390033720494567,2669,49.68,6.25229863920559,low,low,GitHubActions,Java,12,open_issue_ratio=low | project_age_days=low | ci_type=GitHubActions | mainLanguage=Java,JGai
erikzimmermann/tradesystem,develop,1457.0,60.0,974.0,4.0,89.0,31.0,2018-07-05 08:52:03+00:00,437.0,17.0,Java,2025-03-30T02:25:44,141.0,GitHubActions,2020-09-21 09:52:52+00:00,31.41935483870968,0.0389016018306636,0.1652173913043478,0.368241965973535,2645,68.14,0.0,low,low,GitHubActions,Java,12,open_issue_ratio=low | project_age_days=low | ci_type=GitHubActions | mainLanguage=Java,JGai
dipjyotimetia/hybridtestframework,master,188825.0,39.0,3147.0,10.0,148.0,5.0,2019-01-15 12:55:10+00:00,30.0,0.0,Java,2025-04-22T02:01:18,1499.0,GitHubActions,2020-05-14 04:22:00+00:00,629.4,0.0,0.0122399020807833,1.283965728274174,2451,145.4,110.35318118067066,low,low,GitHubActions,Java,12,open_issue_ratio=low | project_age_days=low | ci_type=GitHubActions | mainLanguage=Java,JGai
pivotal-cf/java-cfenv,main,855.0,24.0,272.0,32.0,94.0,38.0,2019-01-29 12:53:03+00:00,99.0,19.0,Java,2025-03-14T03:03:05,196.0,GitHubActions,2020-12-01 19:45:16+00:00,7.157894736842105,0.1919191919191919,0.0406237176856791,0.1116126384899466,2437,113.04,54.07279029462738,low,low,GitHubActions,Java,12,open_issue_ratio=low | project_age_days=low | ci_type=GitHubActions | mainLanguage=Java,JGai
eclipse/microprofile-starter,main,1372.0,17.0,564.0,24.0,71.0,32.0,2018-08-29 05:08:37+00:00,241.0,24.0,Java,2024-10-17T05:31:33,257.0,GitHubActions,2020-12-01 10:38:50+00:00,17.625,0.0995850622406639,0.093050193050193,0.2177606177606177,2590,144.87,13.053080496534916,low,low,GitHubActions,Java,12,open_issue_ratio=low | project_age_days=low | ci_type=GitHubActions | mainLanguage=Java,JGai
funkemunky/antivpn,master,730.0,21.0,225.0,1.0,22.0,10.0,2020-01-10 04:03:14+00:00,31.0,7.0,Java,2025-04-22T04:09:04,33.0,GitHubActions,2022-02-21 12:55:06+00:00,22.5,0.2258064516129032,0.0148254423720707,0.1076040172166427,2091,117.72,0.0,low,low,GitHubActions,Java,12,open_issue_ratio=low | project_age_days=low | ci_type=GitHubActions | mainLanguage=Java,JGai
sollace/unicopia,1.21,43706.0,93.0,3436.0,18.0,57.0,16.0,2016-02-07 07:08:48+00:00,453.0,39.0,Java,2025-04-06T03:02:27,89.0,GitHubActions,2023-09-18 18:52:33+00:00,214.75,0.086092715231788,0.1285471055618615,0.9750283768444948,3524,38.97,0.0,low,low,GitHubActions,Java,12,open_issue_ratio=low | project_age_days=low | ci_type=GitHubActions | mainLanguage=Java,JGai
boecker-lab/sirius,stable,45973.0,42.0,3262.0,9.0,75.0,38.0,2017-06-16 04:21:34+00:00,148.0,31.0,Java,2024-03-08T11:30:01,4.0,GitHubActions,2021-03-19 01:27:23+00:00,85.84210526315789,0.2094594594594594,0.0488610102344007,1.0769230769230769,3029,117.53,4.052409396212387,low,low,GitHubActions,Java,12,open_issue_ratio=low | project_age_days=low | ci_type=GitHubActions | mainLanguage=Java,JGai
innoveit/react-native-ble-manager,master,9046.0,127.0,1257.0,46.0,2205.0,158.0,2016-05-20 09:20:14+00:00,951.0,22.0,Java,2025-04-18T07:35:42,351.0,GitHubActions,2023-12-08 11:31:26+00:00,7.955696202531645,0.0231335436382754,0.2779888921368021,0.3674364220988015,3421,157.9,0.0,low,low,GitHubActions,Java,12,open_issue_ratio=low | project_age_days=low | ci_type=GitHubActions | mainLanguage=Java,JGai
descartesresearch/teastore,master,107367.0,19.0,1766.0,10.0,125.0,31.0,2017-08-18 06:22:29+00:00,150.0,18.0,Java,2025-01-08T04:29:45,128.0,GitHubActions,2020-03-03 10:08:33+00:00,56.96774193548387,0.12,0.0505731625084288,0.5954146999325691,2966,50.79,12.491187592129718,low,low,GitHubActions,Java,12,open_issue_ratio=low | project_age_days=low | ci_type=GitHubActions | mainLanguage=Java,JGai
doubleangels/nextdnsmanager,main,3541.0,28.0,528.0,8.0,381.0,4.0,2021-06-12 10:38:16+00:00,40.0,4.0,Java,2025-03-28T06:27:53,375.0,GitHubActions,2024-04-06 05:46:08+00:00,132.0,0.1,0.0254452926208651,0.3358778625954198,1572,28.4,0.0,low,low,GitHubActions,Java,12,open_issue_ratio=low | project_age_days=low | ci_type=GitHubActions | mainLanguage=Java,JGai
snowblossomcoin/snowblossom,master,3140.0,28.0,933.0,8.0,70.0,15.0,2018-04-25 08:41:32+00:00,190.0,56.0,Java,2025-03-06T05:05:06,39.0,GitHubActions,2021-03-02 05:08:09+00:00,62.2,0.2947368421052631,0.0699558173784977,0.343519882179676,2716,54.1,37.64615221088435,low,low,GitHubActions,Java,12,open_issue_ratio=low | project_age_days=low | ci_type=GitHubActions | mainLanguage=Java,JGai
crschnick/pdx_unlimiter,master,194618.0,127.0,1504.0,10.0,262.0,11.0,2020-01-02 09:17:41+00:00,98.0,12.0,Java,2025-02-03T06:41:15,38.0,GitHubActions,2022-02-10 23:40:33+00:00,136.72727272727272,0.1224489795918367,0.0466888994759409,0.7165316817532158,2099,59.9,0.0,low,low,GitHubActions,Java,12,open_issue_ratio=low | project_age_days=low | ci_type=GitHubActions | mainLanguage=Java,JGai
pinecone-io/pinecone-java-client,main,1374.0,27.0,165.0,26.0,44.0,18.0,2021-04-09 08:45:27+00:00,19.0,0.0,Java,2025-04-09T07:51:21,163.0,GitHubActions,2023-10-03 21:24:31+00:00,9.166666666666666,0.0,0.0116136919315403,0.1008557457212714,1636,21.91,9.831207576637366,low,low,GitHubActions,Java,12,open_issue_ratio=low | project_age_days=low | ci_type=GitHubActions | mainLanguage=Java,JGai
aws/aws-msk-iam-auth,main,328.0,21.0,215.0,14.0,156.0,29.0,2020-09-01 04:42:38+00:00,116.0,23.0,Java,2025-04-09T11:04:26,92.0,GitHubActions,2023-08-11 22:03:52+00:00,7.413793103448276,0.1982758620689655,0.0625,0.1158405172413793,1856,163.12,48.720896809428,low,low,GitHubActions,Java,12,open_issue_ratio=low | project_age_days=low | ci_type=GitHubActions | mainLanguage=Java,JGai
elastic/ecs-logging-java,main,718.0,22.0,286.0,233.0,146.0,38.0,2019-08-08 07:36:05+00:00,90.0,25.0,Java,2025-04-14T11:37:23,229.0,GitHubActions,2021-10-11 09:51:43+00:00,7.526315789473684,0.2777777777777778,0.0400712377560106,0.1273374888691006,2246,62.45,46.60894660894661,low,low,GitHubActions,Java,12,open_issue_ratio=low | project_age_days=low | ci_type=GitHubActions | mainLanguage=Java,JGai
helidon-io/helidon-build-tools,master,8297.0,35.0,690.0,12.0,37.0,26.0,2018-08-27 12:00:31+00:00,450.0,93.0,Java,2025-04-10T07:44:41,652.0,GitHubActions,2022-11-30 10:02:44+00:00,26.53846153846154,0.2066666666666666,0.1736111111111111,0.2662037037037037,2592,79.2,25.83788124621007,low,low,GitHubActions,Java,12,open_issue_ratio=low | project_age_days=low | ci_type=GitHubActions | mainLanguage=Java,JGai
yushijinhun/authlib-injector,develop,791.0,25.0,292.0,30.0,681.0,7.0,2017-08-12 01:35:17+00:00,175.0,20.0,Java,2024-02-17T05:13:27,56.0,GitHubActions,2020-05-01 13:23:27+00:00,41.71428571428572,0.1142857142857142,0.0588829071332436,0.098250336473755,2972,46.77,7.86230344241394,low,low,GitHubActions,Java,12,open_issue_ratio=low | project_age_days=low | ci_type=GitHubActions | mainLanguage=Java,JGai
rosemoe/sora-editor,main,13447.0,74.0,2162.0,27.0,1056.0,37.0,2020-02-04 07:50:29+00:00,294.0,32.0,Java,2025-04-23T02:06:39,364.0,GitHubActions,2021-10-15 15:46:09+00:00,58.43243243243244,0.1088435374149659,0.1423039690222652,1.046466602129719,2066,46.12,0.8566985809707295,low,low,GitHubActions,Java,12,open_issue_ratio=low | project_age_days=low | ci_type=GitHubActions | mainLanguage=Java,JGai
gtnewhorizons/hodgepodge,master,30633.0,346.0,577.0,14.0,40.0,84.0,2020-02-19 05:59:59+00:00,72.0,25.0,Java,2025-04-19T04:58:39,435.0,GitHubActions,2021-12-04 01:42:15+00:00,6.869047619047619,0.3472222222222222,0.0351048269137006,0.2813261823500731,2051,49.19,0.0,low,low,GitHubActions,Java,12,open_issue_ratio=low | project_age_days=low | ci_type=GitHubActions | mainLanguage=Java,JGai
wgzhao/addax,master,46168.0,46.0,1799.0,34.0,1263.0,31.0,2019-07-17 01:58:01+00:00,311.0,0.0,Java,2025-04-24T05:07:40,934.0,GitHubActions,2020-08-20 05:41:47+00:00,58.03225806451613,0.0,0.1371252204585538,0.7932098765432098,2268,31.0,0.0,low,low,GitHubActions,Java,12,open_issue_ratio=low | project_age_days=low | ci_type=GitHubActions | mainLanguage=Java,JGai
fusionauth/fusionauth-jwt,main,790.0,42.0,331.0,15.0,163.0,14.0,2016-10-06 05:10:48+00:00,37.0,6.0,Java,2024-07-29T03:50:33,24.0,GitHubActions,2020-07-18 22:20:19+00:00,23.642857142857142,0.1621621621621621,0.0112736136502132,0.1008531383302864,3282,83.14,54.61763987295383,low,low,GitHubActions,Java,12,open_issue_ratio=low | project_age_days=low | ci_type=GitHubActions | mainLanguage=Java,JGai
corretto/corretto-8,develop,223942.0,51.0,50555.0,105.0,2119.0,815.0,2018-11-07 07:49:10+00:00,269.0,62.0,Java,2025-04-15T05:58:49,251.0,GitHubActions,2022-04-06 19:47:14+00:00,62.03067484662576,0.2304832713754646,0.1067460317460317,20.061507936507937,2520,95.13,37.00796192719554,low,low,GitHubActions,Java,12,open_issue_ratio=low | project_age_days=low | ci_type=GitHubActions | mainLanguage=Java,JGai
jenkinsci/azure-vm-agents-plugin,master,2389.0,82.0,1020.0,11.0,47.0,77.0,2016-12-05 09:03:04+00:00,190.0,27.0,Java,2025-04-21T02:01:09,466.0,GitHubActions,2021-03-28 20:01:35+00:00,13.246753246753247,0.1421052631578947,0.0589695841092489,0.3165735567970205,3222,470.85,16.066621803499327,low,low,GitHubActions,Java,12,open_issue_ratio=low | project_age_days=low | ci_type=GitHubActions | mainLanguage=Java,JGai
mkuczera/react-native-haptic-feedback,main,3023.0,28.0,251.0,11.0,863.0,53.0,2018-01-03 09:05:31+00:00,60.0,11.0,Java,2024-09-18T01:48:54,79.0,GitHubActions,2024-08-02 10:25:49+00:00,4.735849056603773,0.1833333333333333,0.0212164073550212,0.0887553041018387,2828,217.1,0.0,low,low,GitHubActions,Java,12,open_issue_ratio=low | project_age_days=low | ci_type=GitHubActions | mainLanguage=Java,JGai
hiero-ledger/hiero-sdk-java,main,78863.0,118.0,1778.0,39.0,246.0,39.0,2018-10-10 04:32:15+00:00,750.0,42.0,Java,2025-04-23T01:25:33,1537.0,GitHubActions,2020-08-16 21:49:44+00:00,45.58974358974359,0.056,0.2943485086342229,0.6978021978021978,2548,43.16,43.27295013613849,low,low,GitHubActions,Java,12,open_issue_ratio=low | project_age_days=low | ci_type=GitHubActions | mainLanguage=Java,JGai
htmlunit/htmlunit-neko,master,5697.0,67.0,900.0,4.0,17.0,9.0,2018-05-20 11:48:33+00:00,33.0,3.0,Java,2025-04-08T08:26:33,112.0,GitHubActions,2020-10-14 05:30:53+00:00,100.0,0.0909090909090909,0.0122630992196209,0.334448160535117,2691,95.28,24.558530790470687,low,low,GitHubActions,Java,12,open_issue_ratio=low | project_age_days=low | ci_type=GitHubActions | mainLanguage=Java,JGai
jamesmudd/jhdf,master,4951.0,46.0,2042.0,11.0,149.0,14.0,2018-11-26 07:05:30+00:00,69.0,10.0,Java,2025-03-21T08:47:36,618.0,GitHubActions,2020-07-24 16:58:09+00:00,145.85714285714286,0.144927536231884,0.0275889644142343,0.8164734106357457,2501,143.49,61.94477245889727,low,low,GitHubActions,Java,12,open_issue_ratio=low | project_age_days=low | ci_type=GitHubActions | mainLanguage=Java,JGai
smallrye/smallrye-metrics,main,1244.0,35.0,340.0,10.0,40.0,24.0,2018-05-25 08:15:23+00:00,166.0,29.0,Java,2024-10-16T09:08:04,512.0,GitHubActions,2020-02-26 07:51:28+00:00,14.166666666666666,0.1746987951807229,0.0618019359642591,0.1265822784810126,2686,42.22,52.558048012593474,low,low,GitHubActions,Java,12,open_issue_ratio=low | project_age_days=low | ci_type=GitHubActions | mainLanguage=Java,JGai
bazelbuild/intellij,master,168506.0,302.0,5108.0,44.0,788.0,135.0,2016-07-08 02:19:29+00:00,1586.0,202.0,Java,2025-04-25T10:37:31,6042.0,GitHubActions,2023-02-03 21:04:58+00:00,37.83703703703704,0.1273644388398487,0.4703440094899169,1.5148279952550414,3372,320.31,46.280928986154535,low,low,GitHubActions,Java,12,open_issue_ratio=low | project_age_days=low | ci_type=GitHubActions | mainLanguage=Java,JGai
jackfred2/whereisit,1.21.2,3175.0,76.0,429.0,2.0,16.0,10.0,2020-04-21 07:24:27+00:00,35.0,10.0,Java,2025-04-17T03:05:05,10.0,GitHubActions,2021-07-22 16:28:28+00:00,42.9,0.2857142857142857,0.0175967823026646,0.2156862745098039,1989,26.67,0.0,low,low,GitHubActions,Java,12,open_issue_ratio=low | project_age_days=low | ci_type=GitHubActions | mainLanguage=Java,JGai
processing/processing-sound,main,6577.0,16.0,189.0,19.0,144.0,16.0,2018-08-13 05:09:44+00:00,86.0,22.0,Java,2024-06-22T08:15:06,16.0,GitHubActions,2023-03-09 11:27:49+00:00,11.8125,0.2558139534883721,0.0330007674597083,0.0725249424405218,2606,424.79,0.8379888268156425,low,low,GitHubActions,Java,12,open_issue_ratio=low | project_age_days=low | ci_type=GitHubActions | mainLanguage=Java,JGai
jorelali/commandapi,master,102156.0,96.0,3398.0,9.0,542.0,35.0,2018-08-19 01:01:33+00:00,323.0,49.0,Java,2024-10-31T07:25:21,289.0,GitHubActions,2020-11-24 19:50:02+00:00,97.08571428571427,0.1517027863777089,0.1242307692307692,1.3069230769230769,2600,65.62,63.73275718796742,low,low,GitHubActions,Java,12,open_issue_ratio=low | project_age_days=low | ci_type=GitHubActions | mainLanguage=Java,JGai
sladkoff/minecraft-prometheus-exporter,master,2929.0,22.0,513.0,8.0,466.0,30.0,2017-02-08 08:42:08+00:00,83.0,7.0,Java,2025-03-06T08:46:27,206.0,GitHubActions,2020-05-07 21:48:31+00:00,17.1,0.0843373493975903,0.0262907823883433,0.162496040544821,3157,112.65,4.979279166143414,low,low,GitHubActions,Java,12,open_issue_ratio=low | project_age_days=low | ci_type=GitHubActions | mainLanguage=Java,JGai
baidu/starlight,main,4818.0,22.0,128.0,54.0,963.0,6.0,2018-12-20 08:24:32+00:00,104.0,5.0,Java,2025-04-17T02:06:19,306.0,GitHubActions,2022-10-03 14:38:54+00:00,21.33333333333333,0.048076923076923,0.0419862737182075,0.0516754138070246,2477,363.25,51.98402872353597,low,low,GitHubActions,Java,12,open_issue_ratio=low | project_age_days=low | ci_type=GitHubActions | mainLanguage=Java,JGai
plasmoapp/plasmo-voice,v2.1.x,4665.0,75.0,855.0,7.0,238.0,8.0,2021-04-05 11:07:37+00:00,354.0,30.0,Java,2025-04-23T01:45:49,89.0,GitHubActions,2023-02-17 14:18:37+00:00,106.875,0.0847457627118644,0.2158536585365853,0.5213414634146342,1640,94.54,1.3548883756735952,low,low,GitHubActions,Java,12,open_issue_ratio=low | project_age_days=low | ci_type=GitHubActions | mainLanguage=Java,JGai
scalar-labs/scalardb,master,46394.0,111.0,1636.0,23.0,524.0,30.0,2018-10-05 09:45:30+00:00,214.0,0.0,Java,2025-04-23T04:25:58,2398.0,GitHubActions,2021-07-22 01:16:04+00:00,54.53333333333333,0.0,0.0838229533881707,0.6408147277712495,2553,5.84,82.56419069879352,low,low,GitHubActions,Java,12,open_issue_ratio=low | project_age_days=low | ci_type=GitHubActions | mainLanguage=Java,JGai
meeds-io/meeds,develop,15041.0,89.0,1325.0,24.0,288.0,68.0,2020-03-24 11:10:23+00:00,2681.0,561.0,Java,2025-04-25T12:21:52,569.0,GitHubActions,2021-08-05 13:05:54+00:00,19.485294117647054,0.2092502797463633,1.329201784828954,0.6569162121963312,2017,96.5,0.0,low,low,GitHubActions,Java,12,open_issue_ratio=low | project_age_days=low | ci_type=GitHubActions | mainLanguage=Java,JGai
launchdarkly/react-native-client-sdk,main,4867.0,76.0,513.0,40.0,47.0,25.0,2019-02-28 07:56:50+00:00,125.0,8.0,Java,2024-10-25T09:56:07,146.0,GitHubActions,2023-02-24 17:50:16+00:00,20.52,0.064,0.0519318653926049,0.2131283755712505,2407,106.51,0.6404699990368872,low,low,GitHubActions,Java,12,open_issue_ratio=low | project_age_days=low | ci_type=GitHubActions | mainLanguage=Java,JGai
xuexiangjys/xupdate,master,41645.0,33.0,251.0,37.0,2243.0,2.0,2018-06-29 01:39:08+00:00,153.0,2.0,Java,2024-03-24T03:26:07,2.0,GitHubActions,2020-09-04 12:01:02+00:00,125.5,0.0130718954248366,0.0577140701622029,0.0946812523576009,2651,9.04,1.4712199312714775,low,low,GitHubActions,Java,12,open_issue_ratio=low | project_age_days=low | ci_type=GitHubActions | mainLanguage=Java,JGai
deltachat/deltachat-android,main,175553.0,19.0,6524.0,51.0,1221.0,74.0,2016-07-03 07:32:36+00:00,1693.0,19.0,Java,2025-04-24T12:46:41,1942.0,GitHubActions,2021-01-22 21:02:04+00:00,88.16216216216216,0.0112226816302421,0.5013325436778205,1.9318922120225053,3377,84.31,0.6451149812028388,low,low,GitHubActions,Java,12,open_issue_ratio=low | project_age_days=low | ci_type=GitHubActions | mainLanguage=Java,JGai
ladysnake/effective,1.21.1,78644.0,27.0,349.0,8.0,219.0,23.0,2021-12-14 03:04:13+00:00,258.0,26.0,Java,2025-02-20T09:16:20,50.0,GitHubActions,2024-01-02 12:39:17+00:00,15.173913043478262,0.1007751937984496,0.1860129776496034,0.2516222062004326,1387,78.88,0.0,low,low,GitHubActions,Java,12,open_issue_ratio=low | project_age_days=low | ci_type=GitHubActions | mainLanguage=Java,JGai
dtstack/chunjun,master,132442.0,30.0,5282.0,165.0,4030.0,134.0,2018-04-03 12:44:58+00:00,1217.0,302.0,Java,2025-03-05T06:52:54,700.0,GitHubActions,2022-07-08 07:32:15+00:00,39.4179104477612,0.248151191454396,0.4444850255661066,1.929145361577794,2738,130.41,11.85551814556795,low,low,GitHubActions,Java,12,open_issue_ratio=low | project_age_days=low | ci_type=GitHubActions | mainLanguage=Java,JGai
oracle/microservices-datadriven,main,452151.0,49.0,593.0,11.0,73.0,21.0,2021-03-12 03:46:56+00:00,305.0,2.0,Java,2025-04-23T05:40:00,749.0,GitHubActions,2023-11-30 14:25:24+00:00,28.23809523809524,0.0065573770491803,0.1832932692307692,0.3563701923076923,1664,443.71,0.8036805821801373,low,low,GitHubActions,Java,12,open_issue_ratio=low | project_age_days=low | ci_type=GitHubActions | mainLanguage=Java,JGai
adyen/adyen-hybris,develop,214873.0,45.0,1205.0,12.0,25.0,34.0,2017-01-02 10:15:44+00:00,45.0,4.0,Java,2025-04-23T11:28:21,484.0,GitHubActions,2020-06-26 06:10:53+00:00,35.44117647058823,0.0888888888888888,0.0140889167188478,0.3772698810269255,3194,138.77,16.95546102839985,low,low,GitHubActions,Java,12,open_issue_ratio=low | project_age_days=low | ci_type=GitHubActions | mainLanguage=Java,JGai
synfron/reshaperforburp,release,1263.0,32.0,80.0,2.0,92.0,4.0,2020-11-26 11:11:50+00:00,38.0,5.0,Java,2024-11-10T05:56:56,3.0,GitHubActions,2023-04-07 06:33:58+00:00,20.0,0.131578947368421,0.0214689265536723,0.0451977401129943,1770,33.3,0.0,low,low,GitHubActions,Java,12,open_issue_ratio=low | project_age_days=low | ci_type=GitHubActions | mainLanguage=Java,JGai
eclipse-lsp4e/lsp4e,main,3676.0,32.0,1549.0,11.0,71.0,95.0,2021-11-16 03:18:44+00:00,332.0,91.0,Java,2025-04-16T07:59:01,857.0,GitHubActions,2024-05-18 14:08:01+00:00,16.305263157894736,0.2740963855421687,0.2346289752650176,1.0946996466431096,1415,119.75,29.733069698467624,low,low,GitHubActions,Java,12,open_issue_ratio=low | project_age_days=low | ci_type=GitHubActions | mainLanguage=Java,JGai
openrewrite/rewrite-logging-frameworks,main,6108.0,87.0,380.0,5.0,29.0,42.0,2020-05-25 03:01:21+00:00,78.0,16.0,Java,2025-04-25T01:40:38,133.0,GitHubActions,2021-06-18 19:28:02+00:00,9.047619047619047,0.2051282051282051,0.0398976982097186,0.1943734015345268,1955,57.11,75.8688524590164,low,low,GitHubActions,Java,12,open_issue_ratio=low | project_age_days=low | ci_type=GitHubActions | mainLanguage=Java,JGai
imsejin/lezhin-comics-downloader,dev,287705.0,28.0,669.0,5.0,56.0,3.0,2020-05-17 01:45:10+00:00,64.0,12.0,Java,2024-06-28T09:42:24,190.0,GitHubActions,2021-08-19 08:23:04+00:00,223.0,0.1875,0.032603158430973,0.3408048904737646,1963,173.57,1.1240721102863205,low,low,GitHubActions,Java,12,open_issue_ratio=low | project_age_days=low | ci_type=GitHubActions | mainLanguage=Java,JGai
klikli-dev/theurgy,version/1.21.1,36392.0,216.0,489.0,4.0,16.0,8.0,2020-12-23 12:48:21+00:00,174.0,15.0,Java,2025-02-10T02:35:45,52.0,GitHubActions,2022-11-26 16:03:07+00:00,61.125,0.0862068965517241,0.099827882960413,0.2805507745266781,1743,47.98,0.0,low,low,GitHubActions,Java,12,open_issue_ratio=low | project_age_days=low | ci_type=GitHubActions | mainLanguage=Java,JGai
azure/azure-iot-sdk-java,main,75783.0,113.0,1835.0,81.0,200.0,112.0,2016-10-14 18:08:25+00:00,636.0,16.0,Java,2025-01-22T05:56:05,1129.0,GitHubActions,2020-06-08 22:55:54+00:00,16.383928571428573,0.0251572327044025,0.1942577886377519,0.5604764813683567,3274,67.86,81.14644060795524,low,low,GitHubActions,Java,12,open_issue_ratio=low | project_age_days=low | ci_type=GitHubActions | mainLanguage=Java,JGai
smallrye/smallrye-mutiny-vertx-bindings,main,144622.0,76.0,1922.0,8.0,81.0,19.0,2019-03-04 02:39:38+00:00,72.0,11.0,Java,2025-04-25T08:48:34,1024.0,GitHubActions,2020-05-20 22:12:44+00:00,101.15789473684212,0.1527777777777778,0.0299625468164794,0.7998335414065751,2403,85.84,56.61062829462886,low,low,GitHubActions,Java,12,open_issue_ratio=low | project_age_days=low | ci_type=GitHubActions | mainLanguage=Java,JGai
tikv/client-java,master,365747.0,23.0,295.0,29.0,115.0,39.0,2018-11-15 08:52:53+00:00,231.0,76.0,Java,2025-03-29T10:39:33,557.0,GitHubActions,2021-11-29 09:06:41+00:00,7.564102564102564,0.329004329004329,0.0919585987261146,0.117436305732484,2512,50.7,18.346014718722717,low,low,GitHubActions,Java,12,open_issue_ratio=low | project_age_days=low | ci_type=GitHubActions | mainLanguage=Java,JGai
owasp/www-project-csrfguard,master,3931.0,17.0,581.0,14.0,86.0,49.0,2019-09-12 08:15:53+00:00,54.0,7.0,Java,2025-04-17T03:43:48,241.0,GitHubActions,2022-01-20 15:49:13+00:00,11.857142857142858,0.1296296296296296,0.0244233378561736,0.2627770239710538,2211,89.21,6.893791140366483,low,low,GitHubActions,Java,12,open_issue_ratio=low | project_age_days=low | ci_type=GitHubActions | mainLanguage=Java,JGai
seart-group/ghs,master,43364.0,45.0,3254.0,3.0,154.0,11.0,2021-01-28 10:34:55+00:00,92.0,3.0,Java,2025-04-25T12:19:46,523.0,GitHubActions,2023-05-23 10:27:54+00:00,295.8181818181818,0.0326086956521739,0.0538957234915055,1.906268306971295,1707,30.44,0.5497165968839899,low,low,GitHubActions,Java,12,open_issue_ratio=low | project_age_days=low | ci_type=GitHubActions | mainLanguage=Java,JGai
daniel-naegele/missilewars,master,12675.0,15.0,457.0,3.0,11.0,5.0,2021-08-29 05:53:08+00:00,34.0,6.0,Java,2024-02-03T03:47:11,85.0,GitHubActions,2022-10-23 12:56:59+00:00,91.4,0.1764705882352941,0.0227576974564926,0.3058902275769745,1494,79.1,0.3087054949578102,low,low,GitHubActions,Java,12,open_issue_ratio=low | project_age_days=low | ci_type=GitHubActions | mainLanguage=Java,JGai
sonatype-nexus-community/scan-gradle-plugin,main,934.0,42.0,306.0,8.0,78.0,18.0,2020-01-08 09:58:31+00:00,91.0,15.0,Java,2025-03-28T12:55:16,99.0,GitHubActions,2021-05-27 23:38:04+00:00,17.0,0.1648351648351648,0.0434782608695652,0.146201624462494,2093,87.5,50.61103351955308,low,low,GitHubActions,Java,12,open_issue_ratio=low | project_age_days=low | ci_type=GitHubActions | mainLanguage=Java,JGai
making/yavi,develop,2858.0,65.0,906.0,23.0,803.0,16.0,2018-08-21 10:39:38+00:00,124.0,15.0,Java,2025-04-25T09:23:00,331.0,GitHubActions,2020-01-10 04:22:09+00:00,56.625,0.1209677419354838,0.0477290223248652,0.348729792147806,2598,89.66,37.327527818093856,low,low,GitHubActions,Java,12,open_issue_ratio=low | project_age_days=low | ci_type=GitHubActions | mainLanguage=Java,JGai
defold/extender,dev,3271.0,73.0,1240.0,13.0,51.0,27.0,2016-11-07 03:57:40+00:00,145.0,34.0,Java,2025-04-24T07:33:29,567.0,GitHubActions,2019-10-08 09:53:02+00:00,45.92592592592592,0.2344827586206896,0.0446153846153846,0.3815384615384615,3250,135.47,25.84117710699989,low,low,GitHubActions,Java,12,open_issue_ratio=low | project_age_days=low | ci_type=GitHubActions | mainLanguage=Java,JGai
eclipse-jnosql/jnosql,main,12834.0,28.0,6441.0,33.0,233.0,36.0,2016-07-14 09:58:40+00:00,209.0,7.0,Java,2025-03-30T07:06:21,380.0,GitHubActions,2020-10-25 09:43:18+00:00,178.91666666666666,0.0334928229665071,0.0620915032679738,1.9135472370766489,3366,137.64,95.19376899696049,low,low,GitHubActions,Java,12,open_issue_ratio=low | project_age_days=low | ci_type=GitHubActions | mainLanguage=Java,JGai
zowe/api-layer,v3.x.x,53662.0,45.0,2419.0,19.0,57.0,77.0,2018-10-30 12:42:00+00:00,1575.0,129.0,Java,2025-04-25T12:37:39,2460.0,GitHubActions,2021-03-08 09:30:33+00:00,31.415584415584416,0.0819047619047619,0.6230221518987342,0.9568829113924052,2528,152.86,36.04023808695047,low,low,GitHubActions,Java,12,open_issue_ratio=low | project_age_days=low | ci_type=GitHubActions | mainLanguage=Java,JGai
devonfw/solicitor,master,4416.0,40.0,358.0,7.0,22.0,16.0,2019-08-25 11:05:22+00:00,134.0,17.0,Java,2025-04-22T02:57:57,176.0,GitHubActions,2020-12-07 21:56:40+00:00,22.375,0.126865671641791,0.060116644235083,0.1606101390758187,2229,76.89,24.838033843674456,low,low,GitHubActions,Java,12,open_issue_ratio=low | project_age_days=low | ci_type=GitHubActions | mainLanguage=Java,JGai
grapheneos/pdfviewer,main,4507.0,28.0,619.0,25.0,720.0,27.0,2017-01-16 09:20:40+00:00,107.0,34.0,Java,2025-04-23T10:03:40,368.0,GitHubActions,2020-12-21 23:06:32+00:00,22.925925925925927,0.3177570093457944,0.0336477987421383,0.1946540880503144,3180,200.13,0.0,low,low,GitHubActions,Java,12,open_issue_ratio=low | project_age_days=low | ci_type=GitHubActions | mainLanguage=Java,JGai
hyperskill/hs-test,master,1559.0,14.0,916.0,9.0,31.0,20.0,2019-01-26 06:55:37+00:00,111.0,21.0,Java,2024-11-07T07:48:27,45.0,GitHubActions,2022-09-27 13:23:48+00:00,45.8,0.1891891891891892,0.0454918032786885,0.3754098360655737,2440,103.0,120.77418070850472,low,low,GitHubActions,Java,12,open_issue_ratio=low | project_age_days=low | ci_type=GitHubActions | mainLanguage=Java,JGai
titivermeesch/commandtimer,main,2507.0,60.0,268.0,2.0,28.0,5.0,2018-11-27 01:30:18+00:00,172.0,23.0,Java,2025-03-11T07:40:29,134.0,GitHubActions,2022-04-09 18:25:10+00:00,53.6,0.1337209302325581,0.0688,0.1072,2500,128.01,1.2921414307529662,low,low,GitHubActions,Java,12,open_issue_ratio=low | project_age_days=low | ci_type=GitHubActions | mainLanguage=Java,JGai
lsposed/corepatch,main,650.0,16.0,202.0,43.0,2069.0,25.0,2017-11-17 03:59:44+00:00,64.0,4.0,Java,2024-11-24T04:31:58,55.0,GitHubActions,2020-12-15 04:40:39+00:00,8.08,0.0625,0.0222608695652173,0.0702608695652173,2875,55.29,0.0,low,low,GitHubActions,Java,12,open_issue_ratio=low | project_age_days=low | ci_type=GitHubActions | mainLanguage=Java,JGai
commandapi/commandapi,master,104127.0,98.0,3566.0,8.0,597.0,35.0,2018-08-19 01:01:33+00:00,330.0,48.0,Java,2025-04-01T10:56:11,310.0,GitHubActions,2020-11-24 19:50:02+00:00,101.88571428571429,0.1454545454545454,0.1269230769230769,1.3715384615384616,2600,65.62,63.73275718796742,low,low,GitHubActions,Java,12,open_issue_ratio=low | project_age_days=low | ci_type=GitHubActions | mainLanguage=Java,JGai
auth0/auth0-java-mvc-common,master,558.0,29.0,264.0,15.0,43.0,19.0,2016-08-08 05:48:45+00:00,19.0,5.0,Java,2025-01-30T09:56:13,134.0,GitHubActions,2022-07-05 21:41:31+00:00,13.894736842105264,0.2631578947368421,0.0056869200838072,0.0790182580065848,3341,224.82,60.88470202744215,low,low,GitHubActions,Java,12,open_issue_ratio=low | project_age_days=low | ci_type=GitHubActions | mainLanguage=Java,JGai
universite-gustave-eiffel/noisemodelling,main,93941.0,31.0,2957.0,43.0,169.0,34.0,2012-07-12 11:21:06+00:00,293.0,81.0,Java,2025-04-15T08:47:29,377.0,TravisCI,2016-01-21 09:34:54+00:00,86.97058823529412,0.2764505119453925,0.0606750880099399,0.612342099813626,4829,198.5,4.28689380131171,low,high,TravisCI,Java,10,open_issue_ratio=low | project_age_days=high | ci_type=TravisCI | mainLanguage=Java,JTAi
7lpdwcaw/growtracker-android,master,145480.0,28.0,1599.0,20.0,147.0,4.0,2015-07-31 01:34:56+00:00,196.0,14.0,Java,2024-05-11T05:25:24,80.0,TravisCI,2019-08-14 12:22:55+00:00,399.75,0.0714285714285714,0.0527590847913862,0.4304172274562584,3715,98.43,0.0,low,high,TravisCI,Java,10,open_issue_ratio=low | project_age_days=high | ci_type=TravisCI | mainLanguage=Java,JTAi
pgjdbc/pgjdbc,master,45705.0,59.0,3750.0,89.0,1577.0,326.0,2012-02-06 07:30:35+00:00,1329.0,399.0,Java,2025-04-25T12:06:09,2170.0,TravisCI,2014-03-23 17:48:32+00:00,11.503067484662576,0.3002257336343115,0.266546329723225,0.7521058965102286,4986,252.18,46.15781112688433,low,high,TravisCI,Java,10,open_issue_ratio=low | project_age_days=high | ci_type=TravisCI | mainLanguage=Java,JTAi
yukuku/androidbible,develop,73003.0,34.0,3917.0,40.0,325.0,20.0,2012-09-03 10:27:07+00:00,89.0,25.0,Java,2024-12-26T09:18:38,23.0,TravisCI,2016-07-01 07:56:54+00:00,195.85,0.2808988764044944,0.0186348408710217,0.820142378559464,4776,296.72,0.3323384432693496,low,high,TravisCI,Java,10,open_issue_ratio=low | project_age_days=high | ci_type=TravisCI | mainLanguage=Java,JTAi
winder/universal-g-code-sender,master,70495.0,33.0,3253.0,168.0,1998.0,71.0,2012-06-26 10:30:07+00:00,1647.0,175.0,Java,2025-04-26T04:59:20,775.0,TravisCI,2016-01-18 13:15:10+00:00,45.816901408450704,0.1062537947783849,0.339938080495356,0.6714138286893705,4845,151.37,4.790017885879594,low,high,TravisCI,Java,10,open_issue_ratio=low | project_age_days=high | ci_type=TravisCI | mainLanguage=Java,JTAi
activiti/activiti,develop,125689.0,1000.0,11194.0,618.0,10303.0,315.0,2012-09-13 11:34:43+00:00,2387.0,544.0,Java,2025-04-11T08:32:04,2607.0,TravisCI,2017-08-02 15:18:19+00:00,35.53650793650794,0.2279011311269375,0.5008392782207302,2.3487201007133867,4766,108.5,45.21820560583369,low,high,TravisCI,Java,10,open_issue_ratio=low | project_age_days=high | ci_type=TravisCI | mainLanguage=Java,JTAi
dependency-check/dependencycheck,main,293950.0,83.0,10574.0,179.0,6875.0,344.0,2012-09-03 08:43:30+00:00,4935.0,380.0,Java,2025-04-26T08:55:48,2673.0,TravisCI,2016-06-05 11:49:59+00:00,30.73837209302325,0.0770010131712259,1.0332914572864322,2.213986599664992,4776,103.52,11.044430512861997,low,high,TravisCI,Java,10,open_issue_ratio=low | project_age_days=high | ci_type=TravisCI | mainLanguage=Java,JTAi
wiremock/wiremock,master,47787.0,50.0,3770.0,136.0,6749.0,299.0,2011-10-09 08:27:24+00:00,1526.0,390.0,Java,2025-04-24T09:09:32,1499.0,TravisCI,2015-02-13 04:39:37+00:00,12.608695652173912,0.255570117955439,0.2988640814727771,0.7383470426948687,5106,190.2,65.96397643067583,low,high,TravisCI,Java,10,open_issue_ratio=low | project_age_days=high | ci_type=TravisCI | mainLanguage=Java,JTAi
h2database/h2database,master,91034.0,23.0,14482.0,134.0,4347.0,212.0,2015-04-10 19:09:09+00:00,2393.0,396.0,Java,2025-04-21T12:38:11,1824.0,TravisCI,2016-08-14 19:59:34+00:00,68.31132075471699,0.165482657751776,0.6252939639404234,3.784165142409198,3827,50.87,33.58199489993458,low,high,TravisCI,Java,10,open_issue_ratio=low | project_age_days=high | ci_type=TravisCI | mainLanguage=Java,JTAi
antennapod/antennapod,develop,112160.0,61.0,9087.0,152.0,6886.0,314.0,2012-07-31 10:25:08+00:00,4354.0,316.0,Java,2025-04-24T03:59:36,3395.0,TravisCI,2014-05-18 20:12:08+00:00,28.93949044585987,0.0725769407441433,0.9051975051975052,1.8891891891891888,4810,196.27,10.23633886200254,low,high,TravisCI,Java,10,open_issue_ratio=low | project_age_days=high | ci_type=TravisCI | mainLanguage=Java,JTAi
hotswapprojects/hotswapagent,master,5316.0,16.0,1146.0,130.0,2441.0,95.0,2013-11-20 04:15:13+00:00,439.0,139.0,Java,2025-04-24T06:05:21,200.0,TravisCI,2016-04-10 06:11:23+00:00,12.06315789473684,0.316628701594533,0.1013154858066005,0.2644818832217863,4333,136.25,23.68395094203137,low,high,TravisCI,Java,10,open_issue_ratio=low | project_age_days=high | ci_type=TravisCI | mainLanguage=Java,JTAi
openzipkin/brave,master,31573.0,90.0,1966.0,127.0,2377.0,138.0,2013-04-07 03:48:18+00:00,499.0,116.0,Java,2025-04-24T11:07:25,948.0,TravisCI,2014-12-30 21:50:26+00:00,14.246376811594205,0.2324649298597194,0.1094298245614035,0.431140350877193,4560,127.42,66.00795815263558,low,high,TravisCI,Java,10,open_issue_ratio=low | project_age_days=high | ci_type=TravisCI | mainLanguage=Java,JTAi
codehaus-plexus/plexus-archiver,master,18130.0,50.0,1006.0,7.0,47.0,67.0,2015-01-27 04:28:31+00:00,119.0,12.0,Java,2025-04-17T06:02:01,246.0,TravisCI,2016-04-10 10:47:52+00:00,15.014925373134329,0.1008403361344537,0.0305128205128205,0.2579487179487179,3900,149.86,49.54542039221579,low,high,TravisCI,Java,10,open_issue_ratio=low | project_age_days=high | ci_type=TravisCI | mainLanguage=Java,JTAi
ibm-datapower/datapower-configuration-manager,master,13890.0,15.0,186.0,39.0,46.0,19.0,2014-10-27 01:42:28+00:00,85.0,22.0,Java,2025-02-27T09:25:40,41.0,TravisCI,2016-10-17 21:01:50+00:00,9.789473684210526,0.2588235294117647,0.0212925851703406,0.0465931863727454,3992,64.12,0.0,low,high,TravisCI,Java,10,open_issue_ratio=low | project_age_days=high | ci_type=TravisCI | mainLanguage=Java,JTAi
mathisdt/trackworktime,master,7726.0,33.0,1017.0,8.0,144.0,14.0,2014-01-11 08:25:27+00:00,192.0,47.0,Java,2025-04-15T08:19:31,138.0,TravisCI,2016-09-24 16:42:59+00:00,72.64285714285714,0.2447916666666666,0.0448493342676944,0.2375613174491941,4281,251.11,5.565873824216644,low,high,TravisCI,Java,10,open_issue_ratio=low | project_age_days=high | ci_type=TravisCI | mainLanguage=Java,JTAi
jsqlparser/jsqlparser,master,13068.0,35.0,2439.0,217.0,5652.0,174.0,2011-06-23 10:51:52+00:00,1561.0,85.0,Java,2025-04-18T08:04:52,528.0,TravisCI,2015-04-06 20:04:47+00:00,14.017241379310343,0.0544522741832158,0.2993862677406981,0.4677790563866513,5214,222.64,44.13947225166891,low,high,TravisCI,Java,10,open_issue_ratio=low | project_age_days=high | ci_type=TravisCI | mainLanguage=Java,JTAi
jborgers/sonar-pmd,master,4607.0,18.0,737.0,35.0,275.0,33.0,2013-12-16 09:00:00+00:00,118.0,16.0,Java,2025-04-24T10:34:59,388.0,TravisCI,2015-05-18 09:08:55+00:00,22.33333333333333,0.135593220338983,0.0273972602739726,0.1711167866264221,4307,455.88,14.024531358481832,low,high,TravisCI,Java,10,open_issue_ratio=low | project_age_days=high | ci_type=TravisCI | mainLanguage=Java,JTAi
apache/bookkeeper,master,135940.0,22.0,3572.0,99.0,1927.0,254.0,2011-04-06 07:00:07+00:00,1305.0,364.0,Java,2025-04-22T07:37:55,3289.0,TravisCI,2017-06-01 20:59:44+00:00,14.062992125984252,0.2789272030651341,0.2465986394557823,0.6749811035525322,5292,310.64,52.15940180918,low,high,TravisCI,Java,10,open_issue_ratio=low | project_age_days=high | ci_type=TravisCI | mainLanguage=Java,JTAi
hallvard/plantuml,master,268965.0,18.0,372.0,21.0,212.0,9.0,2011-01-04 09:53:29+00:00,149.0,28.0,Java,2024-11-27T09:56:15,17.0,TravisCI,2016-09-12 08:42:12+00:00,41.333333333333336,0.1879194630872483,0.0276745913818722,0.0690936106983655,5384,192.96,5.126879496790314,low,high,TravisCI,Java,10,open_issue_ratio=low | project_age_days=high | ci_type=TravisCI | mainLanguage=Java,JTAi
real-logic/artio,master,16005.0,161.0,5491.0,45.0,308.0,68.0,2015-01-23 04:09:57+00:00,309.0,44.0,Java,2025-01-20T04:55:28,230.0,TravisCI,2018-12-14 14:01:09+00:00,80.75,0.1423948220064725,0.0791495901639344,1.4065061475409837,3904,73.4,47.92970825864911,low,high,TravisCI,Java,10,open_issue_ratio=low | project_age_days=high | ci_type=TravisCI | mainLanguage=Java,JTAi
authzforce/server,develop,1517.0,20.0,453.0,7.0,55.0,8.0,2016-01-13 11:35:03+00:00,49.0,2.0,Java,2024-06-08T05:49:01,23.0,TravisCI,2018-02-15 17:59:27+00:00,56.625,0.0408163265306122,0.0138067061143984,0.1276415891800507,3549,32.55,40.61593247164337,low,high,TravisCI,Java,10,open_issue_ratio=low | project_age_days=high | ci_type=TravisCI | mainLanguage=Java,JTAi
stuypulse/stuylib,main,9203.0,85.0,720.0,29.0,35.0,21.0,2011-07-01 03:23:12+00:00,13.0,2.0,Java,2025-02-14T07:27:29,74.0,TravisCI,2019-11-21 03:13:21+00:00,34.285714285714285,0.1538461538461538,0.0024971187091817,0.1383019592777564,5206,61.27,0.0,low,high,TravisCI,Java,10,open_issue_ratio=low | project_age_days=high | ci_type=TravisCI | mainLanguage=Java,JTAi
jctools/jctools,master,7891.0,18.0,1043.0,190.0,3497.0,56.0,2013-11-10 06:04:40+00:00,237.0,41.0,Java,2024-05-30T01:23:59,155.0,TravisCI,2015-04-15 14:27:02+00:00,18.625,0.1729957805907173,0.0545705733364034,0.2401565737969145,4343,147.97,33.21658327376697,low,high,TravisCI,Java,10,open_issue_ratio=low | project_age_days=high | ci_type=TravisCI | mainLanguage=Java,JTAi
countly/countly-sdk-android,master,12857.0,87.0,2413.0,64.0,685.0,31.0,2012-05-29 09:07:15+00:00,113.0,5.0,Java,2024-12-23T02:17:38,358.0,TravisCI,2014-12-12 17:31:46+00:00,77.83870967741936,0.0442477876106194,0.0231890006156371,0.4951775087215267,4873,101.09,55.27051471797402,low,high,TravisCI,Java,10,open_issue_ratio=low | project_age_days=high | ci_type=TravisCI | mainLanguage=Java,JTAi
oshi/oshi,master,335531.0,163.0,3129.0,102.0,4932.0,214.0,2012-02-10 12:46:48+00:00,968.0,8.0,Java,2025-04-16T01:44:34,1859.0,TravisCI,2014-11-06 21:46:40+00:00,14.621495327102805,0.0082644628099173,0.1942994781212364,0.628061019670815,4982,42.32,13.317835348816416,low,high,TravisCI,Java,10,open_issue_ratio=low | project_age_days=high | ci_type=TravisCI | mainLanguage=Java,JTAi
ftsrg/theta,master,507018.0,139.0,6118.0,18.0,52.0,42.0,2015-07-20 03:34:13+00:00,150.0,34.0,Java,2025-04-25T03:46:39,212.0,TravisCI,2016-09-05 14:36:45+00:00,145.66666666666666,0.2266666666666666,0.0402576489533011,1.6419753086419753,3726,346.52,9.08441952171875,low,high,TravisCI,Java,10,open_issue_ratio=low | project_age_days=high | ci_type=TravisCI | mainLanguage=Java,JTAi
citrusframework/citrus,main,91862.0,30.0,5060.0,39.0,465.0,80.0,2010-02-03 03:32:30+00:00,839.0,179.0,Java,2025-04-26T04:24:35,491.0,TravisCI,2018-07-13 13:07:02+00:00,63.25,0.2133492252681764,0.146703969225389,0.8847700646966253,5719,95.46,58.86801873491122,low,high,TravisCI,Java,10,open_issue_ratio=low | project_age_days=high | ci_type=TravisCI | mainLanguage=Java,JTAi
netflix/evcache,master,3078.0,317.0,773.0,496.0,2102.0,50.0,2013-02-08 10:52:57+00:00,36.0,7.0,Java,2025-04-08T08:44:37,125.0,TravisCI,2016-04-21 18:30:11+00:00,15.46,0.1944444444444444,0.0077955825032481,0.1673884798614118,4618,201.86,12.680448088693844,low,high,TravisCI,Java,10,open_issue_ratio=low | project_age_days=high | ci_type=TravisCI | mainLanguage=Java,JTAi
michel-kraemer/gradle-download-task,master,2069.0,38.0,594.0,18.0,682.0,20.0,2013-09-02 12:33:25+00:00,187.0,4.0,Java,2024-07-24T05:05:07,224.0,TravisCI,2015-03-14 10:19:39+00:00,29.7,0.0213903743315508,0.0423844061650045,0.1346328195829556,4412,70.34,39.022630370613314,low,high,TravisCI,Java,10,open_issue_ratio=low | project_age_days=high | ci_type=TravisCI | mainLanguage=Java,JTAi
fluentlenium/fluentlenium,develop,19503.0,51.0,3332.0,51.0,879.0,86.0,2011-07-22 01:26:37+00:00,532.0,18.0,Java,2025-02-13T10:25:25,1678.0,TravisCI,2015-12-10 19:42:52+00:00,38.74418604651163,0.0338345864661654,0.1026036644165863,0.6426229508196721,5185,160.7,4.62717771792311,low,high,TravisCI,Java,10,open_issue_ratio=low | project_age_days=high | ci_type=TravisCI | mainLanguage=Java,JTAi
openliberty/ci.maven,main,5581.0,57.0,2747.0,30.0,132.0,70.0,2013-07-03 03:30:54+00:00,904.0,176.0,Java,2025-03-26T02:50:15,960.0,TravisCI,2015-03-18 15:39:16+00:00,39.24285714285714,0.1946902654867256,0.2021014978761457,0.6141292197630226,4473,141.04,21.12995406785802,low,high,TravisCI,Java,10,open_issue_ratio=low | project_age_days=high | ci_type=TravisCI | mainLanguage=Java,JTAi
dotcms/core,main,1081691.0,331.0,26795.0,86.0,899.0,134.0,2012-03-15 03:24:14+00:00,18024.0,1031.0,Java,2025-04-25T12:21:49,13923.0,TravisCI,2017-07-06 20:28:15+00:00,199.96268656716416,0.0572015090989791,3.642683912691997,5.415319320937753,4948,77.94,9.98910483475096,low,high,TravisCI,Java,10,open_issue_ratio=low | project_age_days=high | ci_type=TravisCI | mainLanguage=Java,JTAi
reactivex/rxjava,3.x,143598.0,235.0,6218.0,2202.0,48087.0,338.0,2013-01-08 08:11:48+00:00,3168.0,12.0,Java,2025-04-24T05:54:18,4014.0,TravisCI,2014-08-29 23:42:53+00:00,18.39644970414201,0.0037878787878787,0.6814368681436869,1.3374919337491933,4649,54.82,89.17817432404082,low,high,TravisCI,Java,10,open_issue_ratio=low | project_age_days=high | ci_type=TravisCI | mainLanguage=Java,JTAi
oracle/opengrok,master,493874.0,288.0,7618.0,166.0,4496.0,152.0,2013-01-07 11:49:18+00:00,2538.0,517.0,Java,2025-04-24T07:03:56,1998.0,TravisCI,2014-03-05 10:26:48+00:00,50.11842105263158,0.2037037037037037,0.5458064516129032,1.638279569892473,4650,233.25,36.76508649333026,low,high,TravisCI,Java,10,open_issue_ratio=low | project_age_days=high | ci_type=TravisCI | mainLanguage=Java,JTAi
funnyguilds/funnyguilds,4.x,5700.0,102.0,1750.0,37.0,194.0,57.0,2014-09-23 10:18:52+00:00,1373.0,23.0,Java,2025-04-06T08:44:18,1151.0,TravisCI,2017-07-05 21:00:45+00:00,30.70175438596491,0.0167516387472687,0.3410332836562345,0.4346746150024838,4026,100.04,0.0,low,high,TravisCI,Java,10,open_issue_ratio=low | project_age_days=high | ci_type=TravisCI | mainLanguage=Java,JTAi
codenameone/codenameone,master,223859.0,126.0,7912.0,103.0,1758.0,74.0,2015-03-27 07:37:42+00:00,3514.0,612.0,Java,2025-04-12T02:38:34,381.0,TravisCI,2016-06-12 19:28:06+00:00,106.91891891891892,0.1741605008537279,0.9148659203332464,2.059880239520958,3841,86.33,4.034219723125575,low,high,TravisCI,Java,10,open_issue_ratio=low | project_age_days=high | ci_type=TravisCI | mainLanguage=Java,JTAi
jenkinsci/jira-plugin,master,10281.0,32.0,1584.0,102.0,171.0,124.0,2010-12-13 05:42:51+00:00,29.0,10.0,Java,2025-04-23T10:19:51,617.0,TravisCI,2015-09-03 13:37:07+00:00,12.774193548387096,0.3448275862068966,0.0053644099149093,0.293007769145394,5406,318.89,43.37797619047619,low,high,TravisCI,Java,10,open_issue_ratio=low | project_age_days=high | ci_type=TravisCI | mainLanguage=Java,JTAi
glenkpeterson/paguro,main,4216.0,18.0,1146.0,12.0,314.0,5.0,2014-02-02 17:44:36+00:00,39.0,11.0,Java,2024-12-30T10:17:02,12.0,TravisCI,2015-10-04 16:55:51+00:00,229.2,0.282051282051282,0.0091570791265555,0.269077248180324,4259,149.85,73.70305042539947,low,high,TravisCI,Java,10,open_issue_ratio=low | project_age_days=high | ci_type=TravisCI | mainLanguage=Java,JTAi
marklogic/ml-gradle,master,5838.0,82.0,2435.0,31.0,73.0,,2015-02-15 08:09:50+00:00,564.0,15.0,Java,2024-09-20T12:50:36,128.0,TravisCI,2017-09-22 16:51:05+00:00,,0.026595744680851,0.1453233702653955,0.6274156145323371,3881,0.0,19.40393353032758,low,high,TravisCI,Java,10,open_issue_ratio=low | project_age_days=high | ci_type=TravisCI | mainLanguage=Java,JTAi
oxaliscommunity/oxalis,master,8913.0,47.0,1529.0,61.0,140.0,39.0,2011-12-21 10:49:54+00:00,522.0,14.0,Java,2025-04-25T03:39:50,67.0,TravisCI,2015-12-16 07:15:51+00:00,39.20512820512821,0.0268199233716475,0.1037154778462149,0.3037949533081661,5033,117.88,36.606746938636284,low,high,TravisCI,Java,10,open_issue_ratio=low | project_age_days=high | ci_type=TravisCI | mainLanguage=Java,JTAi
spring-projects/spring-shell,main,8346.0,77.0,1065.0,57.0,758.0,66.0,2012-02-16 02:29:58+00:00,890.0,103.0,Java,2025-04-25T09:21:24,214.0,TravisCI,2017-05-17 12:32:52+00:00,16.136363636363637,0.1157303370786516,0.1788585209003215,0.2140273311897106,4976,145.58,50.47291354862601,low,high,TravisCI,Java,10,open_issue_ratio=low | project_age_days=high | ci_type=TravisCI | mainLanguage=Java,JTAi
jenkinsci/google-oauth-plugin,develop,594.0,14.0,336.0,13.0,38.0,42.0,2014-03-18 04:52:49+00:00,56.0,18.0,Java,2025-04-25T05:42:00,189.0,TravisCI,2019-02-06 18:28:49+00:00,8.0,0.3214285714285714,0.0132858837485172,0.0797153024911032,4215,322.35,62.72686025408348,low,high,TravisCI,Java,10,open_issue_ratio=low | project_age_days=high | ci_type=TravisCI | mainLanguage=Java,JTAi
michel-kraemer/bson4jackson,master,995.0,18.0,349.0,23.0,295.0,22.0,2010-09-08 05:46:47+00:00,73.0,0.0,Java,2025-04-17T06:14:35,58.0,TravisCI,2012-04-23 11:14:11+00:00,15.863636363636363,0.0,0.0132679025808796,0.0634314794620138,5502,80.07,52.096627164995446,low,high,TravisCI,Java,10,open_issue_ratio=low | project_age_days=high | ci_type=TravisCI | mainLanguage=Java,JTAi
multiverse/multiverse-inventories,main,3888.0,15.0,705.0,13.0,105.0,24.0,2012-01-19 04:23:50+00:00,458.0,71.0,Java,2025-04-14T02:18:19,126.0,TravisCI,2020-12-11 18:19:44+00:00,29.375,0.1550218340611353,0.0915267785771382,0.1408872901678657,5004,703.7,0.6683719778859643,low,high,TravisCI,Java,10,open_issue_ratio=low | project_age_days=high | ci_type=TravisCI | mainLanguage=Java,JTAi
museumsvictoria/nodel,dev,2770.0,35.0,519.0,12.0,64.0,,2014-03-06 06:36:42+00:00,253.0,64.0,Java,2025-04-15T05:56:08,79.0,TravisCI,2015-10-05 07:24:20+00:00,,0.2529644268774703,0.0598533238703572,0.1227821149751596,4227,0.0,4.1760542545686254,low,high,TravisCI,Java,10,open_issue_ratio=low | project_age_days=high | ci_type=TravisCI | mainLanguage=Java,JTAi
teamlapen/vampirism,1.21,178576.0,55.0,3480.0,18.0,199.0,23.0,2014-08-11 03:00:25+00:00,1218.0,99.0,Java,2025-04-22T06:47:32,267.0,TravisCI,2017-01-17 17:20:18+00:00,151.30434782608697,0.0812807881773399,0.2993364463013025,0.8552469894322929,4069,92.87,0.5138566944962975,low,high,TravisCI,Java,10,open_issue_ratio=low | project_age_days=high | ci_type=TravisCI | mainLanguage=Java,JTAi
batfish/batfish,master,333899.0,81.0,12717.0,54.0,1232.0,72.0,2014-12-03 09:10:18+00:00,883.0,274.0,Java,2025-04-25T03:54:49,8519.0,TravisCI,2016-11-08 19:57:05+00:00,176.625,0.3103057757644394,0.2232616940581542,3.215423514538559,3955,110.17,34.73217347888674,low,high,TravisCI,Java,10,open_issue_ratio=low | project_age_days=high | ci_type=TravisCI | mainLanguage=Java,JTAi
jberkel/sms-backup-plus,master,16454.0,53.0,1788.0,194.0,1826.0,,2010-01-05 01:49:00+00:00,891.0,168.0,Java,2025-01-22T04:13:54,136.0,TravisCI,2013-04-05 23:38:13+00:00,,0.1885521885521885,0.1550104384133611,0.3110647181628392,5748,0.0,18.702913439755545,low,high,TravisCI,Java,10,open_issue_ratio=low | project_age_days=high | ci_type=TravisCI | mainLanguage=Java,JTAi
onebusaway/onebusaway-android,main,16087.0,94.0,2650.0,29.0,508.0,57.0,2011-06-10 01:07:10+00:00,848.0,161.0,Java,2025-04-13T08:54:06,584.0,TravisCI,2014-04-03 22:12:18+00:00,46.49122807017544,0.1898584905660377,0.1622345513678974,0.5069829730246795,5227,199.82,7.679390082117248,low,high,TravisCI,Java,10,open_issue_ratio=low | project_age_days=high | ci_type=TravisCI | mainLanguage=Java,JTAi
42bv/beanmapper,master,2382.0,27.0,391.0,19.0,29.0,17.0,2015-05-04 09:30:18+00:00,117.0,13.0,Java,2024-11-26T10:52:35,95.0,TravisCI,2016-11-29 10:51:18+00:00,23.0,0.1111111111111111,0.0307651853799631,0.1028135682356034,3803,189.26,64.58250440516115,low,high,TravisCI,Java,10,open_issue_ratio=low | project_age_days=high | ci_type=TravisCI | mainLanguage=Java,JTAi
appium/java-client,master,85704.0,69.0,2052.0,156.0,1237.0,131.0,2014-04-04 10:05:23+00:00,1214.0,266.0,Java,2025-04-14T04:59:51,1024.0,TravisCI,2016-11-22 15:10:56+00:00,15.66412213740458,0.2191103789126853,0.289185326345879,0.488804192472606,4198,91.83,32.723970466300784,low,high,TravisCI,Java,10,open_issue_ratio=low | project_age_days=high | ci_type=TravisCI | mainLanguage=Java,JTAi
auth0/auth0-java,master,3143.0,95.0,983.0,41.0,304.0,60.0,2016-01-07 05:45:04+00:00,189.0,7.0,Java,2025-03-28T08:42:28,513.0,TravisCI,2017-01-19 20:32:18+00:00,16.383333333333333,0.037037037037037,0.0531645569620253,0.2765119549929676,3555,90.27,67.02662353819359,low,high,TravisCI,Java,10,open_issue_ratio=low | project_age_days=high | ci_type=TravisCI | mainLanguage=Java,JTAi
chancesd/pvpmanager,master,19463.0,39.0,1228.0,4.0,135.0,29.0,2013-12-18 04:07:18+00:00,298.0,7.0,Java,2025-04-25T08:35:13,270.0,TravisCI,2015-10-06 11:00:00+00:00,42.3448275862069,0.023489932885906,0.0692218350754936,0.2852497096399535,4305,145.09,6.491212576172392,low,high,TravisCI,Java,10,open_issue_ratio=low | project_age_days=high | ci_type=TravisCI | mainLanguage=Java,JTAi
netflix/servo,master,5402.0,45.0,1279.0,554.0,1418.0,46.0,2011-12-16 09:09:27+00:00,116.0,0.0,Java,2024-12-10T09:14:02,359.0,TravisCI,2015-08-07 18:08:53+00:00,27.80434782608696,0.0,0.0230250099245732,0.2538705835649067,5038,258.63,46.70991080895653,low,high,TravisCI,Java,10,open_issue_ratio=low | project_age_days=high | ci_type=TravisCI | mainLanguage=Java,JTAi
restfb/restfb,master,19270.0,172.0,2418.0,62.0,754.0,75.0,2011-09-11 03:06:54+00:00,1314.0,23.0,Java,2025-04-21T03:39:34,246.0,TravisCI,2015-08-04 22:42:44+00:00,32.24,0.017503805175038,0.2559407869107908,0.4709777950915465,5134,38.81,42.04002622623248,low,high,TravisCI,Java,10,open_issue_ratio=low | project_age_days=high | ci_type=TravisCI | mainLanguage=Java,JTAi
dice-group/gerbil,master,125334.0,23.0,979.0,28.0,226.0,40.0,2014-09-11 02:32:31+00:00,372.0,128.0,Java,2025-04-01T12:20:38,90.0,TravisCI,2016-12-14 10:36:54+00:00,24.475,0.3440860215053763,0.0921248142644873,0.2424467558197127,4038,214.57,27.333497283641485,low,high,TravisCI,Java,10,open_issue_ratio=low | project_age_days=high | ci_type=TravisCI | mainLanguage=Java,JTAi
asamk/signal-cli,master,6507.0,98.0,1973.0,64.0,3474.0,64.0,2015-05-11 10:49:42+00:00,1199.0,72.0,Java,2025-04-26T07:04:05,200.0,TravisCI,2018-05-08 20:43:18+00:00,30.828125,0.0600500417014178,0.315858798735511,0.5197576396206534,3796,76.8,0.5429314103639108,low,high,TravisCI,Java,10,open_issue_ratio=low | project_age_days=high | ci_type=TravisCI | mainLanguage=Java,JTAi
openfeign/feign,master,9814.0,39.0,2415.0,398.0,9648.0,303.0,2013-06-26 11:28:16+00:00,1063.0,218.0,Java,2025-04-25T05:32:48,1781.0,TravisCI,2015-03-10 21:51:13+00:00,7.97029702970297,0.2050799623706491,0.2372767857142857,0.5390625,4480,185.85,72.61132570512353,low,high,TravisCI,Java,10,open_issue_ratio=low | project_age_days=high | ci_type=TravisCI | mainLanguage=Java,JTAi
timbru31/silkspawners,master,2802.0,17.0,1293.0,8.0,72.0,18.0,2012-08-08 04:18:14+00:00,297.0,18.0,Java,2025-04-21T03:46:22,342.0,TravisCI,2016-02-25 00:07:15+00:00,71.83333333333333,0.0606060606060606,0.0618492294877134,0.2692628071636818,4802,167.61,0.0,low,high,TravisCI,Java,10,open_issue_ratio=low | project_age_days=high | ci_type=TravisCI | mainLanguage=Java,JTAi
wala/wala,master,59324.0,16.0,7291.0,29.0,781.0,74.0,2012-04-05 06:57:03+00:00,478.0,140.0,Java,2025-03-22T12:09:26,1005.0,TravisCI,2013-05-18 02:47:53+00:00,98.52702702702705,0.2928870292887029,0.0970164400243556,1.4798051552668967,4927,118.76,15.678710289236603,low,high,TravisCI,Java,10,open_issue_ratio=low | project_age_days=high | ci_type=TravisCI | mainLanguage=Java,JTAi
googleapis/java-bigtable-hbase,main,20813.0,133.0,3725.0,72.0,176.0,,2014-04-04 02:54:35+00:00,658.0,110.0,Java,2025-04-02T12:18:21,3817.0,TravisCI,2016-08-05 00:17:20+00:00,,0.1671732522796352,0.1567413053835159,0.8873272987136732,4198,0.0,70.34582829504232,low,high,TravisCI,Java,10,open_issue_ratio=low | project_age_days=high | ci_type=TravisCI | mainLanguage=Java,JTAi
liferay/liferay-ide,master,325786.0,13.0,8435.0,20.0,132.0,49.0,2011-06-20 10:14:27+00:00,15.0,3.0,Java,2025-04-17T03:04:01,385.0,TravisCI,2014-07-17 22:39:54+00:00,172.14285714285714,0.2,0.002875215641173,1.616829595553,5217,55.37,56.85083174096178,low,high,TravisCI,Java,10,open_issue_ratio=low | project_age_days=high | ci_type=TravisCI | mainLanguage=Java,JTAi
validator/validator,main,24707.0,28.0,4272.0,65.0,1767.0,94.0,2010-12-03 02:00:23+00:00,1367.0,281.0,Java,2025-04-04T11:29:07,327.0,TravisCI,2014-10-07 04:26:40+00:00,45.4468085106383,0.2055596196049744,0.2524002954209748,0.7887740029542097,5416,75.87,1.5153893351978425,low,high,TravisCI,Java,10,open_issue_ratio=low | project_age_days=high | ci_type=TravisCI | mainLanguage=Java,JTAi
telefonicaid/perseo-core,master,636.0,18.0,589.0,18.0,11.0,27.0,2015-01-20 10:07:16+00:00,43.0,11.0,Java,2025-04-10T01:37:15,193.0,TravisCI,2018-05-22 18:31:34+00:00,21.814814814814813,0.2558139534883721,0.011005886869721,0.1507550550294343,3907,71.8,53.536977491961416,low,high,TravisCI,Java,10,open_issue_ratio=low | project_age_days=high | ci_type=TravisCI | mainLanguage=Java,JTAi
kagkarlsson/db-scheduler,master,2970.0,67.0,915.0,19.0,1368.0,67.0,2015-08-12 06:01:34+00:00,309.0,72.0,Java,2025-04-23T05:40:53,277.0,TravisCI,2017-12-02 20:48:10+00:00,13.656716417910449,0.233009708737864,0.0834458547123953,0.2470969484201998,3703,193.27,44.20216116683626,low,high,TravisCI,Java,10,open_issue_ratio=low | project_age_days=high | ci_type=TravisCI | mainLanguage=Java,JTAi
jeremylong/dependencycheck,main,291244.0,82.0,10456.0,177.0,6694.0,336.0,2012-09-03 08:43:30+00:00,4810.0,481.0,Java,2025-02-16T02:17:43,2590.0,TravisCI,2016-06-05 11:49:59+00:00,31.11904761904762,0.1,1.0071189279731994,2.1892797319933,4776,1.68,11.048173070555697,low,high,TravisCI,Java,10,open_issue_ratio=low | project_age_days=high | ci_type=TravisCI | mainLanguage=Java,JTAi
auth0/java-jwt,master,1516.0,45.0,592.0,217.0,5959.0,65.0,2014-03-07 03:06:11+00:00,305.0,6.0,Java,2025-01-29T04:56:20,408.0,TravisCI,2016-10-31 20:14:22+00:00,9.107692307692307,0.0196721311475409,0.0721722669190724,0.1400851869380028,4226,93.38,78.89156626506025,low,high,TravisCI,Java,10,open_issue_ratio=low | project_age_days=high | ci_type=TravisCI | mainLanguage=Java,JTAi
netflix/priam,3.x,14031.0,281.0,1505.0,476.0,1033.0,68.0,2011-07-20 05:51:25+00:00,218.0,36.0,Java,2025-03-05T10:59:43,881.0,TravisCI,2016-02-10 23:10:33+00:00,22.13235294117647,0.1651376146788991,0.0420281472913051,0.2901484480431849,5187,145.32,43.57304317842228,low,high,TravisCI,Java,10,open_issue_ratio=low | project_age_days=high | ci_type=TravisCI | mainLanguage=Java,JTAi
http-kit/http-kit,master,2466.0,38.0,711.0,108.0,2473.0,118.0,2012-03-13 12:51:18+00:00,387.0,50.0,Java,2025-04-15T08:27:53,204.0,TravisCI,2016-02-26 06:17:44+00:00,6.02542372881356,0.1291989664082687,0.0781818181818181,0.1436363636363636,4950,302.14,23.93994160989851,low,high,TravisCI,Java,10,open_issue_ratio=low | project_age_days=high | ci_type=TravisCI | mainLanguage=Java,JTAi
spockframework/spock,master,34629.0,26.0,3358.0,131.0,3587.0,130.0,2010-12-12 07:02:34+00:00,989.0,192.0,Java,2025-04-25T05:16:02,1100.0,TravisCI,2012-08-06 16:01:31+00:00,25.83076923076923,0.1941354903943377,0.1829110412428333,0.621046791196597,5407,216.74,19.94777515085218,low,high,TravisCI,Java,10,open_issue_ratio=low | project_age_days=high | ci_type=TravisCI | mainLanguage=Java,JTAi
semanticapplicationdesignlanguage/sadl,development,97937.0,72.0,3905.0,16.0,29.0,29.0,2014-07-25 11:19:20+00:00,509.0,90.0,Java,2024-05-27T12:53:26,669.0,TravisCI,2017-09-07 16:06:22+00:00,134.6551724137931,0.1768172888015717,0.1245717082721488,0.955702398433676,4086,45.25,3.924599289336751,low,high,TravisCI,Java,10,open_issue_ratio=low | project_age_days=high | ci_type=TravisCI | mainLanguage=Java,JTAi
artiofix/artio,master,16287.0,165.0,5526.0,45.0,315.0,68.0,2015-01-23 04:09:57+00:00,313.0,48.0,Java,2025-04-22T01:51:10,232.0,TravisCI,2018-12-14 14:01:09+00:00,81.26470588235294,0.1533546325878594,0.0801741803278688,1.4154713114754098,3904,73.4,47.92970825864911,low,high,TravisCI,Java,10,open_issue_ratio=low | project_age_days=high | ci_type=TravisCI | mainLanguage=Java,JTAi
arx-deidentifier/arx,master,392836.0,25.0,4298.0,34.0,635.0,35.0,2013-04-29 03:23:18+00:00,193.0,52.0,Java,2025-01-03T12:11:27,269.0,TravisCI,2015-09-02 14:30:44+00:00,122.8,0.2694300518134715,0.0425297487880123,0.9471132657558397,4538,112.47,1.2496233706687627,low,high,TravisCI,Java,10,open_issue_ratio=low | project_age_days=high | ci_type=TravisCI | mainLanguage=Java,JTAi
jeddict/jeddict,master,56700.0,69.0,1043.0,36.0,395.0,7.0,2015-12-24 11:45:02+00:00,376.0,56.0,Java,2025-02-23T04:14:19,181.0,TravisCI,2018-09-22 04:40:06+00:00,149.0,0.1489361702127659,0.1053516391145979,0.2922387223311852,3569,94.13,6.014273807043134,low,high,TravisCI,Java,10,open_issue_ratio=low | project_age_days=high | ci_type=TravisCI | mainLanguage=Java,JTAi
mathisdt/sdb2,master,52798.0,489.0,1214.0,4.0,14.0,7.0,2014-01-11 08:24:43+00:00,55.0,7.0,Java,2025-04-18T11:23:56,404.0,TravisCI,2016-10-09 19:19:44+00:00,173.42857142857142,0.1272727272727272,0.0128474655454333,0.2835786031301098,4281,482.95,7.901769591910438,low,high,TravisCI,Java,10,open_issue_ratio=low | project_age_days=high | ci_type=TravisCI | mainLanguage=Java,JTAi
quickfix-j/quickfixj,master,44019.0,13.0,2593.0,92.0,1018.0,110.0,2014-05-19 10:04:08+00:00,177.0,50.0,Java,2025-04-23T04:46:24,714.0,TravisCI,2017-07-06 15:13:34+00:00,23.57272727272728,0.2824858757062147,0.0426197929207801,0.6243679267999037,4153,162.64,20.98443180758833,low,high,TravisCI,Java,10,open_issue_ratio=low | project_age_days=high | ci_type=TravisCI | mainLanguage=Java,JTAi
alibaba/canal,master,24135.0,32.0,1681.0,1179.0,28898.0,,2013-01-13 10:59:52+00:00,4655.0,1103.0,Java,2025-03-19T07:51:27,700.0,TravisCI,2019-03-21 08:16:31+00:00,,0.2369495166487647,1.002368647717485,0.3619724375538329,4644,0.0,11.632647658380325,low,high,TravisCI,Java,10,open_issue_ratio=low | project_age_days=high | ci_type=TravisCI | mainLanguage=Java,JTAi
jplag/jplag,main,65410.0,13.0,4874.0,25.0,1566.0,61.0,2015-03-21 08:06:19+00:00,321.0,45.0,Java,2025-04-24T11:25:01,1978.0,TravisCI,2017-06-12 07:07:04+00:00,79.90163934426229,0.1401869158878504,0.0834416428385755,1.2669612685209255,3847,239.28,16.716116056050048,low,high,TravisCI,Java,10,open_issue_ratio=low | project_age_days=high | ci_type=TravisCI | mainLanguage=Java,JTAi
dnsjava/dnsjava,master,8381.0,71.0,2198.0,46.0,961.0,37.0,2014-02-22 12:43:49+00:00,224.0,16.0,Java,2025-01-26T02:15:01,144.0,TravisCI,2019-05-18 12:54:11+00:00,59.4054054054054,0.0714285714285714,0.0528426515687662,0.5185185185185185,4239,68.47,56.0223970815924,low,high,TravisCI,Java,10,open_issue_ratio=low | project_age_days=high | ci_type=TravisCI | mainLanguage=Java,JTAi
naver/ngrinder,develop,37927.0,18.0,4952.0,121.0,2002.0,56.0,2012-06-19 04:14:15+00:00,345.0,117.0,Java,2024-10-10T02:17:58,534.0,TravisCI,2016-04-19 08:08:15+00:00,88.42857142857143,0.3391304347826087,0.0711046990931574,1.0206100577081616,4852,80.12,20.05982235263344,low,high,TravisCI,Java,10,open_issue_ratio=low | project_age_days=high | ci_type=TravisCI | mainLanguage=Java,JTAi
usnistgov/fipy,master,709010.0,31.0,5620.0,30.0,530.0,26.0,2014-08-25 02:27:58+00:00,787.0,162.0,Python,2025-02-14T06:31:56,215.0,TravisCI,2016-01-30 03:57:30+00:00,216.15384615384616,0.2058449809402795,0.1940813810110974,1.3859432799013562,4055,157.76,6.818117957795948,low,high,TravisCI,Python,11,open_issue_ratio=low | project_age_days=high | ci_type=TravisCI | mainLanguage=Python,PTAi
dalibo/pg_activity,master,2897.0,39.0,1019.0,44.0,2584.0,41.0,2012-10-28 09:34:42+00:00,165.0,8.0,Python,2025-04-15T09:34:05,268.0,TravisCI,2020-07-16 10:28:24+00:00,24.853658536585368,0.0484848484848484,0.0349502224105062,0.2158441008260961,4721,129.63,7.151759179369188,low,high,TravisCI,Python,11,open_issue_ratio=low | project_age_days=high | ci_type=TravisCI | mainLanguage=Python,PTAi
johnmaguire/cardinal,master,800.0,32.0,671.0,18.0,100.0,19.0,2013-02-06 09:55:21+00:00,163.0,16.0,Python,2025-02-10T10:02:45,47.0,TravisCI,2015-12-05 02:17:15+00:00,35.31578947368421,0.0981595092024539,0.0352813852813852,0.1452380952380952,4620,359.13,48.80968038932,low,high,TravisCI,Python,11,open_issue_ratio=low | project_age_days=high | ci_type=TravisCI | mainLanguage=Python,PTAi
wisdem/wisdem,master,84800.0,52.0,4209.0,31.0,160.0,42.0,2014-09-04 08:30:24+00:00,193.0,1.0,Python,2025-04-25T04:47:20,440.0,TravisCI,2020-01-08 16:53:01+00:00,100.21428571428572,0.005181347150259,0.0477132262051916,1.0405438813349814,4045,207.78,13.010454001185298,low,high,TravisCI,Python,11,open_issue_ratio=low | project_age_days=high | ci_type=TravisCI | mainLanguage=Python,PTAi
py-pdf/pypdf,main,21370.0,105.0,1977.0,147.0,8977.0,258.0,2012-01-06 05:13:38+00:00,1242.0,80.0,Python,2025-04-25T07:03:35,1678.0,TravisCI,2016-01-13 09:52:27+00:00,7.662790697674419,0.0644122383252818,0.2475583017739685,0.394060195335858,5017,464.18,30.267476030115187,low,high,TravisCI,Python,11,open_issue_ratio=low | project_age_days=high | ci_type=TravisCI | mainLanguage=Python,PTAi
janeczku/calibre-web,master,94217.0,21.0,4117.0,173.0,11852.0,,2015-08-02 07:01:42+00:00,2402.0,385.0,Python,2024-06-03T06:41:52,664.0,TravisCI,2017-03-02 10:31:21+00:00,,0.1602830974188176,0.6469162402370051,1.1088068946943173,3713,0.0,0.0,low,high,TravisCI,Python,11,open_issue_ratio=low | project_age_days=high | ci_type=TravisCI | mainLanguage=Python,PTAi
jaebradley/basketball_reference_web_scraper,v4,14918.0,37.0,261.0,23.0,439.0,12.0,2015-10-23 03:32:22+00:00,81.0,15.0,Python,2024-11-17T11:41:19,204.0,TravisCI,2018-11-02 15:51:18+00:00,21.75,0.1851851851851851,0.0223079041586339,0.0718810245111539,3631,112.41,0.7703178311094191,low,high,TravisCI,Python,11,open_issue_ratio=low | project_age_days=high | ci_type=TravisCI | mainLanguage=Python,PTAi
3liz/lizmap-plugin,master,14260.0,145.0,2000.0,12.0,64.0,26.0,2013-02-07 01:26:02+00:00,325.0,70.0,Python,2025-04-25T12:52:41,292.0,TravisCI,2019-11-08 15:49:29+00:00,76.92307692307692,0.2153846153846154,0.0703615501190734,0.4329941545789131,4619,362.83,11.795993880527982,low,high,TravisCI,Python,11,open_issue_ratio=low | project_age_days=high | ci_type=TravisCI | mainLanguage=Python,PTAi
imageio/imageio,master,3833.0,72.0,1554.0,32.0,1553.0,121.0,2013-05-04 10:56:45+00:00,609.0,96.0,Python,2025-02-21T05:44:35,508.0,TravisCI,2014-10-20 10:52:54+00:00,12.84297520661157,0.1576354679802955,0.1343481138318994,0.342819324950364,4533,172.33,65.6860728245217,low,high,TravisCI,Python,11,open_issue_ratio=low | project_age_days=high | ci_type=TravisCI | mainLanguage=Python,PTAi
mediamath/t1-python,master,730.0,44.0,302.0,26.0,18.0,,2013-04-05 08:14:21+00:00,59.0,10.0,Python,2024-03-13T02:19:12,152.0,TravisCI,2015-08-26 19:43:24+00:00,,0.1694915254237288,0.0129329241560718,0.0661990355107409,4562,0.0,18.458915059149525,low,high,TravisCI,Python,11,open_issue_ratio=low | project_age_days=high | ci_type=TravisCI | mainLanguage=Python,PTAi
mhe/pynrrd,master,371.0,21.0,270.0,9.0,118.0,26.0,2010-07-12 07:46:35+00:00,58.0,6.0,Python,2025-01-23T05:12:40,112.0,TravisCI,2015-08-14 20:09:30+00:00,10.384615384615383,0.1034482758620689,0.0104316546762589,0.0485611510791366,5560,76.45,68.07033780657103,low,high,TravisCI,Python,11,open_issue_ratio=low | project_age_days=high | ci_type=TravisCI | mainLanguage=Python,PTAi
okta/okta-sdk-python,master,5920.0,22.0,574.0,238.0,252.0,37.0,2015-05-08 08:55:50+00:00,172.0,35.0,Python,2025-04-16T11:47:28,269.0,TravisCI,2017-03-02 19:59:37+00:00,15.513513513513514,0.2034883720930232,0.0452750723874703,0.1510923927349302,3799,216.84,15.136525524337156,low,high,TravisCI,Python,11,open_issue_ratio=low | project_age_days=high | ci_type=TravisCI | mainLanguage=Python,PTAi
networkx/networkx,main,94783.0,60.0,7963.0,280.0,15675.0,802.0,2010-09-06 12:53:44+00:00,3264.0,178.0,Python,2025-04-26T12:51:07,4102.0,TravisCI,2013-07-20 01:19:30+00:00,9.928927680798004,0.0545343137254902,0.5930232558139535,1.446765988372093,5504,174.99,41.69421356680431,low,high,TravisCI,Python,11,open_issue_ratio=low | project_age_days=high | ci_type=TravisCI | mainLanguage=Python,PTAi
qiniu/python-sdk,master,3717.0,57.0,917.0,35.0,546.0,68.0,2012-03-22 08:25:20+00:00,151.0,5.0,Python,2025-03-25T02:22:51,304.0,TravisCI,2013-03-26 08:24:26+00:00,13.485294117647058,0.0331125827814569,0.0305606152600688,0.1855899615462457,4941,120.68,44.91247776841711,low,high,TravisCI,Python,11,open_issue_ratio=low | project_age_days=high | ci_type=TravisCI | mainLanguage=Python,PTAi
pseudonym117/riot-watcher,master,600.0,16.0,269.0,36.0,537.0,44.0,2014-02-07 12:08:14+00:00,98.0,7.0,Python,2025-03-08T09:03:51,153.0,TravisCI,2017-09-12 06:08:17+00:00,6.113636363636363,0.0714285714285714,0.0230371415138693,0.0632346027268453,4254,83.32,70.80057183702645,low,high,TravisCI,Python,11,open_issue_ratio=low | project_age_days=high | ci_type=TravisCI | mainLanguage=Python,PTAi
commixproject/commix,master,7104.0,39.0,2228.0,157.0,5245.0,24.0,2015-03-20 08:38:26+00:00,955.0,6.0,Python,2025-04-23T06:38:16,44.0,TravisCI,2016-11-05 09:51:13+00:00,92.83333333333331,0.006282722513089,0.2481808731808731,0.579002079002079,3848,18.9,3.399494379000592,low,high,TravisCI,Python,11,open_issue_ratio=low | project_age_days=high | ci_type=TravisCI | mainLanguage=Python,PTAi
barneygale/quarry,master,566.0,13.0,420.0,20.0,534.0,22.0,2014-07-02 07:10:31+00:00,159.0,48.0,Python,2025-01-15T09:23:41,46.0,TravisCI,2017-02-17 17:39:59+00:00,19.09090909090909,0.3018867924528302,0.0386955463616451,0.1022146507666098,4109,104.44,6.291091916978213,low,high,TravisCI,Python,11,open_issue_ratio=low | project_age_days=high | ci_type=TravisCI | mainLanguage=Python,PTAi
python-pillow/pillow,main,207421.0,59.0,19459.0,219.0,12739.0,503.0,2012-07-24 09:38:39+00:00,3278.0,67.0,Python,2025-04-27T03:16:34,5448.0,TravisCI,2014-06-28 16:30:10+00:00,38.685884691848905,0.0204392922513727,0.6805065393398381,4.039651235208636,4817,136.07,34.211953161414286,low,high,TravisCI,Python,11,open_issue_ratio=low | project_age_days=high | ci_type=TravisCI | mainLanguage=Python,PTAi
parallels/rq-dashboard,master,943.0,20.0,584.0,44.0,1457.0,69.0,2012-01-31 01:14:16+00:00,210.0,57.0,Python,2024-12-10T09:00:39,286.0,TravisCI,2018-01-20 08:54:15+00:00,8.46376811594203,0.2714285714285714,0.0420673076923076,0.1169871794871794,4992,240.44,1.6553428042001237,low,high,TravisCI,Python,11,open_issue_ratio=low | project_age_days=high | ci_type=TravisCI | mainLanguage=Python,PTAi
theolind/pymysensors,master,1058.0,21.0,858.0,12.0,64.0,19.0,2015-03-11 07:24:23+00:00,43.0,2.0,Python,2025-04-24T04:31:14,766.0,TravisCI,2016-03-11 02:01:33+00:00,45.1578947368421,0.0465116279069767,0.0111485610578169,0.2224526834327197,3857,99.12,36.1642014292837,low,high,TravisCI,Python,11,open_issue_ratio=low | project_age_days=high | ci_type=TravisCI | mainLanguage=Python,PTAi
yeti-platform/yeti,main,36353.0,41.0,3421.0,101.0,1843.0,74.0,2015-12-13 04:54:26+00:00,598.0,32.0,Python,2025-04-19T09:37:41,632.0,TravisCI,2017-03-17 02:35:39+00:00,46.229729729729726,0.0535117056856187,0.1670391061452514,0.955586592178771,3580,386.23,31.06288551226117,low,high,TravisCI,Python,11,open_issue_ratio=low | project_age_days=high | ci_type=TravisCI | mainLanguage=Python,PTAi
ocrmypdf/ocrmypdf,main,66777.0,39.0,4000.0,179.0,28089.0,113.0,2013-12-20 08:26:28+00:00,1244.0,126.0,Python,2025-04-21T07:23:34,207.0,TravisCI,2015-09-06 06:44:43+00:00,35.39823008849557,0.1012861736334405,0.2891006274692075,0.929584011155008,4303,77.17,19.9946025368077,low,high,TravisCI,Python,11,open_issue_ratio=low | project_age_days=high | ci_type=TravisCI | mainLanguage=Python,PTAi
spl0k/supysonic,master,2119.0,13.0,808.0,12.0,266.0,23.0,2013-05-15 09:36:29+00:00,177.0,22.0,Python,2024-12-15T11:51:09,92.0,TravisCI,2017-07-14 19:12:55+00:00,35.130434782608695,0.1242937853107344,0.039141972578505,0.1786819991154356,4522,108.72,39.921616325427394,low,high,TravisCI,Python,11,open_issue_ratio=low | project_age_days=high | ci_type=TravisCI | mainLanguage=Python,PTAi
biocore/biom-format,master,21422.0,14.0,2268.0,20.0,92.0,62.0,2012-04-11 11:10:28+00:00,490.0,23.0,Python,2024-12-05T04:50:30,499.0,TravisCI,2013-12-05 06:12:37+00:00,36.58064516129032,0.046938775510204,0.0995732574679943,0.460881934566145,4921,214.65,68.0888575458392,low,high,TravisCI,Python,11,open_issue_ratio=low | project_age_days=high | ci_type=TravisCI | mainLanguage=Python,PTAi
stefanfoulis/django-phonenumber-field,main,558.0,13.0,620.0,21.0,1510.0,112.0,2011-08-31 05:52:05+00:00,229.0,6.0,Python,2025-04-10T08:12:54,401.0,TravisCI,2014-04-29 15:20:05+00:00,5.535714285714286,0.0262008733624454,0.0445092322643343,0.1205053449951409,5145,379.62,49.97222222222222,low,high,TravisCI,Python,11,open_issue_ratio=low | project_age_days=high | ci_type=TravisCI | mainLanguage=Python,PTAi
dgasmith/opt_einsum,main,4306.0,20.0,362.0,19.0,888.0,28.0,2014-12-12 05:31:24+00:00,136.0,29.0,Python,2025-03-16T09:36:21,112.0,TravisCI,2016-03-23 12:59:32+00:00,12.928571428571429,0.213235294117647,0.0344652812975164,0.0917384693360365,3946,158.14,36.99628252788104,low,high,TravisCI,Python,11,open_issue_ratio=low | project_age_days=high | ci_type=TravisCI | mainLanguage=Python,PTAi
astropy/specutils,main,17191.0,34.0,3083.0,25.0,183.0,101.0,2011-10-14 04:11:38+00:00,599.0,188.0,Python,2025-04-24T03:29:37,624.0,TravisCI,2013-04-13 10:02:07+00:00,30.524752475247524,0.3138564273789649,0.1174279553028817,0.6043912958243481,5101,294.25,68.80649810035374,low,high,TravisCI,Python,11,open_issue_ratio=low | project_age_days=high | ci_type=TravisCI | mainLanguage=Python,PTAi
nortikin/sverchok,master,679699.0,29.0,12329.0,131.0,2320.0,64.0,2013-10-26 08:23:40+00:00,2733.0,175.0,Python,2025-04-20T04:39:13,2395.0,TravisCI,2018-01-06 09:13:45+00:00,192.640625,0.0640321990486644,0.6271225332721432,2.829050022946306,4358,49.02,1.690189245730064,low,high,TravisCI,Python,11,open_issue_ratio=low | project_age_days=high | ci_type=TravisCI | mainLanguage=Python,PTAi
frappe/bench,develop,31815.0,78.0,2434.0,116.0,1503.0,150.0,2014-07-09 10:24:30+00:00,719.0,113.0,Python,2025-04-09T11:00:33,845.0,TravisCI,2016-02-25 12:11:08+00:00,16.226666666666667,0.1571627260083449,0.1752803510482691,0.5933690882496343,4102,156.03,6.922057849414882,low,high,TravisCI,Python,11,open_issue_ratio=low | project_age_days=high | ci_type=TravisCI | mainLanguage=Python,PTAi
jacksonllee/pycantonese,main,15833.0,20.0,328.0,21.0,335.0,,2014-12-13 08:40:56+00:00,41.0,8.0,Python,2024-05-23T12:48:29,8.0,TravisCI,2016-02-25 05:27:52+00:00,,0.1951219512195122,0.0103929024081115,0.0831432192648922,3945,0.0,0.1585069007040563,low,high,TravisCI,Python,11,open_issue_ratio=low | project_age_days=high | ci_type=TravisCI | mainLanguage=Python,PTAi
ungoogled-software/ungoogled-chromium,master,17330.0,245.0,2286.0,300.0,22292.0,107.0,2015-06-12 22:24:24+00:00,2324.0,147.0,Python,2025-04-22T08:24:21,616.0,TravisCI,2018-05-31 05:23:14+00:00,21.36448598130841,0.0632530120481927,0.6174282678002125,0.6073326248671626,3764,49.78,1.288152801573704,low,high,TravisCI,Python,11,open_issue_ratio=low | project_age_days=high | ci_type=TravisCI | mainLanguage=Python,PTAi
nanograv/pint,master,96709.0,15.0,9080.0,18.0,128.0,77.0,2013-12-04 10:21:19+00:00,820.0,158.0,Python,2025-04-25T07:07:26,1081.0,TravisCI,2016-12-06 20:07:44+00:00,117.92207792207792,0.1926829268292683,0.1898587636026858,2.102338504283399,4319,256.39,37.18603981967416,low,high,TravisCI,Python,11,open_issue_ratio=low | project_age_days=high | ci_type=TravisCI | mainLanguage=Python,PTAi
tohojo/flent,main,7919.0,25.0,2498.0,27.0,458.0,23.0,2012-10-09 01:43:29+00:00,240.0,55.0,Python,2025-03-28T11:23:34,78.0,TravisCI,2017-05-31 14:02:23+00:00,108.6086956521739,0.2291666666666666,0.050632911392405,0.5270042194092827,4740,111.86,12.881877130824254,low,high,TravisCI,Python,11,open_issue_ratio=low | project_age_days=high | ci_type=TravisCI | mainLanguage=Python,PTAi
conan-io/conan-package-tools,develop,1067.0,69.0,1123.0,21.0,164.0,51.0,2016-01-21 09:08:21+00:00,316.0,81.0,Python,2024-06-19T12:17:28,304.0,TravisCI,2017-04-19 16:06:48+00:00,22.01960784313725,0.2563291139240506,0.0892403275910759,0.3171420502682858,3541,87.56,76.85022456551455,low,high,TravisCI,Python,11,open_issue_ratio=low | project_age_days=high | ci_type=TravisCI | mainLanguage=Python,PTAi
openpathsampling/openpathsampling,master,281344.0,20.0,7295.0,13.0,107.0,16.0,2013-09-04 02:06:28+00:00,358.0,83.0,Python,2025-01-14T03:05:12,812.0,TravisCI,2014-11-09 14:00:18+00:00,455.9375,0.2318435754189944,0.0811791383219954,1.6541950113378685,4410,161.28,35.78898146573712,low,high,TravisCI,Python,11,open_issue_ratio=low | project_age_days=high | ci_type=TravisCI | mainLanguage=Python,PTAi
praw-dev/praw,main,51438.0,15.0,4275.0,69.0,3660.0,247.0,2010-08-19 04:00:07+00:00,757.0,5.0,Python,2025-04-21T03:16:36,1302.0,TravisCI,2013-01-04 03:20:22+00:00,17.307692307692307,0.0066050198150594,0.1370880115900036,0.7741760231800072,5522,70.61,4.462788424460367,low,high,TravisCI,Python,11,open_issue_ratio=low | project_age_days=high | ci_type=TravisCI | mainLanguage=Python,PTAi
cookiecutter/cookiecutter-django,master,9954.0,620.0,8236.0,198.0,12709.0,459.0,2013-08-14 05:43:31+00:00,1243.0,82.0,Python,2025-04-09T11:30:20,4446.0,TravisCI,2014-10-30 11:30:50+00:00,17.943355119825707,0.0659694288012872,0.2805235838411193,1.8587226359738207,4431,161.6,6.036729857819905,low,high,TravisCI,Python,11,open_issue_ratio=low | project_age_days=high | ci_type=TravisCI | mainLanguage=Python,PTAi
python-semver/python-semver,master,902.0,21.0,499.0,13.0,480.0,47.0,2012-02-07 08:46:16+00:00,187.0,13.0,Python,2025-01-28T12:40:12,257.0,TravisCI,2014-10-02 17:49:19+00:00,10.617021276595745,0.0695187165775401,0.0375125376128385,0.1001003009027081,4985,114.86,34.30641380779885,low,high,TravisCI,Python,11,open_issue_ratio=low | project_age_days=high | ci_type=TravisCI | mainLanguage=Python,PTAi
vinitkumar/json2xml,master,1126.0,45.0,395.0,2.0,101.0,12.0,2013-07-06 09:35:57+00:00,72.0,2.0,Python,2025-04-12T10:52:25,163.0,TravisCI,2015-02-13 15:44:08+00:00,32.916666666666664,0.0277777777777777,0.0161073825503355,0.0883668903803132,4470,123.71,25.23058613507885,low,high,TravisCI,Python,11,open_issue_ratio=low | project_age_days=high | ci_type=TravisCI | mainLanguage=Python,PTAi
marketsquare/robotframework-database-library,master,2771.0,14.0,550.0,28.0,165.0,46.0,2010-11-28 04:37:50+00:00,142.0,8.0,Python,2025-02-20T10:22:30,98.0,TravisCI,2016-05-31 11:21:45+00:00,11.956521739130435,0.056338028169014,0.0261944290721269,0.1014572957019,5421,402.48,0.9117792015771315,low,high,TravisCI,Python,11,open_issue_ratio=low | project_age_days=high | ci_type=TravisCI | mainLanguage=Python,PTAi
nginx-proxy/nginx-proxy,main,1693.0,28.0,1474.0,264.0,19268.0,155.0,2014-05-05 05:01:40+00:00,1365.0,302.0,Python,2025-04-11T04:06:51,782.0,TravisCI,2016-04-04 23:01:47+00:00,9.50967741935484,0.2212454212454212,0.3275737940964723,0.3537317014638829,4167,534.18,51.24508519003932,low,high,TravisCI,Python,11,open_issue_ratio=low | project_age_days=high | ci_type=TravisCI | mainLanguage=Python,PTAi
urschrei/pyzotero,main,5184.0,33.0,1270.0,16.0,975.0,33.0,2011-02-28 09:31:44+00:00,141.0,15.0,Python,2025-03-22T02:43:21,80.0,TravisCI,2013-05-19 21:30:26+00:00,38.48484848484848,0.1063829787234042,0.0264589979358228,0.2383186338900356,5329,64.07,22.930025090604964,low,high,TravisCI,Python,11,open_issue_ratio=low | project_age_days=high | ci_type=TravisCI | mainLanguage=Python,PTAi
wisdem/landbosse,master,19740.0,13.0,658.0,18.0,16.0,16.0,2014-10-06 08:54:57+00:00,98.0,21.0,Python,2025-02-20T06:39:25,101.0,TravisCI,2020-04-23 03:45:46+00:00,41.125,0.2142857142857142,0.0244206329429354,0.1639671069025666,4013,65.76,17.99163179916318,low,high,TravisCI,Python,11,open_issue_ratio=low | project_age_days=high | ci_type=TravisCI | mainLanguage=Python,PTAi
torchbox/wagtail-markdown,main,536.0,14.0,250.0,12.0,201.0,30.0,2015-09-14 01:42:45+00:00,68.0,7.0,Python,2025-03-11T02:31:12,85.0,TravisCI,2018-02-14 23:22:19+00:00,8.333333333333334,0.1029411764705882,0.0185286103542234,0.0681198910081744,3670,349.08,35.68281938325991,low,high,TravisCI,Python,11,open_issue_ratio=low | project_age_days=high | ci_type=TravisCI | mainLanguage=Python,PTAi
comic/grand-challenge.org,main,66399.0,23.0,7017.0,14.0,178.0,42.0,2012-06-05 09:26:39+00:00,1329.0,40.0,Python,2025-04-25T10:19:04,2643.0,TravisCI,2017-04-10 09:37:13+00:00,167.07142857142858,0.0300978179082016,0.2731196054254007,1.442046855733662,4866,140.52,17.79768974497779,low,high,TravisCI,Python,11,open_issue_ratio=low | project_age_days=high | ci_type=TravisCI | mainLanguage=Python,PTAi
pushingkarmaorg/python-plexapi,master,32268.0,56.0,2562.0,36.0,1190.0,98.0,2014-12-29 02:38:06+00:00,517.0,52.0,Python,2025-04-19T12:43:01,1003.0,TravisCI,2017-01-24 05:38:45+00:00,26.142857142857142,0.1005802707930367,0.1315856452023415,0.652074319165182,3929,111.92,47.18669308833243,low,high,TravisCI,Python,11,open_issue_ratio=low | project_age_days=high | ci_type=TravisCI | mainLanguage=Python,PTAi
marketsquare/sshlibrary,master,2521.0,35.0,892.0,39.0,155.0,47.0,2014-08-14 08:58:05+00:00,319.0,34.0,Python,2024-09-02T01:28:20,145.0,TravisCI,2018-03-05 12:38:47+00:00,18.97872340425532,0.1065830721003134,0.0784554845056566,0.219380226266601,4066,236.83,0.9127656800104316,low,high,TravisCI,Python,11,open_issue_ratio=low | project_age_days=high | ci_type=TravisCI | mainLanguage=Python,PTAi
pyinfra-dev/pyinfra,3.x,22224.0,105.0,4186.0,37.0,4191.0,158.0,2014-10-19 07:37:45+00:00,815.0,173.0,Python,2025-04-23T09:24:58,479.0,TravisCI,2016-07-24 23:04:47+00:00,26.49367088607595,0.2122699386503067,0.20375,1.0465,4000,118.94,16.022418819744647,low,high,TravisCI,Python,11,open_issue_ratio=low | project_age_days=high | ci_type=TravisCI | mainLanguage=Python,PTAi
pusher/pusher-http-python,master,675.0,22.0,446.0,23.0,377.0,69.0,2010-04-28 11:07:18+00:00,76.0,4.0,Python,2025-01-21T10:44:04,162.0,TravisCI,2014-09-01 12:11:47+00:00,6.463768115942029,0.0526315789473684,0.0134871339840283,0.079148181011535,5635,254.64,45.525291828793776,low,high,TravisCI,Python,11,open_issue_ratio=low | project_age_days=high | ci_type=TravisCI | mainLanguage=Python,PTAi
econ-ark/hark,master,176415.0,24.0,4537.0,31.0,345.0,75.0,2016-01-26 06:04:38+00:00,617.0,134.0,Python,2025-04-19T02:42:02,901.0,TravisCI,2018-11-05 12:22:19+00:00,60.49333333333333,0.2171799027552674,0.1744909502262443,1.2830882352941178,3536,378.75,8.549865831842576,low,high,TravisCI,Python,11,open_issue_ratio=low | project_age_days=high | ci_type=TravisCI | mainLanguage=Python,PTAi
cgatoxford/umi-tools,master,31183.0,34.0,922.0,34.0,502.0,41.0,2015-03-06 03:10:20+00:00,504.0,19.0,Python,2025-02-21T10:51:38,174.0,TravisCI,2016-04-22 13:23:34+00:00,22.48780487804878,0.0376984126984126,0.1305023303987571,0.2387364060072501,3862,205.63,2.9986052998605297,low,high,TravisCI,Python,11,open_issue_ratio=low | project_age_days=high | ci_type=TravisCI | mainLanguage=Python,PTAi
databiosphere/toil,master,35848.0,55.0,6212.0,54.0,909.0,146.0,2015-03-30 09:08:58+00:00,3066.0,399.0,Python,2025-04-24T04:05:47,2224.0,TravisCI,2017-08-25 20:01:38+00:00,42.54794520547945,0.1301369863013698,0.7988535695674831,1.6185513288170923,3838,218.78,36.66876953517048,low,high,TravisCI,Python,11,open_issue_ratio=low | project_age_days=high | ci_type=TravisCI | mainLanguage=Python,PTAi
meejah/txtorcon,main,4037.0,32.0,1870.0,25.0,254.0,36.0,2012-03-28 06:51:27+00:00,192.0,47.0,Python,2024-12-10T03:49:54,211.0,TravisCI,2013-05-14 06:02:40+00:00,51.94444444444444,0.2447916666666666,0.0389057750759878,0.3789260385005066,4935,31.79,63.66787074099385,low,high,TravisCI,Python,11,open_issue_ratio=low | project_age_days=high | ci_type=TravisCI | mainLanguage=Python,PTAi
django-helpdesk/django-helpdesk,main,25435.0,40.0,2753.0,91.0,1599.0,159.0,2010-10-14 12:59:09+00:00,671.0,88.0,Python,2025-04-13T07:40:21,551.0,TravisCI,2012-08-08 04:32:28+00:00,17.31446540880503,0.1311475409836065,0.1227588730332967,0.5036589828027809,5466,339.15,2.0063740617862225,low,high,TravisCI,Python,11,open_issue_ratio=low | project_age_days=high | ci_type=TravisCI | mainLanguage=Python,PTAi
bchew/dynamodump,master,362.0,29.0,354.0,21.0,870.0,32.0,2013-11-15 05:00:00+00:00,21.0,2.0,Python,2025-04-02T01:49:51,284.0,TravisCI,2016-04-27 05:26:08+00:00,11.0625,0.0952380952380952,0.0048409405255878,0.0816044260027662,4338,448.58,3.8461538461538463,low,high,TravisCI,Python,11,open_issue_ratio=low | project_age_days=high | ci_type=TravisCI | mainLanguage=Python,PTAi
hankcs/hanlp,doc-zh,72898.0,62.0,1770.0,1132.0,34293.0,51.0,2014-10-09 06:36:16+00:00,1424.0,8.0,Python,2024-12-18T06:43:45,136.0,TravisCI,2020-02-16 15:58:06+00:00,34.705882352941174,0.0056179775280898,0.3551122194513715,0.4413965087281795,4010,306.42,1.26939047741991,low,high,TravisCI,Python,11,open_issue_ratio=low | project_age_days=high | ci_type=TravisCI | mainLanguage=Python,PTAi
stevenblack/hosts,master,1381013.0,746.0,4108.0,589.0,27974.0,168.0,2012-04-12 08:22:50+00:00,2056.0,85.0,Python,2025-04-25T07:34:03,686.0,TravisCI,2017-05-15 23:17:07+00:00,24.452380952380956,0.0413424124513618,0.4178861788617886,0.8349593495934959,4920,52.34,10.53775122216187,low,high,TravisCI,Python,11,open_issue_ratio=low | project_age_days=high | ci_type=TravisCI | mainLanguage=Python,PTAi
spiral-project/ihatemoney,main,17704.0,13.0,1411.0,24.0,1232.0,193.0,2011-03-10 02:38:21+00:00,500.0,45.0,Python,2025-01-28T03:09:09,853.0,TravisCI,2016-09-24 18:20:21+00:00,7.310880829015544,0.09,0.094002632073698,0.2652754277119759,5319,218.4,13.815307694250144,low,high,TravisCI,Python,11,open_issue_ratio=low | project_age_days=high | ci_type=TravisCI | mainLanguage=Python,PTAi
django-ses/django-ses,main,601.0,52.0,385.0,16.0,1037.0,81.0,2011-01-25 07:41:40+00:00,150.0,49.0,Python,2025-03-07T04:24:38,200.0,TravisCI,2012-02-04 04:55:12+00:00,4.753086419753086,0.3266666666666666,0.0279694201006899,0.0717881782584374,5363,354.54,49.60883571099862,low,high,TravisCI,Python,11,open_issue_ratio=low | project_age_days=high | ci_type=TravisCI | mainLanguage=Python,PTAi
otsaloma/gaupol,master,18004.0,51.0,2568.0,13.0,258.0,27.0,2011-04-09 01:46:24+00:00,201.0,16.0,Python,2025-04-19T11:16:39,26.0,TravisCI,2016-07-07 00:07:41+00:00,95.11111111111111,0.0796019900497512,0.0380034032898468,0.4855360181508791,5289,87.79,12.63803680981595,low,high,TravisCI,Python,11,open_issue_ratio=low | project_age_days=high | ci_type=TravisCI | mainLanguage=Python,PTAi
holoviz/param,main,5082.0,30.0,938.0,18.0,457.0,44.0,2012-05-01 11:51:08+00:00,487.0,168.0,Python,2025-04-16T10:18:48,560.0,TravisCI,2014-05-09 18:32:19+00:00,21.318181818181817,0.3449691991786447,0.0993674760253009,0.1913895123444195,4901,510.7,64.55552151267125,low,high,TravisCI,Python,11,open_issue_ratio=low | project_age_days=high | ci_type=TravisCI | mainLanguage=Python,PTAi
pylons/waitress,main,1803.0,32.0,1066.0,37.0,1485.0,57.0,2011-12-17 06:58:21+00:00,244.0,13.0,Python,2025-03-07T02:29:26,213.0,TravisCI,2014-12-19 02:36:09+00:00,18.70175438596491,0.0532786885245901,0.0484415326583283,0.2116339090728608,5037,145.29,75.99845797995374,low,high,TravisCI,Python,11,open_issue_ratio=low | project_age_days=high | ci_type=TravisCI | mainLanguage=Python,PTAi
intellectualsites/plotsquared,main,73997.0,73.0,5639.0,41.0,580.0,110.0,2014-10-27 02:45:03+00:00,3368.0,182.0,Java,2025-04-25T12:06:27,1200.0,GitHubActions,2019-09-18 00:06:28+00:00,51.263636363636365,0.0540380047505938,0.843687374749499,1.4125751503006012,3992,92.42,1.3270931163915631,low,high,GitHubActions,Java,8,open_issue_ratio=low | project_age_days=high | ci_type=GitHubActions | mainLanguage=Java,JGAi
freerouting/freerouting,master,514760.0,15.0,1442.0,50.0,1374.0,32.0,2014-06-28 05:00:48+00:00,261.0,20.0,Java,2025-04-14T09:09:01,165.0,GitHubActions,2020-03-14 22:13:04+00:00,45.0625,0.0766283524904214,0.0634573304157549,0.3505956722586919,4113,219.94,1.4468490442136863,low,high,GitHubActions,Java,8,open_issue_ratio=low | project_age_days=high | ci_type=GitHubActions | mainLanguage=Java,JGAi
mik3y/usb-serial-for-android,master,945.0,33.0,301.0,236.0,5134.0,42.0,2013-06-30 11:17:45+00:00,544.0,33.0,Java,2025-04-18T06:37:24,78.0,GitHubActions,2019-11-15 22:57:39+00:00,7.166666666666667,0.0606617647058823,0.1215370866845397,0.0672475424486148,4476,257.88,43.67816091954023,low,high,GitHubActions,Java,8,open_issue_ratio=low | project_age_days=high | ci_type=GitHubActions | mainLanguage=Java,JGAi
elastic/support-diagnostics,main,10625.0,87.0,770.0,136.0,291.0,73.0,2014-09-04 04:26:17+00:00,364.0,51.0,Java,2025-04-25T05:12:52,445.0,GitHubActions,2023-07-12 18:18:58+00:00,10.547945205479452,0.1401098901098901,0.0899876390605686,0.1903584672435105,4045,137.21,2.9405536227499622,low,high,GitHubActions,Java,8,open_issue_ratio=low | project_age_days=high | ci_type=GitHubActions | mainLanguage=Java,JGAi
spring-io/initializr,main,11003.0,16.0,2449.0,145.0,3539.0,125.0,2013-06-07 04:02:22+00:00,1086.0,42.0,Java,2025-04-22T07:01:50,459.0,GitHubActions,2024-02-05 12:39:42+00:00,19.592,0.0386740331491712,0.2413869748833074,0.5443431873749722,4499,57.73,63.38133974372733,low,high,GitHubActions,Java,8,open_issue_ratio=low | project_age_days=high | ci_type=GitHubActions | mainLanguage=Java,JGAi
gbif/ipt,master,186488.0,36.0,9112.0,35.0,127.0,99.0,2015-05-07 07:44:39+00:00,2342.0,211.0,Java,2025-04-25T10:35:18,376.0,GitHubActions,2023-10-26 11:00:39+00:00,92.04040404040404,0.0900939368061485,0.6163157894736843,2.397894736842105,3800,84.06,10.010170246312532,low,high,GitHubActions,Java,8,open_issue_ratio=low | project_age_days=high | ci_type=GitHubActions | mainLanguage=Java,JGAi
quickblox/quickblox-android-sdk,master,257532.0,49.0,1975.0,64.0,419.0,35.0,2012-10-11 09:39:48+00:00,670.0,2.0,Java,2025-01-15T03:06:03,153.0,GitHubActions,2023-12-12 11:24:40+00:00,56.42857142857143,0.0029850746268656,0.1414098775854791,0.4168425495989869,4738,411.23,0.0,low,high,GitHubActions,Java,8,open_issue_ratio=low | project_age_days=high | ci_type=GitHubActions | mainLanguage=Java,JGAi
gocd-contrib/docker-elastic-agents-plugin,master,2237.0,240.0,598.0,10.0,31.0,27.0,2016-01-11 10:45:53+00:00,39.0,9.0,Java,2025-04-19T09:51:12,295.0,GitHubActions,2020-11-13 08:49:19+00:00,22.14814814814815,0.2307692307692307,0.0109828217403548,0.1684032666854407,3551,402.88,47.304943418701605,low,high,GitHubActions,Java,8,open_issue_ratio=low | project_age_days=high | ci_type=GitHubActions | mainLanguage=Java,JGAi
marcuswolschon/osmeditor4android,master,362020.0,208.0,8178.0,20.0,402.0,46.0,2015-03-21 07:25:43+00:00,2118.0,181.0,Java,2025-04-26T12:30:22,752.0,GitHubActions,2019-11-18 13:54:12+00:00,177.7826086956522,0.0854579792256846,0.5505588770470496,2.1258123212893163,3847,99.79,2.3530611968102204,low,high,GitHubActions,Java,8,open_issue_ratio=low | project_age_days=high | ci_type=GitHubActions | mainLanguage=Java,JGAi
bancika/diy-layout-creator,master,1480782.0,96.0,2319.0,53.0,1019.0,19.0,2015-03-27 15:08:12+00:00,848.0,57.0,Java,2025-04-21T06:46:41,65.0,GitHubActions,2020-03-23 16:15:37+00:00,122.05263157894736,0.0672169811320754,0.2207758396250976,0.603749023691747,3841,176.4,0.3295162167550756,low,high,GitHubActions,Java,8,open_issue_ratio=low | project_age_days=high | ci_type=GitHubActions | mainLanguage=Java,JGAi
allure-framework/allure-bamboo,master,906.0,24.0,157.0,15.0,28.0,17.0,2014-08-07 03:51:24+00:00,74.0,0.0,Java,2025-02-18T06:04:36,287.0,GitHubActions,2020-12-03 16:32:05+00:00,9.235294117647058,0.0,0.0181684262214583,0.0385465259022833,4073,503.64,12.62699564586357,low,high,GitHubActions,Java,8,open_issue_ratio=low | project_age_days=high | ci_type=GitHubActions | mainLanguage=Java,JGAi
arduino/arduino,master,1390211.0,37.0,7376.0,1100.0,14138.0,305.0,2010-09-17 07:10:36+00:00,9848.0,644.0,Java,2024-10-18T04:32:19,1507.0,GitHubActions,2020-01-31 11:52:10+00:00,24.18360655737705,0.0653939886271324,1.7928272346622975,1.3427999271800473,5493,80.43,1.779581973120787,low,high,GitHubActions,Java,8,open_issue_ratio=low | project_age_days=high | ci_type=GitHubActions | mainLanguage=Java,JGAi
sepinf-inc/iped,master,234030.0,41.0,9948.0,65.0,1087.0,67.0,2015-06-12 11:26:40+00:00,1473.0,265.0,Java,2025-04-24T01:05:24,658.0,GitHubActions,2019-12-26 10:21:50+00:00,148.47761194029852,0.1799049558723693,0.3913390010626992,2.642933049946865,3764,59.41,3.1920904846535327,low,high,GitHubActions,Java,8,open_issue_ratio=low | project_age_days=high | ci_type=GitHubActions | mainLanguage=Java,JGAi
prometheus/cloudwatch_exporter,master,695.0,29.0,635.0,18.0,943.0,96.0,2015-01-02 03:49:44+00:00,344.0,46.0,Java,2024-12-28T07:22:36,467.0,GitHubActions,2023-02-16 19:36:52+00:00,6.614583333333333,0.1337209302325581,0.0876433121019108,0.1617834394904458,3925,95.82,27.78812331884958,low,high,GitHubActions,Java,8,open_issue_ratio=low | project_age_days=high | ci_type=GitHubActions | mainLanguage=Java,JGAi
thecoder4eu/bootsfaces-osp,master,11507.0,27.0,2115.0,28.0,247.0,64.0,2014-10-06 02:01:09+00:00,1018.0,18.0,Java,2024-09-22T03:58:44,183.0,GitHubActions,2024-08-15 08:53:58+00:00,33.046875,0.0176817288801571,0.2536755544480438,0.5270371293296785,4013,267.0,0.6623320154105953,low,high,GitHubActions,Java,8,open_issue_ratio=low | project_age_days=high | ci_type=GitHubActions | mainLanguage=Java,JGAi
slimefun/slimefun4,master,37884.0,37.0,8399.0,58.0,1017.0,289.0,2014-05-24 08:08:47+00:00,1913.0,122.0,Java,2025-03-10T10:12:01,2331.0,GitHubActions,2019-08-26 20:29:11+00:00,29.06228373702422,0.0637741766858337,0.4611861137897782,2.024831243972999,4148,31.77,14.129565449213544,low,high,GitHubActions,Java,8,open_issue_ratio=low | project_age_days=high | ci_type=GitHubActions | mainLanguage=Java,JGAi
neo4j-contrib/cypher-dsl,main,113109.0,81.0,1375.0,27.0,188.0,33.0,2011-10-04 07:15:27+00:00,220.0,8.0,Java,2024-07-08T08:24:20,804.0,GitHubActions,2020-06-30 12:27:39+00:00,41.66666666666666,0.0363636363636363,0.0430444140090001,0.2690275875562512,5111,159.68,55.20228226489984,low,high,GitHubActions,Java,8,open_issue_ratio=low | project_age_days=high | ci_type=GitHubActions | mainLanguage=Java,JGAi
jenkinsci/docker-plugin,master,2664.0,21.0,1278.0,44.0,493.0,122.0,2014-01-10 02:05:42+00:00,627.0,62.0,Java,2025-04-04T05:48:50,518.0,GitHubActions,2023-01-14 01:12:10+00:00,10.475409836065571,0.098883572567783,0.1464269033162074,0.2984586641756189,4282,209.42,32.85923847184132,low,high,GitHubActions,Java,8,open_issue_ratio=low | project_age_days=high | ci_type=GitHubActions | mainLanguage=Java,JGAi
jenkinsci/azure-storage-plugin,master,807.0,25.0,481.0,102.0,22.0,41.0,2013-04-03 05:35:44+00:00,93.0,5.0,Java,2025-04-21T01:35:16,262.0,GitHubActions,2021-04-13 07:38:55+00:00,11.731707317073171,0.053763440860215,0.0203768624014022,0.1053900087642419,4564,198.03,29.929735386455373,low,high,GitHubActions,Java,8,open_issue_ratio=low | project_age_days=high | ci_type=GitHubActions | mainLanguage=Java,JGAi
amitdev/pmd-intellij,master,491.0,22.0,281.0,7.0,71.0,22.0,2011-12-08 12:45:36+00:00,161.0,32.0,Java,2025-04-15T04:26:19,59.0,GitHubActions,2021-09-04 07:29:31+00:00,12.772727272727272,0.1987577639751552,0.031906460562822,0.0556876734046769,5046,161.85,0.0,low,high,GitHubActions,Java,8,open_issue_ratio=low | project_age_days=high | ci_type=GitHubActions | mainLanguage=Java,JGAi
megamek/mekhq,master,1435526.0,87.0,19294.0,48.0,139.0,113.0,2015-08-16 02:38:40+00:00,3204.0,575.0,Java,2025-04-26T02:22:13,3451.0,GitHubActions,2020-04-03 02:14:03+00:00,170.7433628318584,0.1794631710362047,0.8661800486618005,5.216004325493377,3699,235.22,1.806887917279958,low,high,GitHubActions,Java,8,open_issue_ratio=low | project_age_days=high | ci_type=GitHubActions | mainLanguage=Java,JGAi
jitsi/libjitsi,master,93769.0,17.0,2492.0,72.0,640.0,65.0,2013-04-24 09:01:15+00:00,118.0,33.0,Java,2024-05-09T03:30:19,466.0,GitHubActions,2020-04-05 23:05:50+00:00,38.33846153846154,0.2796610169491525,0.0259740259740259,0.5485362095531587,4543,212.16,3.1944455135359817,low,high,GitHubActions,Java,8,open_issue_ratio=low | project_age_days=high | ci_type=GitHubActions | mainLanguage=Java,JGAi
eclipse-hawkbit/hawkbit,master,34213.0,18.0,3422.0,38.0,492.0,93.0,2015-11-09 07:19:06+00:00,460.0,40.0,Java,2025-04-25T01:21:54,1913.0,GitHubActions,2021-01-11 14:50:06+00:00,36.795698924731184,0.0869565217391304,0.1272827891532927,0.9468732706142778,3614,292.71,48.05124919923126,low,high,GitHubActions,Java,8,open_issue_ratio=low | project_age_days=high | ci_type=GitHubActions | mainLanguage=Java,JGAi
axkr/symja_android_library,master,338855.0,24.0,7907.0,14.0,407.0,27.0,2013-12-04 05:11:24+00:00,375.0,73.0,Java,2025-04-25T07:07:41,766.0,GitHubActions,2021-06-02 13:32:00+00:00,292.85185185185185,0.1946666666666666,0.0868256540865941,1.8307478583005323,4319,146.85,28.333893243058657,low,high,GitHubActions,Java,8,open_issue_ratio=low | project_age_days=high | ci_type=GitHubActions | mainLanguage=Java,JGAi
topquadrant/shacl,master,3004.0,14.0,567.0,64.0,222.0,25.0,2015-05-24 07:34:24+00:00,131.0,5.0,Java,2025-01-13T12:22:54,53.0,GitHubActions,2023-02-28 10:05:18+00:00,22.68,0.0381679389312977,0.0346286016389109,0.1498810467882632,3783,140.79,8.727674461425151,low,high,GitHubActions,Java,8,open_issue_ratio=low | project_age_days=high | ci_type=GitHubActions | mainLanguage=Java,JGAi
cdk/depict,master,440.0,13.0,281.0,9.0,56.0,9.0,2015-10-25 05:19:48+00:00,54.0,8.0,Java,2025-03-29T09:05:46,34.0,GitHubActions,2022-04-21 12:48:53+00:00,31.22222222222222,0.1481481481481481,0.0148801322678423,0.0774317993937723,3629,121.19,2.122015915119363,low,high,GitHubActions,Java,8,open_issue_ratio=low | project_age_days=high | ci_type=GitHubActions | mainLanguage=Java,JGAi
razorpay/razorpay-android-sample-app,master,5259.0,30.0,151.0,43.0,90.0,21.0,2015-11-02 02:52:41+00:00,208.0,20.0,Java,2025-04-25T04:29:19,171.0,GitHubActions,2021-09-27 11:08:00+00:00,7.190476190476191,0.0961538461538461,0.0574426953880143,0.0417011875172604,3621,101.06,0.0,low,high,GitHubActions,Java,8,open_issue_ratio=low | project_age_days=high | ci_type=GitHubActions | mainLanguage=Java,JGAi
atlauncher/atlauncher,master,17227.0,212.0,3798.0,27.0,711.0,47.0,2013-09-02 11:28:26+00:00,763.0,142.0,Java,2025-03-21T11:32:57,229.0,GitHubActions,2019-08-14 10:56:40+00:00,80.80851063829788,0.1861074705111402,0.1729374433363553,0.8608340888485947,4412,200.46,2.450240923270698,low,high,GitHubActions,Java,8,open_issue_ratio=low | project_age_days=high | ci_type=GitHubActions | mainLanguage=Java,JGAi
nextcloud/android-singlesignon,main,4596.0,36.0,1971.0,19.0,71.0,25.0,2014-06-05 09:19:34+00:00,109.0,21.0,Java,2025-04-25T10:42:04,723.0,GitHubActions,2020-10-06 12:31:42+00:00,78.84,0.1926605504587156,0.0263539651837524,0.4765473887814313,4136,171.77,4.810097132553946,low,high,GitHubActions,Java,8,open_issue_ratio=low | project_age_days=high | ci_type=GitHubActions | mainLanguage=Java,JGAi
jenkinsci/plugin-pom,master,1735.0,125.0,1923.0,102.0,71.0,46.0,2016-01-20 10:12:42+00:00,25.0,7.0,Java,2025-04-25T09:26:44,1104.0,GitHubActions,2022-03-09 15:56:15+00:00,41.80434782608695,0.28,0.0070581592320722,0.5429136081309994,3542,76.91,6.981818181818182,low,high,GitHubActions,Java,8,open_issue_ratio=low | project_age_days=high | ci_type=GitHubActions | mainLanguage=Java,JGAi
bastillion-io/bastillion-ec2,master,3515.0,13.0,625.0,22.0,423.0,16.0,2013-05-10 01:48:41+00:00,59.0,20.0,Java,2024-01-18T11:24:26,289.0,GitHubActions,2022-01-08 19:51:15+00:00,39.0625,0.3389830508474576,0.0130329136293351,0.138060525734482,4527,82.0,0.0,low,high,GitHubActions,Java,8,open_issue_ratio=low | project_age_days=high | ci_type=GitHubActions | mainLanguage=Java,JGAi
jenkinsci/acceptance-test-harness,master,13865.0,152.0,6203.0,115.0,130.0,166.0,2014-02-28 05:39:55+00:00,84.0,17.0,Java,2025-04-26T10:04:07,1895.0,GitHubActions,2022-03-09 16:10:31+00:00,37.36746987951807,0.2023809523809523,0.0198440822111977,1.4653909756673753,4233,90.01,128.51954898228144,low,high,GitHubActions,Java,8,open_issue_ratio=low | project_age_days=high | ci_type=GitHubActions | mainLanguage=Java,JGAi
coscup/coscup-volunteer,main,3690.0,39.0,1181.0,8.0,66.0,20.0,2020-01-05 08:40:37+00:00,106.0,46.0,Python,2025-04-21T08:27:40,117.0,GitHubActions,2022-03-27 15:16:16+00:00,59.05,0.4339622641509434,0.0505725190839694,0.5634541984732825,2096,59.72,0.3089923067221591,high,low,GitHubActions,Python,5,open_issue_ratio=high | project_age_days=low | ci_type=GitHubActions | mainLanguage=Python,PGaI
playpauseandstop/aiohttp-middlewares,main,778.0,30.0,211.0,3.0,53.0,5.0,2017-05-13 12:52:52+00:00,16.0,8.0,Python,2024-08-14T04:06:14,236.0,GitHubActions,2020-03-10 18:38:20+00:00,42.2,0.5,0.0052236369572314,0.06888671237349,3063,85.8,32.06319702602231,high,low,GitHubActions,Python,5,open_issue_ratio=high | project_age_days=low | ci_type=GitHubActions | mainLanguage=Python,PGaI
strawberry-graphql/strawberry-sqlalchemy,main,292.0,15.0,90.0,6.0,111.0,19.0,2022-02-27 03:55:38+00:00,33.0,15.0,Python,2025-04-25T01:31:23,209.0,GitHubActions,2023-08-08 22:58:56+00:00,4.7368421052631575,0.4545454545454545,0.0251524390243902,0.0685975609756097,1312,144.25,40.86406743940991,high,low,GitHubActions,Python,5,open_issue_ratio=high | project_age_days=low | ci_type=GitHubActions | mainLanguage=Python,PGaI
pyfixate/fixate,main,2248.0,31.0,791.0,8.0,22.0,19.0,2017-09-26 06:50:01+00:00,80.0,38.0,Python,2025-01-14T01:47:14,140.0,GitHubActions,2021-07-16 06:44:16+00:00,41.63157894736842,0.475,0.0273317389818927,0.2702425691834643,2927,206.4,55.5691759068368,high,low,GitHubActions,Python,5,open_issue_ratio=high | project_age_days=low | ci_type=GitHubActions | mainLanguage=Python,PGaI
llllllllll/slider,master,6178.0,13.0,354.0,6.0,39.0,17.0,2017-04-15 05:11:17+00:00,53.0,21.0,Python,2025-03-04T12:40:25,69.0,GitHubActions,2020-04-14 06:25:35+00:00,20.823529411764707,0.3962264150943396,0.0171465545131025,0.1145260433516661,3091,162.35,10.4980126256722,high,low,GitHubActions,Python,5,open_issue_ratio=high | project_age_days=low | ci_type=GitHubActions | mainLanguage=Python,PGaI
purestorage-openconnect/py-pure-client,master,138650.0,76.0,153.0,17.0,23.0,50.0,2018-12-04 05:02:51+00:00,20.0,12.0,Python,2025-04-16T02:40:34,122.0,GitHubActions,2023-11-23 15:31:05+00:00,3.06,0.6,0.0080224628961091,0.0613718411552346,2493,523.28,1.168099217797341,high,low,GitHubActions,Python,5,open_issue_ratio=high | project_age_days=low | ci_type=GitHubActions | mainLanguage=Python,PGaI
electricitymachine/scr-sgplus,master,1040.0,17.0,134.0,3.0,11.0,5.0,2022-04-25 10:45:41+00:00,49.0,27.0,Python,2024-04-30T01:14:22,31.0,GitHubActions,2023-11-05 02:37:42+00:00,26.8,0.5510204081632653,0.0390438247011952,0.1067729083665338,1255,24.04,0.0,high,low,GitHubActions,Python,5,open_issue_ratio=high | project_age_days=low | ci_type=GitHubActions | mainLanguage=Python,PGaI
openreview/openreview-py,master,14710.0,116.0,1941.0,15.0,176.0,32.0,2016-08-03 12:22:06+00:00,682.0,259.0,Python,2025-04-24T07:59:05,1893.0,GitHubActions,2022-03-28 16:31:37+00:00,60.65625,0.3797653958944281,0.2038254632396891,0.5800956365809923,3346,55.94,49.68745400887677,high,low,GitHubActions,Python,5,open_issue_ratio=high | project_age_days=low | ci_type=GitHubActions | mainLanguage=Python,PGaI
plotly/kaleido,master,11981.0,34.0,724.0,15.0,379.0,11.0,2020-06-01 11:22:37+00:00,176.0,71.0,Python,2024-11-18T01:56:51,56.0,GitHubActions,2024-10-01 13:20:57+00:00,65.81818181818181,0.4034090909090909,0.0903490759753593,0.3716632443531827,1948,429.02,0.0160896586085419,high,low,GitHubActions,Python,5,open_issue_ratio=high | project_age_days=low | ci_type=GitHubActions | mainLanguage=Python,PGaI
geonode/geonode-project,master,2263.0,16.0,643.0,29.0,85.0,46.0,2016-12-12 03:48:59+00:00,253.0,94.0,Python,2025-04-17T08:27:27,303.0,GitHubActions,2022-11-16 08:55:12+00:00,13.978260869565217,0.3715415019762846,0.0786936236391912,0.2,3215,51.9,15.997968511934992,high,low,GitHubActions,Python,5,open_issue_ratio=high | project_age_days=low | ci_type=GitHubActions | mainLanguage=Python,PGaI
stackguardian/tirith,main,13373.0,16.0,558.0,6.0,148.0,26.0,2021-04-21 07:02:06+00:00,86.0,48.0,Python,2025-04-22T07:59:39,155.0,GitHubActions,2022-09-09 10:35:39+00:00,21.46153846153846,0.5581395348837209,0.0529556650246305,0.3435960591133005,1624,212.53,3.9422316959260417,high,low,GitHubActions,Python,5,open_issue_ratio=high | project_age_days=low | ci_type=GitHubActions | mainLanguage=Python,PGaI
chr5tphr/zennit,master,2389.0,16.0,232.0,14.0,174.0,14.0,2020-11-10 04:17:38+00:00,47.0,18.0,Python,2024-04-08T02:15:33,156.0,GitHubActions,2022-01-17 15:02:32+00:00,16.571428571428573,0.3829787234042553,0.0263157894736842,0.1298992161254199,1786,59.83,42.88915704188933,high,low,GitHubActions,Python,5,open_issue_ratio=high | project_age_days=low | ci_type=GitHubActions | mainLanguage=Python,PGaI
rundeck-plugins/py-winrm-plugin,master,400.0,35.0,131.0,12.0,15.0,18.0,2017-12-20 05:40:27+00:00,66.0,25.0,Python,2024-10-23T04:17:48,41.0,GitHubActions,2020-03-25 16:16:44+00:00,7.277777777777778,0.3787878787878788,0.0232230823363828,0.046094299788881,2842,103.98,0.0,high,low,GitHubActions,Python,5,open_issue_ratio=high | project_age_days=low | ci_type=GitHubActions | mainLanguage=Python,PGaI
tensorflow/model-optimization,master,2333.0,21.0,837.0,119.0,1516.0,90.0,2018-10-31 08:34:28+00:00,360.0,192.0,Python,2025-02-10T11:24:42,794.0,GitHubActions,2020-07-27 20:21:58+00:00,9.3,0.5333333333333333,0.1424614166996438,0.3312227938266719,2527,73.01,70.07184764534246,high,low,GitHubActions,Python,5,open_issue_ratio=high | project_age_days=low | ci_type=GitHubActions | mainLanguage=Python,PGaI
ansible-community/ansible-test-gh-action,main,265.0,22.0,223.0,6.0,27.0,5.0,2020-11-17 07:06:36+00:00,18.0,7.0,Python,2024-09-20T06:12:10,55.0,GitHubActions,2022-07-30 15:40:54+00:00,44.6,0.3888888888888889,0.0101180438448566,0.1253513209668353,1779,56.0,7.507288629737609,high,low,GitHubActions,Python,5,open_issue_ratio=high | project_age_days=low | ci_type=GitHubActions | mainLanguage=Python,PGaI
diffgram/diffgram,master,57035.0,317.0,5797.0,30.0,1841.0,23.0,2018-09-06 09:04:23+00:00,830.0,467.0,Python,2024-10-14T01:55:40,755.0,GitHubActions,2021-04-15 18:27:33+00:00,252.0434782608696,0.5626506024096386,0.3214562354763749,2.245158791634392,2582,46.48,11.499495821388788,high,low,GitHubActions,Python,5,open_issue_ratio=high | project_age_days=low | ci_type=GitHubActions | mainLanguage=Python,PGaI
alexdelorenzo/cast_control,master,3231.0,38.0,736.0,8.0,482.0,3.0,2020-04-20 10:19:12+00:00,24.0,9.0,Python,2024-11-18T05:32:06,5.0,GitHubActions,2024-09-30 04:36:30+00:00,245.33333333333331,0.375,0.0120603015075376,0.3698492462311558,1990,152.07,0.0,high,low,GitHubActions,Python,5,open_issue_ratio=high | project_age_days=low | ci_type=GitHubActions | mainLanguage=Python,PGaI
oras-project/oras-py,main,3098.0,35.0,159.0,7.0,42.0,32.0,2021-04-28 05:24:31+00:00,57.0,28.0,Python,2025-04-25T12:42:48,134.0,GitHubActions,2022-05-25 03:03:21+00:00,4.96875,0.4912280701754385,0.0352504638218923,0.098330241187384,1617,52.61,16.87831909489725,high,low,GitHubActions,Python,5,open_issue_ratio=high | project_age_days=low | ci_type=GitHubActions | mainLanguage=Python,PGaI
brgm/gml_application_schema_toolbox,master,30891.0,22.0,867.0,10.0,28.0,16.0,2016-06-21 12:07:30+00:00,122.0,52.0,Python,2024-10-29T01:33:52,145.0,GitHubActions,2020-12-02 20:03:52+00:00,54.1875,0.4262295081967213,0.0359988197108291,0.2558276777810563,3389,128.8,0.5956191377438838,high,low,GitHubActions,Python,5,open_issue_ratio=high | project_age_days=low | ci_type=GitHubActions | mainLanguage=Python,PGaI
unmanic/unmanic,master,36572.0,25.0,769.0,15.0,1788.0,17.0,2019-01-05 19:40:36+00:00,445.0,186.0,Python,2024-08-29T10:26:16,93.0,GitHubActions,2020-05-04 21:51:43+00:00,45.23529411764706,0.4179775280898876,0.1808208045509955,0.3124746038195855,2461,156.83,10.338989427743709,high,low,GitHubActions,Python,5,open_issue_ratio=high | project_age_days=low | ci_type=GitHubActions | mainLanguage=Python,PGaI
ham-radio-software/d-rats,master,2549.0,15.0,507.0,14.0,52.0,8.0,2020-04-03 10:02:37+00:00,220.0,99.0,Python,2025-04-13T05:42:21,86.0,GitHubActions,2022-08-14 16:19:10+00:00,63.375,0.45,0.1096163428001993,0.2526158445440957,2007,141.67,26.54112927936712,high,low,GitHubActions,Python,5,open_issue_ratio=high | project_age_days=low | ci_type=GitHubActions | mainLanguage=Python,PGaI
sokrypton/colabdesign,main,260576.0,13.0,1239.0,29.0,706.0,7.0,2022-02-02 03:43:06+00:00,79.0,50.0,Python,2025-04-05T08:41:12,111.0,GitHubActions,2023-04-15 12:25:29+00:00,177.0,0.6329113924050633,0.0590875093492894,0.9267015706806284,1337,47.72,1.403061224489796,high,low,GitHubActions,Python,5,open_issue_ratio=high | project_age_days=low | ci_type=GitHubActions | mainLanguage=Python,PGaI
lykos153/git-annex-remote-googledrive,master,245.0,15.0,211.0,4.0,48.0,3.0,2018-03-10 05:54:01+00:00,63.0,28.0,Python,2024-12-12T07:24:47,34.0,GitHubActions,2022-04-14 23:45:48+00:00,70.33333333333333,0.4444444444444444,0.0228095582910934,0.0763939174511223,2762,173.22,0.0,high,low,GitHubActions,Python,5,open_issue_ratio=high | project_age_days=low | ci_type=GitHubActions | mainLanguage=Python,PGaI
glyph/pomodouroboros,trunk,9423.0,19.0,604.0,14.0,212.0,5.0,2021-08-17 12:45:47+00:00,62.0,29.0,Python,2025-04-23T05:40:24,15.0,GitHubActions,2024-05-20 15:06:23+00:00,120.8,0.4677419354838709,0.0411686586985391,0.4010624169986719,1506,231.93,15.882753919563736,high,low,GitHubActions,Python,5,open_issue_ratio=high | project_age_days=low | ci_type=GitHubActions | mainLanguage=Python,PGaI
ansys/pymapdl,main,311140.0,56.0,2430.0,34.0,448.0,56.0,2016-10-12 12:06:55+00:00,1275.0,207.0,Python,2025-04-24T09:31:19,2238.0,TravisCI,2018-07-11 12:44:58+00:00,43.392857142857146,0.1623529411764706,0.3891941391941392,0.7417582417582418,3276,56.15,38.90155440414508,low,low,TravisCI,Python,15,open_issue_ratio=low | project_age_days=low | ci_type=TravisCI | mainLanguage=Python,PTai
deltarcm/pydeltarcm,develop,56536.0,13.0,894.0,3.0,19.0,13.0,2019-02-15 04:46:19+00:00,110.0,26.0,Python,2025-03-19T06:11:39,177.0,TravisCI,2020-03-29 20:12:21+00:00,68.76923076923077,0.2363636363636363,0.0454545454545454,0.3694214876033058,2420,152.97,59.22091148264449,low,low,TravisCI,Python,15,open_issue_ratio=low | project_age_days=low | ci_type=TravisCI | mainLanguage=Python,PTai
aws-ia/taskcat,main,8007.0,66.0,2059.0,38.0,1180.0,,2016-11-15 12:29:01+00:00,351.0,31.0,Python,2025-04-07T03:37:15,500.0,TravisCI,2018-09-14 01:16:59+00:00,,0.0883190883190883,0.108266502159161,0.635101789019124,3242,0.0,27.359572029040883,low,low,TravisCI,Python,15,open_issue_ratio=low | project_age_days=low | ci_type=TravisCI | mainLanguage=Python,PTai
alertadengue/pysus,main,10506.0,32.0,556.0,21.0,178.0,20.0,2016-07-19 07:03:21+00:00,96.0,25.0,Python,2024-12-03T12:22:38,115.0,TravisCI,2017-11-02 17:25:29+00:00,27.8,0.2604166666666667,0.0285629277000892,0.1654269562630169,3361,125.48,1.0439298394361718,low,low,TravisCI,Python,15,open_issue_ratio=low | project_age_days=low | ci_type=TravisCI | mainLanguage=Python,PTai
3liz/qgis-atlasprint,master,388.0,15.0,201.0,8.0,13.0,12.0,2017-09-26 03:53:35+00:00,35.0,10.0,Python,2025-03-25T11:16:13,44.0,TravisCI,2020-03-24 12:10:25+00:00,16.75,0.2857142857142857,0.011957635804578,0.0686709941920054,2927,180.84,39.19325707405177,low,low,TravisCI,Python,15,open_issue_ratio=low | project_age_days=low | ci_type=TravisCI | mainLanguage=Python,PTai
rodrigo-arenas/sklearn-genetic-opt,master,129529.0,18.0,511.0,8.0,325.0,21.0,2020-01-18 07:16:48+00:00,65.0,3.0,Python,2025-01-25T05:16:32,96.0,TravisCI,2021-04-26 18:35:53+00:00,24.33333333333333,0.0461538461538461,0.0312049927988478,0.2453192510801728,2083,58.76,38.82949809748143,low,low,TravisCI,Python,15,open_issue_ratio=low | project_age_days=low | ci_type=TravisCI | mainLanguage=Python,PTai
rsokl/mygrad,master,15360.0,16.0,1586.0,16.0,197.0,18.0,2017-07-17 03:31:24+00:00,110.0,4.0,Python,2025-01-01T01:44:45,330.0,TravisCI,2019-02-03 21:08:35+00:00,88.11111111111111,0.0363636363636363,0.0366911274182788,0.5290193462308206,2998,200.08,82.66705152258623,low,low,TravisCI,Python,15,open_issue_ratio=low | project_age_days=low | ci_type=TravisCI | mainLanguage=Python,PTai
oemof/tespy,dev,15618.0,45.0,3701.0,25.0,309.0,33.0,2017-12-11 08:44:12+00:00,219.0,50.0,Python,2025-04-25T10:04:05,296.0,TravisCI,2018-12-18 15:02:02+00:00,112.15151515151516,0.228310502283105,0.0768151525780427,1.298141003156787,2851,112.2,3.6372421232414944,low,low,TravisCI,Python,15,open_issue_ratio=low | project_age_days=low | ci_type=TravisCI | mainLanguage=Python,PTai
tenpy/tenpy,main,14258.0,21.0,3190.0,20.0,415.0,53.0,2018-02-19 01:17:11+00:00,247.0,52.0,Python,2025-04-23T02:30:10,253.0,TravisCI,2019-04-25 21:41:59+00:00,60.18867924528302,0.2105263157894736,0.0888169723121179,1.147069399496584,2781,223.97,55.89260863446594,low,low,TravisCI,Python,15,open_issue_ratio=low | project_age_days=low | ci_type=TravisCI | mainLanguage=Python,PTai
pivx-project/pivx-spmt,master,13703.0,20.0,480.0,12.0,20.0,10.0,2018-05-06 04:59:52+00:00,22.0,6.0,Python,2025-02-24T03:27:23,53.0,TravisCI,2019-06-05 23:37:58+00:00,48.0,0.2727272727272727,0.0081330868761552,0.177449168207024,2705,39.92,6.231003039513678,low,low,TravisCI,Python,15,open_issue_ratio=low | project_age_days=low | ci_type=TravisCI | mainLanguage=Python,PTai
soar-telescope/goodman_pipeline,main,285330.0,20.0,1474.0,6.0,15.0,11.0,2016-07-08 08:34:45+00:00,233.0,45.0,Python,2025-03-25T07:02:29,180.0,TravisCI,2017-11-06 12:57:24+00:00,134.0,0.1931330472103004,0.0690984578884934,0.4371293001186239,3372,332.91,28.79455346415699,low,low,TravisCI,Python,15,open_issue_ratio=low | project_age_days=low | ci_type=TravisCI | mainLanguage=Python,PTai
betodealmeida/shillelagh,main,3680.0,46.0,567.0,8.0,416.0,17.0,2017-12-08 11:46:37+00:00,116.0,9.0,Python,2025-03-14T04:49:07,383.0,TravisCI,2020-10-24 18:31:23+00:00,33.35294117647059,0.0775862068965517,0.0406447091800981,0.1986685353889278,2854,60.79,47.062335801289706,low,low,TravisCI,Python,15,open_issue_ratio=low | project_age_days=low | ci_type=TravisCI | mainLanguage=Python,PTai
usgs/shakecast,master,172757.0,22.0,1660.0,20.0,10.0,14.0,2016-03-01 07:15:42+00:00,348.0,68.0,Python,2024-06-10T04:25:43,226.0,TravisCI,2017-06-27 14:03:51+00:00,118.57142857142856,0.1954022988505747,0.0994001713796058,0.4741502427877749,3501,78.78,0.62393303596013,low,low,TravisCI,Python,15,open_issue_ratio=low | project_age_days=low | ci_type=TravisCI | mainLanguage=Python,PTai
catch-up-tv-and-more/plugin.video.catchuptvandmore,dev,53857.0,59.0,3380.0,22.0,301.0,69.0,2017-02-14 06:29:55+00:00,916.0,78.0,Python,2025-04-26T04:06:45,553.0,TravisCI,2019-04-08 20:55:23+00:00,48.98550724637681,0.0851528384279476,0.2907013646461441,1.072675341161536,3151,49.24,0.0,low,low,TravisCI,Python,15,open_issue_ratio=low | project_age_days=low | ci_type=TravisCI | mainLanguage=Python,PTai
ladybug-tools/ladybug-grasshopper,master,21088.0,213.0,422.0,6.0,38.0,10.0,2017-07-21 01:33:22+00:00,27.0,7.0,Python,2025-03-04T09:57:23,370.0,TravisCI,2020-03-23 17:44:34+00:00,42.2,0.2592592592592592,0.0090180360721442,0.1409485637942552,2994,55.44,0.0,low,low,TravisCI,Python,15,open_issue_ratio=low | project_age_days=low | ci_type=TravisCI | mainLanguage=Python,PTai
smtg-bham/galore,master,3076.0,16.0,331.0,7.0,34.0,8.0,2016-07-22 09:43:09+00:00,23.0,4.0,Python,2024-10-08T04:23:36,34.0,TravisCI,2018-04-17 15:05:48+00:00,41.375,0.1739130434782608,0.0068493150684931,0.0985705777248362,3358,262.07,10.28898062877104,low,low,TravisCI,Python,15,open_issue_ratio=low | project_age_days=low | ci_type=TravisCI | mainLanguage=Python,PTai
azavea/raster-vision,master,94752.0,23.0,3637.0,70.0,2126.0,42.0,2017-02-02 02:31:54+00:00,703.0,17.0,Python,2025-04-04T04:56:35,1462.0,TravisCI,2018-04-03 17:50:24+00:00,86.5952380952381,0.0241820768136557,0.2222573506165033,1.1498577300031616,3163,171.71,23.21326164874552,low,low,TravisCI,Python,15,open_issue_ratio=low | project_age_days=low | ci_type=TravisCI | mainLanguage=Python,PTai
torchbox/wagtailmedia,main,623.0,29.0,476.0,18.0,233.0,47.0,2016-04-20 01:20:38+00:00,105.0,16.0,Python,2025-01-29T04:52:42,147.0,TravisCI,2017-06-21 11:09:41+00:00,10.127659574468083,0.1523809523809524,0.0304259634888438,0.1379310344827586,3451,195.58,45.773967640666505,low,low,TravisCI,Python,15,open_issue_ratio=low | project_age_days=low | ci_type=TravisCI | mainLanguage=Python,PTai
pymodaq/pymodaq,5.0.x,223995.0,111.0,2606.0,15.0,127.0,17.0,2018-09-27 07:28:28+00:00,186.0,37.0,Python,2025-04-24T03:01:28,383.0,TravisCI,2020-11-28 20:25:31+00:00,153.2941176470588,0.1989247311827957,0.0726278797344787,1.0175712612260837,2561,75.75,1.4584701636547068,low,low,TravisCI,Python,15,open_issue_ratio=low | project_age_days=low | ci_type=TravisCI | mainLanguage=Python,PTai
cappielloantonio/tempo,main,18766.0,21.0,1469.0,9.0,1334.0,21.0,2021-07-25 08:20:35+00:00,254.0,101.0,Java,2025-01-31T10:05:39,63.0,GitHubActions,2023-04-10 14:17:34+00:00,69.95238095238095,0.3976377952755905,0.1661216481360366,0.960758665794637,1529,31.37,0.0,high,low,GitHubActions,Java,4,open_issue_ratio=high | project_age_days=low | ci_type=GitHubActions | mainLanguage=Java,JGaI
jenkinsci/jenkinsfile-runner,main,1793.0,25.0,948.0,32.0,1162.0,72.0,2018-02-24 11:56:01+00:00,169.0,81.0,Java,2025-02-15T08:58:21,559.0,GitHubActions,2020-10-10 12:20:23+00:00,13.166666666666666,0.4792899408284023,0.060878962536023,0.3414985590778098,2776,129.1,10.371758825367072,high,low,GitHubActions,Java,4,open_issue_ratio=high | project_age_days=low | ci_type=GitHubActions | mainLanguage=Java,JGaI
bananafructa/apec,master,833.0,27.0,104.0,3.0,75.0,8.0,2020-07-02 06:44:04+00:00,37.0,13.0,Java,2024-09-07T09:11:42,10.0,GitHubActions,2023-05-06 18:11:13+00:00,13.0,0.3513513513513513,0.019300991131977,0.0542514345331246,1917,44.16,0.0,high,low,GitHubActions,Java,4,open_issue_ratio=high | project_age_days=low | ci_type=GitHubActions | mainLanguage=Java,JGaI
mastodon/mastodon-android,master,46516.0,52.0,5550.0,29.0,1819.0,36.0,2022-01-14 10:44:03+00:00,795.0,384.0,Java,2025-04-20T04:24:47,177.0,GitHubActions,2024-03-01 06:38:31+00:00,154.16666666666666,0.4830188679245283,0.5862831858407079,4.092920353982301,1356,74.47,0.3335979341043599,high,low,GitHubActions,Java,4,open_issue_ratio=high | project_age_days=low | ci_type=GitHubActions | mainLanguage=Java,JGaI
secuso/privacy-friendly-pedometer,master,19118.0,13.0,438.0,15.0,221.0,28.0,2016-04-28 12:51:16+00:00,120.0,44.0,Java,2025-04-20T09:15:45,65.0,GitHubActions,2022-09-16 11:59:44+00:00,15.642857142857142,0.3666666666666666,0.0348533255881498,0.127214638396747,3443,380.45,3.306430617026816,high,low,GitHubActions,Java,4,open_issue_ratio=high | project_age_days=low | ci_type=GitHubActions | mainLanguage=Java,JGaI
19misterx98/seedcrackerx,master,677.0,26.0,259.0,13.0,1172.0,27.0,2020-09-07 12:39:51+00:00,291.0,149.0,Java,2025-04-03T04:54:36,64.0,GitHubActions,2022-03-06 13:09:39+00:00,9.592592592592592,0.5120274914089347,0.1572972972972973,0.14,1850,30.3,0.0,high,low,GitHubActions,Java,4,open_issue_ratio=high | project_age_days=low | ci_type=GitHubActions | mainLanguage=Java,JGaI
decathlon/ara,main,24671.0,149.0,717.0,5.0,78.0,28.0,2019-04-04 01:27:58+00:00,259.0,143.0,Java,2025-03-11T10:39:11,568.0,GitHubActions,2020-08-19 14:54:59+00:00,25.607142857142858,0.5521235521235521,0.1091905564924114,0.3022765598650928,2372,146.09,34.65758541903761,high,low,GitHubActions,Java,4,open_issue_ratio=high | project_age_days=low | ci_type=GitHubActions | mainLanguage=Java,JGaI
jenkinsci/aws-secrets-manager-credentials-provider-plugin,master,1315.0,26.0,219.0,6.0,63.0,16.0,2019-05-14 04:17:43+00:00,54.0,20.0,Java,2025-01-27T10:14:00,283.0,GitHubActions,2022-03-16 17:01:45+00:00,13.6875,0.3703703703703703,0.023156089193825,0.0939108061749571,2332,168.35,65.83031182015954,high,low,GitHubActions,Java,4,open_issue_ratio=high | project_age_days=low | ci_type=GitHubActions | mainLanguage=Java,JGaI
typesense/typesense-java,master,487.0,17.0,172.0,6.0,66.0,19.0,2021-04-23 17:39:38+00:00,45.0,19.0,Java,2025-02-18T03:55:56,43.0,GitHubActions,2024-09-07 15:06:37+00:00,9.052631578947368,0.4222222222222222,0.0277435265104808,0.1060419235511714,1622,42.08,47.98994974874372,high,low,GitHubActions,Java,4,open_issue_ratio=high | project_age_days=low | ci_type=GitHubActions | mainLanguage=Java,JGaI
michalchudziak/react-native-geolocation,master,2113.0,21.0,261.0,23.0,1294.0,108.0,2019-03-29 04:41:44+00:00,191.0,127.0,Java,2024-09-01T08:39:25,140.0,GitHubActions,2022-09-14 09:32:01+00:00,2.4166666666666665,0.6649214659685864,0.0803195962994112,0.1097560975609756,2378,56.44,0.0,high,low,GitHubActions,Java,4,open_issue_ratio=high | project_age_days=low | ci_type=GitHubActions | mainLanguage=Java,JGaI
ihmcrobotics/simulation-construction-set-2,develop,75896.0,26.0,2218.0,3.0,14.0,34.0,2019-11-17 09:09:38+00:00,155.0,72.0,Java,2025-04-23T02:59:44,56.0,GitHubActions,2023-12-12 15:47:24+00:00,65.23529411764706,0.4645161290322581,0.0722610722610722,1.034032634032634,2145,336.7,12.697648503470177,high,low,GitHubActions,Java,4,open_issue_ratio=high | project_age_days=low | ci_type=GitHubActions | mainLanguage=Java,JGaI
gradle/gradle-profiler,master,4359.0,15.0,1503.0,54.0,1449.0,72.0,2016-08-08 05:32:30+00:00,255.0,114.0,Java,2025-03-27T08:21:09,315.0,GitHubActions,2020-09-09 12:19:20+00:00,20.875,0.4470588235294118,0.0763244537563603,0.4498653097874888,3341,99.12,0.4206316370155841,high,low,GitHubActions,Java,4,open_issue_ratio=high | project_age_days=low | ci_type=GitHubActions | mainLanguage=Java,JGaI
ak1394/react-native-tts,master,651.0,22.0,157.0,12.0,600.0,30.0,2016-09-28 09:29:22+00:00,175.0,95.0,Java,2024-06-14T06:51:42,82.0,GitHubActions,2021-01-15 17:52:42+00:00,5.233333333333333,0.5428571428571428,0.0531914893617021,0.0477203647416413,3290,63.01,0.0,high,low,GitHubActions,Java,4,open_issue_ratio=high | project_age_days=low | ci_type=GitHubActions | mainLanguage=Java,JGaI
jetbrains/jetbrainsruntime,main,1087865.0,170.0,84572.0,44.0,1536.0,1479.0,2018-09-05 19:02:09+00:00,168.0,97.0,Java,2025-04-26T12:03:08,359.0,GitHubActions,2020-09-28 09:31:51+00:00,57.18187964841109,0.5773809523809523,0.065040650406504,32.74177313201704,2583,123.7,55.80618382464107,high,low,GitHubActions,Java,4,open_issue_ratio=high | project_age_days=low | ci_type=GitHubActions | mainLanguage=Java,JGaI
lugg/react-native-config,master,3835.0,26.0,298.0,33.0,4871.0,120.0,2016-02-23 12:19:11+00:00,564.0,305.0,Java,2025-02-17T08:06:05,265.0,GitHubActions,2020-09-16 14:28:13+00:00,2.4833333333333334,0.5407801418439716,0.1607753705815279,0.0849486887115165,3508,105.68,0.0,high,low,GitHubActions,Java,4,open_issue_ratio=high | project_age_days=low | ci_type=GitHubActions | mainLanguage=Java,JGaI
ihmcrobotics/ihmc-ros2-library,develop,35478.0,34.0,1684.0,4.0,24.0,23.0,2017-10-19 21:31:29+00:00,23.0,11.0,Java,2025-03-20T05:41:29,43.0,GitHubActions,2024-04-04 20:59:07+00:00,73.21739130434783,0.4782608695652174,0.0079201101928374,0.5798898071625345,2904,19.44,17.885075450864925,high,low,GitHubActions,Java,4,open_issue_ratio=high | project_age_days=low | ci_type=GitHubActions | mainLanguage=Java,JGaI
openslide/openslide-python,main,1995.0,15.0,565.0,13.0,390.0,9.0,2011-08-25 09:58:38+00:00,171.0,7.0,Python,2025-04-26T09:12:43,145.0,GitHubActions,2021-03-21 03:43:09+00:00,62.77777777777778,0.0409356725146198,0.0331974373907979,0.1096874393321685,5151,166.84,2.7324253447254887,low,high,GitHubActions,Python,9,open_issue_ratio=low | project_age_days=high | ci_type=GitHubActions | mainLanguage=Python,PGAi
oxwearables/biobankaccelerometeranalysis,master,26601.0,40.0,962.0,21.0,207.0,19.0,2014-08-07 06:54:33+00:00,129.0,20.0,Python,2025-04-07T08:59:45,138.0,GitHubActions,2020-09-28 16:39:07+00:00,50.63157894736842,0.1550387596899224,0.0316719862509207,0.236189540878959,4073,213.8,0.6590621039290241,low,high,GitHubActions,Python,9,open_issue_ratio=low | project_age_days=high | ci_type=GitHubActions | mainLanguage=Python,PGAi
musculoskeletalatlasproject/mapclient,main,9242.0,44.0,727.0,5.0,22.0,7.0,2015-04-20 10:15:37+00:00,22.0,5.0,Python,2025-04-17T01:47:02,119.0,GitHubActions,2021-11-14 01:51:16+00:00,103.85714285714286,0.2272727272727272,0.0057636887608069,0.1904637149593921,3817,43.99,0.0,low,high,GitHubActions,Python,9,open_issue_ratio=low | project_age_days=high | ci_type=GitHubActions | mainLanguage=Python,PGAi
sublimetext-markdown/markdownediting,master,5033.0,59.0,1456.0,96.0,3207.0,82.0,2012-05-17 06:39:57+00:00,561.0,42.0,Python,2025-02-08T04:25:24,210.0,GitHubActions,2021-05-11 12:35:48+00:00,17.75609756097561,0.0748663101604278,0.1148413510747185,0.2980552712384851,4885,276.89,19.652461729416636,low,high,GitHubActions,Python,9,open_issue_ratio=low | project_age_days=high | ci_type=GitHubActions | mainLanguage=Python,PGAi
citusdata/tools,develop,1444.0,34.0,454.0,31.0,14.0,31.0,2016-01-07 01:24:27+00:00,63.0,22.0,Python,2025-01-29T11:10:54,314.0,GitHubActions,2021-05-11 17:37:06+00:00,14.64516129032258,0.3492063492063492,0.0177215189873417,0.1277074542897327,3555,183.04,20.88563458856346,low,high,GitHubActions,Python,9,open_issue_ratio=low | project_age_days=high | ci_type=GitHubActions | mainLanguage=Python,PGAi
stravalib/stravalib,main,5537.0,17.0,1018.0,50.0,902.0,68.0,2013-03-17 02:48:54+00:00,287.0,20.0,Python,2025-04-25T02:30:25,314.0,GitHubActions,2021-10-16 15:14:58+00:00,14.970588235294118,0.0696864111498257,0.0626500764025322,0.2222222222222222,4581,279.56,12.240250498149727,low,high,GitHubActions,Python,9,open_issue_ratio=low | project_age_days=high | ci_type=GitHubActions | mainLanguage=Python,PGAi
matrix-org/sygnal,main,916.0,31.0,501.0,28.0,183.0,50.0,2014-12-18 03:48:48+00:00,162.0,33.0,Python,2025-02-28T08:44:08,243.0,GitHubActions,2021-04-13 17:48:09+00:00,10.02,0.2037037037037037,0.0411167512690355,0.1271573604060913,3940,93.79,39.30642679607054,low,high,GitHubActions,Python,9,open_issue_ratio=low | project_age_days=high | ci_type=GitHubActions | mainLanguage=Python,PGAi
jonathansalwan/ropgadget,master,50825.0,27.0,549.0,125.0,4028.0,60.0,2011-08-19 03:30:14+00:00,98.0,11.0,Python,2025-01-28T07:31:31,104.0,GitHubActions,2020-02-28 11:36:11+00:00,9.15,0.1122448979591836,0.0190032964902074,0.106457242582897,5157,282.16,0.0,low,high,GitHubActions,Python,9,open_issue_ratio=low | project_age_days=high | ci_type=GitHubActions | mainLanguage=Python,PGAi
algolia/algoliasearch-client-python,main,71095.0,49.0,1947.0,79.0,200.0,28.0,2013-05-22 01:57:40+00:00,170.0,13.0,Python,2025-04-14T04:27:36,406.0,GitHubActions,2021-11-30 10:37:36+00:00,69.53571428571429,0.0764705882352941,0.0376522702104097,0.4312292358803987,4515,199.94,7.145123658422772,low,high,GitHubActions,Python,9,open_issue_ratio=low | project_age_days=high | ci_type=GitHubActions | mainLanguage=Python,PGAi
thenaterhood/gscreenshot,dev,1032.0,75.0,548.0,4.0,68.0,9.0,2015-08-09 11:54:07+00:00,54.0,3.0,Python,2025-04-24T02:07:22,182.0,GitHubActions,2020-12-05 03:55:16+00:00,60.888888888888886,0.0555555555555555,0.0145709660010793,0.1478683216405828,3706,163.99,18.55072463768116,low,high,GitHubActions,Python,9,open_issue_ratio=low | project_age_days=high | ci_type=GitHubActions | mainLanguage=Python,PGAi
architecture-building-systems/cityenergyanalyst,master,956372.0,111.0,14263.0,19.0,211.0,65.0,2016-01-12 10:02:17+00:00,2429.0,87.0,Python,2025-03-12T04:32:49,1322.0,GitHubActions,2020-06-07 12:46:07+00:00,219.43076923076924,0.0358172087278715,0.6842253521126761,4.01774647887324,3550,118.46,1.617702212776597,low,high,GitHubActions,Python,9,open_issue_ratio=low | project_age_days=high | ci_type=GitHubActions | mainLanguage=Python,PGAi
grycap/im,master,29893.0,73.0,9484.0,13.0,65.0,19.0,2014-09-05 07:33:47+00:00,495.0,29.0,Python,2025-04-02T02:49:13,1183.0,GitHubActions,2024-02-14 12:24:58+00:00,499.1578947368421,0.0585858585858585,0.1224035608308605,2.345202769535114,4044,25.34,30.559705208644555,low,high,GitHubActions,Python,9,open_issue_ratio=low | project_age_days=high | ci_type=GitHubActions | mainLanguage=Python,PGAi
slgobinath/safeeyes,master,7609.0,44.0,1245.0,21.0,1536.0,216.0,2016-01-08 07:15:22+00:00,452.0,85.0,Python,2025-04-24T10:47:07,248.0,GitHubActions,2023-01-06 00:08:29+00:00,5.763888888888889,0.1880530973451327,0.1271806415306696,0.3503095104108047,3554,221.4,0.0,low,high,GitHubActions,Python,9,open_issue_ratio=low | project_age_days=high | ci_type=GitHubActions | mainLanguage=Python,PGAi
merenlab/anvio,master,780516.0,29.0,19530.0,27.0,466.0,98.0,2014-02-26 12:35:29+00:00,1710.0,166.0,Python,2025-04-24T08:35:40,717.0,GitHubActions,2022-04-08 12:40:52+00:00,199.28571428571428,0.0970760233918128,0.4037780401416765,4.6115702479338845,4235,74.64,11.46312733732838,low,high,GitHubActions,Python,9,open_issue_ratio=low | project_age_days=high | ci_type=GitHubActions | mainLanguage=Python,PGAi
cockatrice/magic-token,master,1458.0,22.0,448.0,7.0,11.0,22.0,2015-07-08 02:13:21+00:00,71.0,12.0,Python,2025-04-05T07:23:05,227.0,GitHubActions,2022-02-14 21:35:46+00:00,20.363636363636363,0.1690140845070422,0.0189941144997324,0.1198501872659176,3738,122.53,0.0,low,high,GitHubActions,Python,9,open_issue_ratio=low | project_age_days=high | ci_type=GitHubActions | mainLanguage=Python,PGAi
aws-cloudformation/cloudformation-cli-java-plugin,master,1121.0,48.0,308.0,23.0,30.0,49.0,2018-10-11 04:47:40+00:00,96.0,31.0,Java,2025-04-14T10:34:47,354.0,TravisCI,2019-12-06 22:05:33+00:00,6.285714285714286,0.3229166666666667,0.0376914016489988,0.1209265802905378,2547,94.31,65.26263627353815,low,low,TravisCI,Java,14,open_issue_ratio=low | project_age_days=low | ci_type=TravisCI | mainLanguage=Java,JTai
vespa-engine/vespa,master,458548.0,215.0,89376.0,155.0,6137.0,141.0,2016-06-03 08:54:20+00:00,1071.0,209.0,Java,2025-04-25T01:57:55,32779.0,TravisCI,2017-08-14 13:15:27+00:00,633.8723404255319,0.1951447245564892,0.3143528030525389,26.23304960375697,3407,54.19,22.1281365445118,low,low,TravisCI,Java,14,open_issue_ratio=low | project_age_days=low | ci_type=TravisCI | mainLanguage=Java,JTai
seppinho/mutserve,master,652991.0,47.0,935.0,10.0,33.0,8.0,2016-10-21 08:16:23+00:00,40.0,10.0,Java,2024-12-23T11:29:30,12.0,TravisCI,2017-11-24 20:43:56+00:00,116.875,0.25,0.0122436486072849,0.2861952861952861,3267,298.59,1.0215469138981883,low,low,TravisCI,Java,14,open_issue_ratio=low | project_age_days=low | ci_type=TravisCI | mainLanguage=Java,JTai
flash3388/flashlib,master,148787.0,18.0,1518.0,5.0,10.0,,2017-05-02 08:51:16+00:00,49.0,14.0,Java,2024-02-23T06:10:47,63.0,TravisCI,2019-05-26 20:05:15+00:00,,0.2857142857142857,0.0159401431359791,0.4938191281717631,3074,0.0,10.750817906986375,low,low,TravisCI,Java,14,open_issue_ratio=low | project_age_days=low | ci_type=TravisCI | mainLanguage=Java,JTai
nesvilab/fragpipe,develop,4129913.0,50.0,4843.0,21.0,226.0,,2017-05-19 06:59:53+00:00,2006.0,51.0,Java,2025-04-26T12:36:16,61.0,TravisCI,2019-10-15 22:11:14+00:00,,0.0254237288135593,0.6561988877984952,1.5842329080798168,3057,0.0,3.4544332976202075,low,low,TravisCI,Java,14,open_issue_ratio=low | project_age_days=low | ci_type=TravisCI | mainLanguage=Java,JTai
cqframework/cqf-ruler,master,32056.0,19.0,1909.0,28.0,63.0,40.0,2016-09-12 10:24:35+00:00,295.0,71.0,Java,2024-12-18T08:59:46,496.0,TravisCI,2019-12-24 17:30:26+00:00,47.725,0.2406779661016949,0.0892316999395039,0.5774349667271628,3306,218.01,1.565908035890294,low,low,TravisCI,Java,14,open_issue_ratio=low | project_age_days=low | ci_type=TravisCI | mainLanguage=Java,JTai
haveno-dex/haveno,master,36242.0,18.0,1699.0,48.0,1150.0,52.0,2020-02-24 11:10:03+00:00,519.0,129.0,Java,2025-04-26T11:26:25,1179.0,TravisCI,2021-05-05 00:20:01+00:00,32.67307692307692,0.2485549132947976,0.2536656891495601,0.8304007820136853,2046,86.39,13.161371413892123,low,low,TravisCI,Java,14,open_issue_ratio=low | project_age_days=low | ci_type=TravisCI | mainLanguage=Java,JTai
experdb/experdb-management,master,206741.0,40.0,4008.0,25.0,46.0,34.0,2017-06-15 02:17:16+00:00,158.0,39.0,Java,2024-11-20T05:10:08,222.0,TravisCI,2019-11-21 07:16:57+00:00,117.88235294117646,0.2468354430379747,0.0521452145214521,1.3227722772277228,3030,46.88,2.765409458056338,low,low,TravisCI,Java,14,open_issue_ratio=low | project_age_days=low | ci_type=TravisCI | mainLanguage=Java,JTai
snowflakedb/snowflake-jdbc,master,67909.0,99.0,1897.0,22.0,185.0,123.0,2016-06-30 12:59:41+00:00,737.0,35.0,Java,2025-04-25T09:22:01,1402.0,TravisCI,2018-06-14 19:24:31+00:00,15.422764227642276,0.0474898236092265,0.2180473372781065,0.5612426035502959,3380,149.13,53.97124918516485,low,low,TravisCI,Java,14,open_issue_ratio=low | project_age_days=low | ci_type=TravisCI | mainLanguage=Java,JTai
google/nomulus,master,116933.0,1000.0,5015.0,60.0,1736.0,65.0,2016-02-29 08:16:48+00:00,48.0,0.0,Java,2025-04-23T03:09:37,2686.0,TravisCI,2018-11-01 19:25:59+00:00,77.15384615384616,0.0,0.0137064534551684,1.4320388349514563,3502,757.62,37.92759650245255,low,low,TravisCI,Java,14,open_issue_ratio=low | project_age_days=low | ci_type=TravisCI | mainLanguage=Java,JTai
snowflakedb/snowflake-ingest-java,master,49536.0,49.0,835.0,17.0,77.0,59.0,2016-10-05 10:08:01+00:00,323.0,38.0,Java,2025-04-17T05:30:53,674.0,TravisCI,2018-10-19 21:57:02+00:00,14.152542372881356,0.1176470588235294,0.0983856229058787,0.254340542187024,3283,36.57,61.29289319262998,low,low,TravisCI,Java,14,open_issue_ratio=low | project_age_days=low | ci_type=TravisCI | mainLanguage=Java,JTai
bentoboxworld/challenges,develop,1972.0,23.0,804.0,5.0,13.0,15.0,2017-11-26 02:06:14+00:00,269.0,24.0,Java,2025-04-22T04:22:54,105.0,TravisCI,2019-10-30 06:44:26+00:00,53.6,0.0892193308550185,0.0938590369853454,0.2805303558967201,2866,86.12,9.538182109564891,low,low,TravisCI,Java,14,open_issue_ratio=low | project_age_days=low | ci_type=TravisCI | mainLanguage=Java,JTai
huobirdcenter/huobi_java,master,797.0,20.0,167.0,23.0,269.0,,2019-03-06 03:34:15+00:00,56.0,19.0,Java,2024-10-25T08:24:09,40.0,TravisCI,2020-10-28 02:34:43+00:00,,0.3392857142857143,0.0233236151603498,0.0695543523531861,2401,0.0,18.67845993756504,low,low,TravisCI,Java,14,open_issue_ratio=low | project_age_days=low | ci_type=TravisCI | mainLanguage=Java,JTai
bonej-org/bonej2,master,4511.0,26.0,1294.0,5.0,23.0,12.0,2016-03-29 01:11:24+00:00,133.0,32.0,Java,2025-04-08T10:47:57,218.0,TravisCI,2017-07-31 19:37:53+00:00,107.83333333333331,0.2406015037593984,0.038295421825511,0.3725885401670026,3473,148.88,47.415,low,low,TravisCI,Java,14,open_issue_ratio=low | project_age_days=low | ci_type=TravisCI | mainLanguage=Java,JTai
fiji/trainable_segmentation,master,72382.0,44.0,1346.0,23.0,109.0,23.0,2014-04-03 02:52:32+00:00,55.0,27.0,Java,2024-09-28T01:03:36,28.0,TravisCI,2017-03-01 21:35:02+00:00,58.52173913043478,0.4909090909090909,0.0130983567516075,0.3205525125029769,4199,132.44,2.7713154565119797,high,high,TravisCI,Java,2,open_issue_ratio=high | project_age_days=high | ci_type=TravisCI | mainLanguage=Java,JTAI
mapfish/mapfish-print,master,257586.0,52.0,4836.0,19.0,186.0,62.0,2011-11-08 10:24:04+00:00,424.0,188.0,Java,2025-04-04T03:40:13,3166.0,TravisCI,2014-03-21 11:38:47+00:00,78.0,0.4433962264150943,0.0835303388494877,0.9527186761229316,5076,148.85,8.347044725434069,high,high,TravisCI,Java,2,open_issue_ratio=high | project_age_days=high | ci_type=TravisCI | mainLanguage=Java,JTAI
kostyasha/github-integration-plugin,master,1667.0,43.0,584.0,106.0,99.0,,2015-05-04 08:47:38+00:00,206.0,77.0,Java,2025-01-15T12:38:59,187.0,TravisCI,2016-05-23 21:11:34+00:00,,0.3737864077669903,0.0541677622929266,0.1535629765974231,3803,0.0,35.18645933672767,high,high,TravisCI,Java,2,open_issue_ratio=high | project_age_days=high | ci_type=TravisCI | mainLanguage=Java,JTAI
liquibase/liquibase-cassandra,main,38692.0,72.0,741.0,16.0,52.0,32.0,2013-02-22 06:45:18+00:00,53.0,21.0,Java,2025-04-21T09:36:18,311.0,TravisCI,2020-04-21 16:38:59+00:00,23.15625,0.3962264150943396,0.011511728931364,0.1609470026064292,4604,205.36,0.0,high,high,TravisCI,Java,2,open_issue_ratio=high | project_age_days=high | ci_type=TravisCI | mainLanguage=Java,JTAI
gemini-hlsw/ocs,main,740097.0,27.0,7797.0,15.0,16.0,27.0,2014-09-12 02:20:23+00:00,14.0,5.0,Java,2025-04-25T10:37:34,2334.0,TravisCI,2016-01-29 17:41:31+00:00,288.77777777777777,0.3571428571428571,0.0034679217240525,1.9313846916026756,4037,324.29,4.362583940729676,high,high,TravisCI,Java,2,open_issue_ratio=high | project_age_days=high | ci_type=TravisCI | mainLanguage=Java,JTAI
goshippo/shippo-java-client,master,306.0,16.0,227.0,40.0,53.0,23.0,2015-03-23 06:43:28+00:00,14.0,6.0,Java,2024-02-26T04:38:12,63.0,TravisCI,2016-10-28 05:15:01+00:00,9.869565217391305,0.4285714285714285,0.0036410923276983,0.059037711313394,3845,385.52,29.90168799851605,high,high,TravisCI,Java,2,open_issue_ratio=high | project_age_days=high | ci_type=TravisCI | mainLanguage=Java,JTAI
anysoftkeyboard/anysoftkeyboard,main,284807.0,44.0,8094.0,101.0,2970.0,171.0,2012-04-18 12:38:01+00:00,2327.0,890.0,Java,2025-04-26T04:48:38,1659.0,TravisCI,2014-02-06 17:27:24+00:00,47.333333333333336,0.3824666953158573,0.4735449735449735,1.647130647130647,4914,262.02,2.091443613229899,high,high,TravisCI,Java,2,open_issue_ratio=high | project_age_days=high | ci_type=TravisCI | mainLanguage=Java,JTAI
playframework/play1,master,986608.0,23.0,4452.0,105.0,1580.0,272.0,2010-08-13 10:08:50+00:00,204.0,85.0,Java,2024-09-08T09:20:58,1285.0,TravisCI,2013-05-14 07:32:56+00:00,16.36764705882353,0.4166666666666667,0.036903039073806,0.8053545586107091,5528,107.7,22.89399336690824,high,high,TravisCI,Java,2,open_issue_ratio=high | project_age_days=high | ci_type=TravisCI | mainLanguage=Java,JTAI
ome/bioformats,develop,279504.0,15.0,22305.0,28.0,394.0,136.0,2011-10-04 08:06:14+00:00,513.0,191.0,Java,2025-04-26T05:45:42,3783.0,TravisCI,2012-12-20 10:03:17+00:00,164.00735294117646,0.3723196881091618,0.1003717472118959,4.364116611230679,5111,247.2,18.81715059492097,high,high,TravisCI,Java,2,open_issue_ratio=high | project_age_days=high | ci_type=TravisCI | mainLanguage=Java,JTAI
uportal-project/uportal,master,171495.0,73.0,16990.0,57.0,274.0,177.0,2011-10-20 15:34:22+00:00,118.0,80.0,Java,2025-04-20T03:19:39,2782.0,TravisCI,2013-06-28 03:43:26+00:00,95.98870056497177,0.6779661016949152,0.0231599607458292,3.334641805691855,5095,189.88,19.62106545430815,high,high,TravisCI,Java,2,open_issue_ratio=high | project_age_days=high | ci_type=TravisCI | mainLanguage=Java,JTAI
liquibase/liquibase-redshift,main,561.0,66.0,577.0,21.0,17.0,31.0,2013-11-14 04:27:54+00:00,17.0,7.0,Java,2025-04-16T03:14:19,281.0,TravisCI,2020-04-21 16:36:54+00:00,18.61290322580645,0.4117647058823529,0.0039179534454943,0.132979949297073,4339,291.16,1.1368605159597729,high,high,TravisCI,Java,2,open_issue_ratio=high | project_age_days=high | ci_type=TravisCI | mainLanguage=Java,JTAI
apache/drill,master,71276.0,31.0,4531.0,149.0,1962.0,227.0,2012-09-05 07:00:26+00:00,150.0,70.0,Java,2025-04-10T07:02:56,2833.0,TravisCI,2014-02-18 22:46:28+00:00,19.96035242290749,0.4666666666666667,0.0314201927105152,0.9490992878089652,4774,59.94,32.627320080646165,high,high,TravisCI,Java,2,open_issue_ratio=high | project_age_days=high | ci_type=TravisCI | mainLanguage=Java,JTAI
awslabs/amazon-kinesis-client,master,4700.0,120.0,613.0,78.0,648.0,107.0,2013-11-07 07:02:44+00:00,511.0,214.0,Java,2025-04-17T05:16:12,950.0,TravisCI,2016-07-20 20:14:25+00:00,5.728971962616822,0.4187866927592955,0.1175793833410032,0.141049240681086,4346,490.57,72.98255771875226,high,high,TravisCI,Java,2,open_issue_ratio=high | project_age_days=high | ci_type=TravisCI | mainLanguage=Java,JTAI
cartwrightian/cfnassist,master,257759.0,30.0,340.0,5.0,20.0,,2013-10-21 10:33:58+00:00,13.0,5.0,Java,2025-03-18T02:08:31,74.0,TravisCI,2017-06-01 20:55:47+00:00,,0.3846153846153846,0.0029796011918404,0.0779280311712124,4363,0.0,53.07312460600967,high,high,TravisCI,Java,2,open_issue_ratio=high | project_age_days=high | ci_type=TravisCI | mainLanguage=Java,JTAI
jenkinsci/lockable-resources-plugin,master,2008.0,57.0,1379.0,110.0,90.0,79.0,2013-12-11 12:23:19+00:00,260.0,108.0,Java,2025-04-21T11:04:46,511.0,GitHubActions,2021-03-18 21:51:08+00:00,17.455696202531644,0.4153846153846154,0.0602968460111317,0.3198051948051948,4312,377.59,49.706400469759245,high,high,GitHubActions,Java,0,open_issue_ratio=high | project_age_days=high | ci_type=GitHubActions | mainLanguage=Java,JGAI
wso2/carbon-kernel,master,88541.0,91.0,2614.0,293.0,149.0,82.0,2014-01-23 04:23:41+00:00,367.0,134.0,Java,2025-03-14T02:57:39,3897.0,GitHubActions,2021-06-15 10:55:31+00:00,31.87804878048781,0.3651226158038147,0.0859686109159053,0.6123213867416257,4269,130.62,47.69491187892064,high,high,GitHubActions,Java,0,open_issue_ratio=high | project_age_days=high | ci_type=GitHubActions | mainLanguage=Java,JGAI
jfrog/artifactory-client-java,master,1846.0,30.0,821.0,54.0,321.0,94.0,2012-07-25 08:37:56+00:00,167.0,110.0,Java,2024-10-11T09:43:31,233.0,GitHubActions,2021-01-06 07:32:32+00:00,8.73404255319149,0.6586826347305389,0.0346760797342192,0.1704734219269103,4816,1000.37,18.312274884226177,high,high,GitHubActions,Java,0,open_issue_ratio=high | project_age_days=high | ci_type=GitHubActions | mainLanguage=Java,JGAI
jenkinsci/idea-stapler-plugin,master,1540.0,18.0,374.0,8.0,10.0,17.0,2011-03-30 10:35:09+00:00,70.0,27.0,Java,2025-02-05T07:16:07,135.0,GitHubActions,2020-10-21 05:42:03+00:00,22.0,0.3857142857142857,0.0132100396301188,0.0705793545952066,5299,306.08,1.4263300527742118,high,high,GitHubActions,Java,0,open_issue_ratio=high | project_age_days=high | ci_type=GitHubActions | mainLanguage=Java,JGAI
secuso/privacy-friendly-sudoku,master,3228.0,19.0,576.0,14.0,165.0,27.0,2015-11-06 01:14:43+00:00,102.0,48.0,Java,2025-04-19T05:17:44,44.0,GitHubActions,2020-11-05 09:19:59+00:00,21.33333333333333,0.4705882352941176,0.0282001658833287,0.1592479955764445,3617,258.83,2.199524113516337,high,high,GitHubActions,Java,0,open_issue_ratio=high | project_age_days=high | ci_type=GitHubActions | mainLanguage=Java,JGAI
jfrog/build-info,master,109178.0,30.0,3004.0,49.0,148.0,112.0,2011-02-20 11:33:55+00:00,257.0,164.0,Java,2025-02-26T07:48:35,560.0,GitHubActions,2020-10-05 15:02:44+00:00,26.821428571428573,0.6381322957198443,0.0481543938542252,0.5628630316657298,5337,872.66,25.58247686369344,high,high,GitHubActions,Java,0,open_issue_ratio=high | project_age_days=high | ci_type=GitHubActions | mainLanguage=Java,JGAI
opendcs/opendcs,main,164972.0,36.0,2969.0,11.0,37.0,30.0,2014-05-27 05:16:15+00:00,432.0,234.0,Java,2025-04-25T04:53:04,548.0,GitHubActions,2021-11-16 23:21:12+00:00,98.96666666666668,0.5416666666666666,0.1042219541616405,0.7162846803377564,4145,156.46,3.725517860578465,high,high,GitHubActions,Java,0,open_issue_ratio=high | project_age_days=high | ci_type=GitHubActions | mainLanguage=Java,JGAI
computerlyrik/dymoprint,master,2581.0,13.0,285.0,10.0,150.0,22.0,2014-06-17 03:16:04+00:00,43.0,18.0,Python,2024-09-02T03:48:20,82.0,TravisCI,2018-09-16 13:03:52+00:00,12.954545454545457,0.4186046511627907,0.0104267701260911,0.0691076624636275,4124,184.17,0.0,high,high,TravisCI,Python,3,open_issue_ratio=high | project_age_days=high | ci_type=TravisCI | mainLanguage=Python,PTAI
bastibe/python-soundfile,master,5591.0,17.0,604.0,18.0,732.0,38.0,2013-08-27 01:36:52+00:00,255.0,115.0,Python,2025-01-25T09:07:20,203.0,TravisCI,2015-09-27 16:06:03+00:00,15.894736842105264,0.4509803921568627,0.0577184246265278,0.1367134449977365,4418,94.25,54.28342674139312,high,high,TravisCI,Python,3,open_issue_ratio=high | project_age_days=high | ci_type=TravisCI | mainLanguage=Python,PTAI
3b1b/manim,master,76438.0,13.0,6328.0,925.0,77091.0,193.0,2015-03-22 18:50:58+00:00,1198.0,457.0,Python,2025-03-20T07:00:35,863.0,TravisCI,2018-09-24 07:31:30+00:00,32.78756476683938,0.3814691151919866,0.3114924596983879,1.6453458138325534,3846,37.35,0.0,high,high,TravisCI,Python,3,open_issue_ratio=high | project_age_days=high | ci_type=TravisCI | mainLanguage=Python,PTAI
bluesky/event-model,main,85212.0,29.0,1018.0,12.0,19.0,53.0,2015-12-17 04:48:02+00:00,104.0,44.0,Python,2025-04-15T01:24:08,249.0,TravisCI,2018-10-12 18:52:32+00:00,19.20754716981132,0.4230769230769231,0.029082774049217,0.284675615212528,3576,51.05,25.336374002280504,high,high,TravisCI,Python,3,open_issue_ratio=high | project_age_days=high | ci_type=TravisCI | mainLanguage=Python,PTAI
mozilla/pontoon,main,47378.0,29.0,6208.0,44.0,1543.0,129.0,2011-02-19 11:25:51+00:00,916.0,339.0,Python,2025-04-25T04:34:23,2688.0,TravisCI,2015-08-25 21:41:28+00:00,48.12403100775194,0.3700873362445415,0.1715998501311352,1.162982390408393,5338,372.72,13.357583894713011,high,high,TravisCI,Python,3,open_issue_ratio=high | project_age_days=high | ci_type=TravisCI | mainLanguage=Python,PTAI
regro/regolith,main,13340.0,20.0,3634.0,4.0,16.0,45.0,2015-08-19 07:58:10+00:00,434.0,255.0,Python,2025-04-19T01:04:40,811.0,TravisCI,2017-09-20 16:22:33+00:00,80.75555555555556,0.5875576036866359,0.1174242424242424,0.9832251082251082,3696,84.98,19.261831478704657,high,high,TravisCI,Python,3,open_issue_ratio=high | project_age_days=high | ci_type=TravisCI | mainLanguage=Python,PTAI
saltstack/pepper,develop,376.0,13.0,408.0,30.0,248.0,44.0,2013-03-01 08:21:48+00:00,108.0,41.0,Python,2025-03-18T07:20:16,137.0,TravisCI,2018-06-13 18:59:39+00:00,9.272727272727272,0.3796296296296296,0.0234935827713726,0.0887535349140744,4597,258.2,45.92779177162048,high,high,TravisCI,Python,3,open_issue_ratio=high | project_age_days=high | ci_type=TravisCI | mainLanguage=Python,PTAI
hfaran/slack-export-viewer,master,947.0,59.0,243.0,27.0,987.0,47.0,2016-02-26 09:55:43+00:00,124.0,48.0,Python,2025-02-01T10:40:03,95.0,TravisCI,2018-03-18 08:20:34+00:00,5.170212765957447,0.3870967741935484,0.0353780313837375,0.0693295292439372,3505,120.36,1.1203117389186557,high,low,TravisCI,Python,7,open_issue_ratio=high | project_age_days=low | ci_type=TravisCI | mainLanguage=Python,PTaI
tgbugs/pyontutils,master,23381.0,75.0,3499.0,7.0,21.0,,2016-02-12 01:55:32+00:00,78.0,40.0,Python,2025-04-27T12:37:32,25.0,TravisCI,2018-03-27 02:42:02+00:00,,0.5128205128205128,0.0221653878942881,0.9943165672065928,3519,0.0,12.059478342715442,high,low,TravisCI,Python,7,open_issue_ratio=high | project_age_days=low | ci_type=TravisCI | mainLanguage=Python,PTaI
mitogen-hq/mitogen,master,14256.0,21.0,3757.0,40.0,2381.0,45.0,2016-08-14 02:24:16+00:00,582.0,306.0,Python,2025-02-26T04:41:19,385.0,TravisCI,2017-10-02 09:08:39+00:00,83.4888888888889,0.5257731958762887,0.1745127436281859,1.126536731634183,3335,70.02,26.125975706474097,high,low,TravisCI,Python,7,open_issue_ratio=high | project_age_days=low | ci_type=TravisCI | mainLanguage=Python,PTaI
tencent/qt4a,master,15051.0,60.0,277.0,35.0,329.0,6.0,2016-09-22 02:41:20+00:00,47.0,29.0,Python,2024-09-19T07:44:14,91.0,TravisCI,2018-11-06 09:10:36+00:00,46.16666666666666,0.6170212765957447,0.014259708737864,0.0840412621359223,3296,36.73,18.138902224355892,high,low,TravisCI,Python,7,open_issue_ratio=high | project_age_days=low | ci_type=TravisCI | mainLanguage=Python,PTaI
google/flogger,master,1208.0,13.0,332.0,52.0,1458.0,51.0,2018-04-12 04:52:52+00:00,110.0,48.0,Java,2025-04-15T05:12:19,298.0,TravisCI,2019-10-28 17:20:34+00:00,6.509803921568627,0.4363636363636363,0.0403078050567973,0.1216562843532429,2729,88.19,65.13196290772323,high,low,TravisCI,Java,6,open_issue_ratio=high | project_age_days=low | ci_type=TravisCI | mainLanguage=Java,JTaI
renyuneyun/easer,master,7971.0,20.0,1477.0,31.0,843.0,123.0,2016-03-06 11:34:36+00:00,408.0,231.0,Java,2025-04-09T11:01:42,68.0,TravisCI,2017-10-27 11:51:58+00:00,12.008130081300813,0.5661764705882353,0.1167048054919908,0.4224828375286041,3496,87.94,5.267997394735834,high,low,TravisCI,Java,6,open_issue_ratio=high | project_age_days=low | ci_type=TravisCI | mainLanguage=Java,JTaI
aws/aws-xray-sdk-java,master,1418.0,31.0,320.0,22.0,95.0,64.0,2017-03-06 06:04:56+00:00,177.0,74.0,Java,2025-04-03T09:48:54,242.0,TravisCI,2018-05-07 19:26:27+00:00,5.0,0.4180790960451977,0.0565314595975726,0.1022037687639731,3131,102.82,29.9786000062029,high,low,TravisCI,Java,6,open_issue_ratio=high | project_age_days=low | ci_type=TravisCI | mainLanguage=Java,JTaI
xx-net/xx-net,master,60574.0,388.0,2587.0,1633.0,33208.0,97.0,2015-01-15 09:35:51+00:00,13323.0,7907.0,Python,2025-04-08T10:17:05,486.0,GitHubActions,2020-05-25 08:30:09+00:00,26.670103092783503,0.5934849508368986,3.4056748466257667,0.6612985685071575,3912,106.01,8.269129577708142,high,high,GitHubActions,Python,1,open_issue_ratio=high | project_age_days=high | ci_type=GitHubActions | mainLanguage=Python,PGAI
hfaran/piazza-api,develop,153.0,20.0,180.0,12.0,186.0,26.0,2013-12-12 08:20:26+00:00,24.0,12.0,Python,2024-10-22T01:52:03,49.0,GitHubActions,2023-10-22 01:05:19+00:00,6.923076923076923,0.5,0.0055671537926235,0.0417536534446764,4311,51.35,0.0,high,high,GitHubActions,Python,1,open_issue_ratio=high | project_age_days=high | ci_type=GitHubActions | mainLanguage=Python,PGAI
